:100000000C94D00D0C94614A0C94364A0C940B4A13
:100010000C94E0490C94B5490C948A490C945F49BE
:100020000C9434490C94BF480C9450480C94DA4713
:100030000C94010E0C94010E0C94010E0C94010E04
:100040000C94010E0C94010E0C94010E0C94010EF4
:100050000C94010E0C94010E0C94010E0C9430477C
:100060000C94010E0C94A4470C947A470C94010E46
:100070000C94010E0C94010E0C94010E0C94010EC4
:100080000C94010E0C94010E0C94010E0C94010EB4
:100090000C94010E0C94010E0C94010E0C94010EA4
:1000A0000C94010E0C94010E0C94010E0C94010E94
:1000B0000C94010E0C94010E0C94010E0C94010E84
:1000C0000C94010E0C94010E0C94010E0C94010E74
:1000D0000C94010E0C94010E0C94010E0C94010E64
:1000E0000C94010E0C94A1250C94DE190C940711AC
:1000F0000C94CE0E0C94723E0C94882C0C944D28CB
:100100000C94543E0C948C4A0C94CF460C94B30E31
:100110000C94CA0E0C94AB0E0C94A4110C94E00E2B
:100120000C9433240C94941E0C94673E0C94C12FB1
:100130000C94C00E0C941D1A0C945A3E0C94F3109F
:100140000C94A50E0C94C9460C94C6460C947623C8
:100150000C945C3E0C94C42F0C94AF0E0C94BA0E0D
:100160000C94C72F0C940C2B0C94C3460C94D80EF3
:100170000C94BE2F0C9409300C94BB2F0C941511C9
:100180000C94B82F0C94B52F0C94D20E0C942947D4
:100190000C94E50E0C94A4460C94CC460C94583E5A
:1001A0000C94FD1D0C94523E0C94E40F0C94021A16
:1001B0000C94FB250C94AE5D0C94DC0E0C94D6468E
:1001C0000C94EA0E0C94C40E0C94E60E0C94E410FD
:1001D0000C944D110C94563E0C94B70E0C94473E63
:1001E0004E414E494E495459494E46CDCCCC3D0A1C
:1001F000D7233C17B7D13877CC2B329595E6241FFF
:10020000B14F0A000020410000C84200401C4620B7
:10021000BCBE4CCA1B0E5AAEC59D744E756C6C208C
:100220004F757470757400446562756700332D43B3
:100230006F726E6572656420486174005065726902
:100240006F640054696D6520496E74657276616CE7
:10025000206368302D3E6368310042696E617279B7
:100260002054696D657374616D70005061697265C9
:10027000642054696D657374616D700054696D65B7
:100280007374616D70004655444745302063683093
:100290002F6368312070732028652E672E2C203440
:1002A000302F3430206F72203165362F3265362979
:1002B0003A200046697865642054696D6532206390
:1002C00068302F6368312070732028652E672E2CCC
:1002D0002034302F3430206F72203165362F326554
:1002E00036293A200054696D652044696C6174694F
:1002F0006F6E206368302F6368312070732028652B
:100300002E672E2C2034302F3430206F7220316530
:10031000362F326536293A200050726F706167615E
:1003200074696F6E2044656C6179206368302F6357
:1003300068312070732028652E672E2C2034302FD2
:100340003430206F72203165362F326536293A20DD
:1003500000436F61727365205469636B2070732072
:1003600028652E672E2C2031653820666F7220316B
:100370003030207573293A2000436C6F636B20483E
:100380007A2028652E672E2C2031653720666F7203
:10039000203130204D487A293A2000456E7465722C
:1003A000204564676573206368302F6368312028B7
:1003B00052206F722046293A2000456E74657220E3
:1003C000506F6C6C204368617261637465722028A1
:1003D0002D20746F20636C656172293A2000456E90
:1003E000746572204E616D6573206368302F636899
:1003F000312028616E792074776F20636861727391
:10040000293A2000456E7465722050206F72205387
:100410003A20004F757470757420446563696D618E
:100420006C20506C616365732028302E2E31322988
:100430003A200057726170204469676974732028FC
:10044000302E2E3130293A20000001040505030327
:10045000040506040506070100010003020100006F
:10046000010203040506070706050403020100074D
:100470000201000706050403020100030201000057
:100480000102030405060700010203040506070232
:100490000304050606074F4B202D2D204368616E8F
:1004A0006E656C204E616D65732025632F2563207A
:1004B00028256329202D3E2025632F25632028250C
:1004C0006329004F4B202D2D2053746172742045F9
:1004D0006467652025632563202D3E202563256301
:1004E000005741524E494E473A2046616C6C696E46
:1004F0006720656467652074726967676572206943
:100500007320756E72656C6961626C653B207573F2
:100510006520617420796F7572206F776E20726923
:10052000736B21004F4B202D2D20436F617273653B
:10053000205469636B202573202D3E202573004FC6
:100540004B202D2D20436C6F636B202573202D3E97
:10055000202573004F4B202D2D2053796E63204DA5
:100560006F6465202563202D3E202563004F4B20BE
:100570002D2D20446563696D616C20506C6163654D
:1005800073202564202D3E202564004F4B202D2D07
:100590002057726170204469676974732025642054
:1005A0002D3E20256400496E76616C6964003B2015
:1005B0006E6F7720004F4B202D2D204261756420F7
:1005C000726174652077617320004368616E6765AE
:1005D00073206B6570742E004368616E67657320CD
:1005E0006469736361726465642E0032202D204457
:1005F000697363617264206368616E67657300315B
:10060000202D204B656570206368616E67657300FF
:100610004F4B202D2D204D6F646520736574207421
:100620006F2000436F6E66696775726174696F6EE3
:10063000206368616E6765732072657175697265A4
:1006400020726573746172742E20526573746172C6
:1006500074696E672E2E2E00284368616E6765737D
:10066000206172652074656D706F72617279202DE2
:100670002077696C6C20726576657274206F6E20CD
:10068000726573746172742900526573756D696E59
:1006900067206F7065726174696F6E207769746826
:1006A000206E65772073657474696E67732E0041E0
:1006B00070706C79696E6720636F6E6669677572BA
:1006C0006174696F6E206368616E6765732E2E2E8C
:1006D000004655444745302070733A2000666978DB
:1006E000656454696D65322070733A200054696DF9
:1006F000652044696C6174696F6E2070733A2000E4
:1007000054696D656F75743A203078253032780001
:1007100050726F7061676174696F6E2044656C61BF
:10072000792070733A200043616C20506572696FC4
:1007300064733A20256400436F61727365207469A5
:10074000636B3A20256C642E2530366C64207573FB
:10075000656300436C6F636B2053706565643A207A
:10076000256C642E2530366C64204D487A00506F1D
:100770006C6C204368617261637465723A206E6FBD
:100780006E6500506F6C6C204368617261637465C4
:10079000723A20004368616E6E656C204E616D6533
:1007A000733A2025632F256320282563290053658C
:1007B0007269616C204261756420526174653A20EF
:1007C000256C750053796E634D6F64653A2025631F
:1007D000004F757470757420446563696D616C2099
:1007E000506C616365733A20256400256420287786
:1007F00072617073206174203165256420736563B4
:100800006F6E6473290025642028777261707320ED
:10081000617420256C75207365636F6E64732900A5
:10082000256420286E6F2077726170290054696DED
:10083000657374616D7020577261703A20004E7557
:100840006C6C204F75747075740044656275670038
:10085000332D436F726E6572656420486174005475
:10086000696D6520496E74657276616C20636830CD
:100870002D3E63683100506572696F640042696E95
:100880006172792054696D657374616D7000506197
:10089000697265645F54696D657374616D7000544D
:1008A000696D657374616D70004D65617375726516
:1008B0006D656E74204D6F64653A2000426F617201
:1008C000642053657269616C204E756D6265723A81
:1008D0002000454550524F4D2056657273696F6E2A
:1008E0003A2025642C20426F617264205665727331
:1008F000696F6E3A20256300536F66747761726585
:100900002056657273696F6E3A20004F4B202D2D73
:1009100020257320256C642F256C64202D3E202516
:100920006C642F256C6420707300202D2077726119
:1009300070732061742031652564207365636F6E68
:10094000647300202D2077726170732061742025FC
:100950006C75207365636F6E647300010000000A9C
:1009600000000064000000E803000010270000A061
:1009700086010040420F008096980000E1F50500D6
:10098000CA9A3B202D206E6F207772617000332051
:100990002D20526573657420616C6C20746F206427
:1009A000656661756C747320616E64207265737422
:1009B0006172740032202D204170706C7920636860
:1009C000616E67657320616E6420726573756D6515
:1009D000206F7065726174696F6E0031202D204444
:1009E000697363617264206368616E676573206117
:1009F0006E6420657869740057202D2057726974E1
:100A000065206368616E67657320746F204545508B
:100A1000524F4D2028706572736973742061637240
:100A20006F7373207265737461727473290056203A
:100A30002D2053686F77206669726D77617265202B
:100A400076657273696F6E0053202D2053686F773F
:100A5000207374617274757020696E666F004D202A
:100A60002D2053686F772074686973206D656E75EB
:100A700020616761696E0048202D205365726961AD
:100A80006C20426175642052617465202863757220
:100A900072656E746C793A200047202D204164768F
:100AA000616E6365642073657474696E6773006E4C
:100AB0006F6E65290046202D20506F6C6C204368B6
:100AC00061726163746572202863757272656E74F9
:100AD0006C793A200045202D204368616E6E656C6C
:100AE000204E616D6573202863757272656E746C3B
:100AF000793A200044202D205072696D6172792F5F
:100B00005365636F6E6461727920286375727265D4
:100B10006E746C793A200043202D204F75747075E7
:100B20007420446563696D616C20506C616365730A
:100B3000202863757272656E746C793A20004220C9
:100B40002D2054696D657374616D702057726170EA
:100B500020646967697473202863757272656E74A6
:100B60006C793A200041202D204D6F646520286368
:100B7000757272656E746C793A20003D3D2054495F
:100B8000434320436F6E66696775726174696F6E67
:100B9000203D3D00556E6B6E6F776E00437572722F
:100BA000656E74206D6F64653A20004138202D20F9
:100BB0004E756C6C204F7574707574004137202D24
:100BC000204465627567004136202D20332D436F28
:100BD000726E6572656420486174004135202D2075
:100BE000506572696F64004134202D2054696D6531
:100BF00020496E74657276616C206368302D3E63A7
:100C00006831004133202D2042696E617279205491
:100C1000696D657374616D70004132202D205061E3
:100C2000697265642054696D657374616D7000410B
:100C300031202D2054696D657374616D70002D2D08
:100C4000204D6F6465202D2D004836202D20323335
:100C50003034303020627073004835202D2031311F
:100C60003532303020627073202864656661756C9F
:100C70007429004834202D203537363030206270FA
:100C800073004833202D20333834303020627073A5
:100C9000004832202D20313932303020627073000C
:100CA0004831202D203936303020627073002D2DD0
:100CB0002053657269616C204261756420526174D1
:100CC000652053657474696E6773202D2D00473657
:100CD000202D2046554447453020707320636830EE
:100CE0002F636831202863757272656E746C793A6F
:100CF00020004735202D20666978656454696D654C
:100D000032207073206368302F6368312028637548
:100D10007272656E746C793A20004734202D20542D
:100D2000696D652044696C6174696F6E2063683019
:100D30002F636831202863757272656E746C793A1E
:100D400020004733202D2050726F706167617469F5
:100D50006F6E2044656C6179207073206368302F5A
:100D6000636831202863757272656E746C793A20FD
:100D7000004732202D20436F6172736520546963F0
:100D80006B207573202863757272656E746C793A86
:100D900020004731202D20436C6F636B205370651A
:100DA0006564204D487A202863757272656E746C94
:100DB000793A20002D2D20416476616E63656420B0
:100DC00053657474696E6773202D2D003105000022
:100DD0000000000000000000000000000000000013
:100DE0000000000000000000008808000037040236
:100DF00000000000000000000032050000000000BC
:100E000000000000000000000000000000000000E2
:100E10000000000000008808000037040200010004
:100E2000000000000000330500000000000000008A
:100E300000000000000000000000000000000000B2
:100E400000000088080000370402000200000000D3
:100E50000000003405000000000000000000000059
:100E60000000000000000000000000000000000082
:100E700088080000370402000300000000000000A2
:100E80003505000000000000000000000000000028
:100E900000000000000000000000000000880800C2
:100EA00000370402000400000000000000360500C6
:100EB0000000000000000000000000000000000032
:100EC0000000000000000000000088080000370457
:100ED00002000500000000000000370500000000CF
:100EE0000000000000000000000000000000000002
:100EF000000000000000008808000037040200061F
:100F000000000000000000380500000000000000A4
:100F100000000000000000000000000000000000D1
:100F200000000000880800003704020007000000ED
:100F3000000000003105000000000000000000007B
:100F400000000000000000000000000000000000A1
:100F500000A3080000F50302008025000000000047
:100F6000003205000000000000000000000000004A
:100F70000000000000000000000000000000A308C6
:100F80000000F5030200004B0000000000003305E4
:100F90000000000000000000000000000000000051
:100FA0000000000000000000000000A3080000F5A1
:100FB000030200009600000000000034050000005D
:100FC0000000000000000000000000000000000021
:100FD0000000000000000000A3080000F50302006C
:100FE00000E10000000000003505000000000000E6
:100FF00000000000000000000000000000000000F1
:101000000000000000A3080000F503020000C20178
:101010000000000000360500000000000000000095
:1010200000000000000000000000000000000000C0
:101030000000A3080000F503020000840300000084
:101040000000310200790340420F00000000000060
:1010500024F4000000000000000000000000008AEE
:10106000080000FF03020000000000000000003242
:101070000200510300E1F5050000000000E8764899
:1010800017000000000000000000000092080000AF
:101090000B040200000000000000000033030019F0
:1010A0000300000000000000000010A5D4E80000CC
:1010B000000000000000000000AC08000012030166
:1010C000000000000000000000340300E502000002
:1010D0000000000000000010A5D4E800000000009F
:1010E000000000000000BC0800001C03010000001C
:1010F000000000000000350300B302000000000003
:101100000000000010A5D4E800000000000000006E
:10111000000000CC0800002A0301000000000000CD
:1011200000000036030086020000000000000000FE
:101130000010A5D4E800000000000000000000003E
:10114000DC08000035030100000000000000000082
:10115000420000330400000000000000000A00000C
:10116000000000000000000000000000009E0800D9
:101170000017040000000000000000000043000011
:10118000130400000000000000000C00000000003C
:1011900000000000000000000000A0080000230480
:1011A00000000000000000000000440100040400F2
:1011B00000000000000000000000000000000050DF
:1011C00053000000000000A20800003204000000EC
:1011D00000000000000000450400DE0300000000E5
:1011E00000000000000000000000000000000000FF
:1011F00000000000A90800003C04000000000000FE
:1012000000000000460100BA0300000000000000DA
:1012100000000000000000000000000000000000CE
:1012200000890800004A04000000000000000000DF
:10123000005404009B0300000000000000000000B8
:101240000000000000005246000000000000A70857
:101250000000590400000000000000000000544994
:10126000434320436F6E66696775726174696F6E80
:101270003A2000232323232323232323232323234D
:10128000232323232323232300436F707972696769
:10129000687420323031362D32303235204E385598
:1012A000522C204B395452562C204E48365A2C2062
:1012B00057413859575100544150522054494343E3
:1012C0002054696D657374616D70696E6720436F3A
:1012D000756E74657200284368616E676573207768
:1012E000696C6C2074616B6520656666656374204B
:1012F000616674657220726573746172742900434B
:101300006F6E74696E75696E6720776974682063A3
:10131000757272656E742073657474696E67732E6E
:101320000032202D204E6F2C20636F6E74696E7515
:101330006520776974682063757272656E742073B6
:10134000657474696E67730031202D205965732CA4
:101350002072657374617274206E6F7700526573CA
:1013600074617274206E6F7720746F206170706C7E
:1013700079206368616E6765733F004368616E67DB
:101380006573207772697474656E20746F204545AB
:1013900050524F4D202877696C6C207065727369CC
:1013A0007374206163726F737320726573746172FA
:1013B00074732900454550524F4D20636C6561722E
:1013C00065642E2052657374617274696E672E2E87
:1013D0002E0053657269616C206E756D62657220B6
:1013E00077696C6C20626520726567656E657261F5
:1013F0007465642E0053657269616C206E756D6250
:1014000065722077696C6C20626520707265736507
:10141000727665642E00436C656172696E67206543
:101420006E7469726520454550524F4D2E2E2E0028
:101430004B65657020746869732073657269616CAF
:10144000206E756D6265723F2028592F4E293A2013
:101450000043757272656E742073657269616C20E9
:101460006E756D6265723A2000454550524F4D20B1
:10147000636C6561722063616E63656C6C65642E7C
:10148000005479706520275945532720746F2063D5
:101490006F6E6669726D3A20005741524E494E4751
:1014A0003A20546869732077696C6C20636F6D70A3
:1014B0006C6574656C79206572617365207468650C
:1014C00020656E7469726520454550524F4D206904
:1014D0006E636C7564696E672073657269616C20F8
:1014E0006E756D626572210044656661756C74731A
:1014F000207772697474656E2E2052657374617200
:1015000074696E672E2E2E004170706C79696E675B
:10151000206368616E67657320616E642072657315
:10152000756D696E67206F7065726174696F6E2E7C
:101530002E2E004469736361726465642063686180
:101540006E6765732E0041010001723E4D28420214
:101550000000473E0000430200005A3E00004402E3
:101560000000563E000045020000543E00004602C6
:101570000000523E0000470100015C3EFB2548018F
:101580000001673E941E4D0000000C2B000053022A
:1015900000000930000056020000FD1D0000570247
:1015A0000000A1250000580200007623000054022C
:1015B0000000583E000031030000332400003203D5
:1015C0000000332400003303000033240000340300
:1015D000000033240000556E6B6E6F776E20636FD2
:1015E0006D6D616E64003030303130323033303404
:1015F00030353036303730383039313031313132C2
:1016000031333134313531363137313831393230A7
:101610003231323232333234323532363237323896
:101620003239333033313332333333343335333685
:10163000333733383339343034313432343334346B
:101640003435343634373438343935303531353251
:101650003533353435353536353735383539363037
:101660003631363236333634363536363637363826
:101670003639373037313732373337343735373615
:1016800037373738373938303831383238333834FB
:1016900038353836383738383839393039313932E1
:1016A0003933393439353936393739383939010030
:1016B00000000A00000064000000E803000010279A
:1016C0000000A086010040420F008096980000E1D3
:1016D000F50500CA9A3B53657269616C204E756DC1
:1016E0006265723A20004E6F2073657269616C20EA
:1016F0006E756D62657220666F756E642E2E2E207B
:101700006D616B696E67206F6E65006E756C6C2025
:101710006F7574707574206D6F6465202D206E6F09
:1017200020646174610068656164657220283078A6
:1017300035352C30784141292C206368616E6E6507
:101740006C2028312062797465292C20504943731C
:10175000746F70202834206279746573292C20748A
:101760006F66202834206279746573292C204352D7
:10177000432028312062797465290042696E6172C4
:10178000792054696D657374616D70206D6F646547
:10179000202D2031322062797465206672616D657A
:1017A000733A0074696D65312074696D6532206328
:1017B0006C6F636B312063616C312063616C32202C
:1017C00050494373746F7020746F662074696D653F
:1017D0007374616D700074696D657374616D7020F0
:1017E0006368302C206368313B20696E74657276C3
:1017F000616C206368302D3E636831202873656317
:101800006F6E647320776974682000706572696F09
:101810006420287365636F6E647320776974682031
:101820000074696D6520696E74657276616C206301
:1018300068302D3E63683120287365636F6E647372
:10184000207769746820007061697265642063683C
:10185000616E6E656C2D6F726465722074696D6562
:101860007374616D7020287365636F6E6473207785
:10187000697468200020646563696D616C20706C18
:1018800061636573290074696D657374616D70209F
:10189000287365636F6E64732077697468200054E1
:1018A00079706520616E7920636861726163746527
:1018B0007220666F7220636F6E666967206D656E59
:1018C00075005449434320436F6E666967757261C2
:1018D00074696F6E3A2000232323232323232323B9
:1018E00023232323232323232323232300436F7032
:1018F00079726967687420323031362D3230323572
:10190000204E3855522C204B395452562C204E48DC
:10191000365A2C20574138595751005441505220C3
:10192000544943432054696D657374616D70696EE9
:101930006720436F756E746572004E6F20636F6E23
:1019400066696720666F756E642E20205772697411
:10195000696E672064656661756C742E2E2E005268
:10196000657374617274696E67206D6561737572F9
:10197000656D656E74732E2E2E00466C75736869E6
:101980006E672070656E64696E67206D6561737542
:1019900072656D656E7473206265666F7265206333
:1019A0006F6E6669672E2E2E0053746F7070696EAD
:1019B00067206D6561737572656D656E7473206601
:1019C0006F7220636F6E6669672E2E2E00526573EC
:1019D00074617274207265717565737465642C200E
:1019E0007265696E697469616C697A696E67207382
:1019F000797374656D2E2E2E0000002100240027BF
:101A0000002A002D0030003300010100000401070E
:101A1000010A0100002200250028002B002E0031C1
:101A200000340002010000050108010B0100002044
:101A3000002300260029002C002F003200000100A6
:101A40000003010601090105050505070508080849
:101A500008020202020A0A0808040404040101013F
:101A60000101010101030303030303030304070747
:101A7000070C0C0C0C0C0C0C0C02020202060606E5
:101A800006060606060B0B0B0B0B0B0B0B010210CD
:101A90002020080810204010204080020102010888
:101AA0000402010102040810204080804020100838
:101AB0000402018004020180402010080402010891
:101AC00004020101020408102040800102040810F1
:101AD00020408000000A0B02090C0D0E08070304C9
:101AE00001000000000000000000000000000000F5
:101AF00000000000000000000000000000000012D4
:101B000011100000000000000000000000000000B4
:101B10000000000000000000004368616E6765730C
:101B2000206469736361726465642E0032202D2025
:101B300044697363617264206368616E67657300F2
:101B400031202D204B656570206368616E67657379
:101B5000004368616E676573206B6570742E005377
:101B600061766520746F20454550524F4D2077694E
:101B700074682027572720616E6420726573746132
:101B8000727420666F72206368616E676520746F7F
:101B90002074616B65206566666563742E008C4AEF
:101BA00011241FBECFEFD1E2DEBFCDBF00E00CBFDE
:101BB00014E0A0E0B2E0E0E5FFEB00E00BBF02C004
:101BC00007900D92A436B107D9F728E0A4E6B4E057
:101BD00001C01D92AE3EB207E1F71DE0C0EDDDE0B1
:101BE00000E006C021970109802FFE010E94065DDA
:101BF000CF3CD10780E00807A9F70E94384B0C942E
:101C0000A65F0C94000020911806222361F02FB7E4
:101C1000F89430911806313049F43DB330931706EB
:101C20003DB33DBB2FBF8CBD9DBD089520931706CE
:101C3000FACFCF92DF92EF92FF926B017C01E0919D
:101C40002906F0912A0682E08083C11481EED8062D
:101C5000E104F104A1F060E079E08DE390E0A701F8
:101C600096010E94745C2150310941095109569531
:101C7000479537952795211580E13807A8F0E09121
:101C80002906F0912A06108260E874E88EE190E05F
:101C9000A70196010E94745C215031094109510944
:101CA0005695479537952795E0912506F09126069C
:101CB0003083E0912706F0912806208310923106A8
:101CC000E0912D06F0912E0686E08083E0912B06B0
:101CD000F0912C06808180618083E0912B06F09149
:101CE0002C06808188608083E0912B06F0912C0681
:101CF000808180688083E0912B06F0912C068081A2
:101D00008F7D8083FF90EF90DF90CF90089581507A
:101D1000823108F05AC0E82FF0E08827ED56F14FE5
:101D20008F4F0C94065DB30EB70EA50EAB0EAF0E23
:101D3000E50EBA0EC00EC40ECA0ECE0ED20ED80ECE
:101D4000DC0EE50EE00EE60EEA0E809180008F7745
:101D5000809380000895809180008F7DF9CF8091DD
:101D60008000877FF5CF84B58F7784BD089584B5D3
:101D70008F7DFBCF8091B0008F778093B000089566
:101D80008091B0008F7DF9CF809190008F77809304
:101D900090000895809190008F7DF9CF8091900000
:101DA000877FF5CF8091A0008F778093A000089562
:101DB0008091A0008F7DF9CF8091A000877FF5CF23
:101DC000809120018F7780932001089580912001D8
:101DD0008F7DF9CF80912001877FF5CFCF93DF935F
:101DE000282F30E0F901ED52F54E8491F901E357C7
:101DF000F54ED491F901E95BF54EC491CC23A1F0E5
:101E000081110E94870EEC2FF0E0EE0FFF1FE35DC3
:101E1000F54EA591B491EC91ED2381E090E009F4A9
:101E200080E0DF91CF91089580E090E0FACF1F939A
:101E3000CF93DF93282F30E0F901ED52F54E8491D6
:101E4000F901E357F54ED491F901E95BF54EC491E0
:101E5000CC23A9F0162F81110E94870EEC2FF0E001
:101E6000EE0FFF1FED5EF54EA591B4918FB7F8947C
:101E7000EC91111108C0D095DE23DC938FBFDF9168
:101E8000CF911F910895DE2BF8CFCF93DF9390E091
:101E9000FC01E357F54E2491895B954EFC0184913A
:101EA0008823D1F090E0880F991FFC01E750F64E8F
:101EB000A591B491FC01ED5EF54EC591D4916111EF
:101EC0000EC09FB7F8948C91E22FE0958E238C93EF
:101ED0002881E223E8839FBFDF91CF9108958FB7D8
:101EE000F894EC91E22BEC938FBFF6CF90917B00AE
:101EF000977F90937B008653806480937C008091D1
:101F00007A00806480937A0080917A0086FDFCCF0D
:101F1000809178009091790008953FB7F89480916E
:101F2000730590917405A0917505B091760526B55D
:101F3000A89B05C02F3F19F00196A11DB11D3FBF01
:101F4000BA2FA92F982F8827BC01CD01620F711DD0
:101F5000811D911D42E0660F771F881F991F4A95CA
:101F6000D1F708958F929F92AF92BF92CF92DF9256
:101F7000EF92FF924B015C010E948D0F6B017C017F
:101F80000E948D0F6C197D098E099F09683E734070
:101F900081059105A8F321E0821A9108A108B108F2
:101FA00088EEC80E83E0D81EE11CF11C8114910458
:101FB000A104B10429F7FF90EF90DF90CF90BF907C
:101FC000AF909F908F900895AF92BF92CF92DF9283
:101FD000EF92FF920F931F93CF93DF936C017B01DE
:101FE0008B01040F151FEB015E01AE18BF08C0176F
:101FF000D10759F06991D601ED91FC910190F081E2
:10200000E02DC6011995892B79F7C501DF91CF9194
:102010001F910F91FF90EF90DF90CF90BF90AF9006
:1020200008952F923F924F925F926F927F928F927C
:102030009F92AF92BF92CF92DF92EF92FF920F9357
:102040001F93CF93DF93CDB7DEB7C654D1090FB638
:10205000F894DEBF0FBECDBF922E832E742E652E58
:10206000562E472E382E292EA0E00E94D45E0CF06A
:1020700078C08DE289A3832D0E94305E922E832E3C
:10208000742E652E562E472E382E292ECE0182967E
:1020900027969FAF8EAF2797CE01019625969FAFCB
:1020A0008EAF25972596AEADBFAD25971196239699
:1020B000BFAFAEAF23978AE0A82EB12CC12CD12C94
:1020C000E12CF12C00E010E0292D382D472D562D64
:1020D000652D742D832D922D0E94A05D205D259687
:1020E000EEADFFAD25972083292D382D472D562D98
:1020F000652D742D832D922D0E94A25D922E832E2C
:10210000742E652E562E472E382E292E23968EADF0
:102110009FAD239725969FAF8EAF2597292D382DFC
:10212000472D562D652D742D832D922DA0E00E94F4
:10213000D45E09F0B7CF2796EEADFFAD27979E018D
:102140002F5F3F4FAF012396AEADBFAD23972A1748
:102150003B0780F48E912396BFAFAEAF2397819358
:10216000F1CFA0E00E94D45E41F580E389A3AE01E7
:102170004E5D5F4FBE016F5D7F4F461B570B89E180
:1021800096E00E94E40FCA5BDF4F0FB6F894DEBF03
:102190000FBECDBFDF91CF911F910F91FF90EF90B8
:1021A000DF90CF90BF90AF909F908F907F906F9077
:1021B0005F904F903F902F900895FE01B196279623
:1021C000FFAFEEAF279768CFFC01538D448D252FCD
:1021D00030E0842F90E0821B930B541710F0CF96C1
:1021E000089501970895FC01918D828D981761F0F3
:1021F000A28DAE0FBF2FB11D5D968C91928D9F5F0A
:102200009F73928F90E008958FEF9FEF0895FC01E8
:10221000918D828D981731F0828DE80FF11D858D9B
:1022200090E008958FEF9FEF0895FC01918D228D2E
:10223000892F90E0805C9F4F821B91098F739927B3
:10224000089589E196E00E94151121E0892B09F497
:1022500020E0822F0895FC01A48DA80FB92FB11D95
:10226000A35ABF4F2C91848D90E001968F739927CC
:10227000848FA689B7892C93A089B1898C918370AA
:1022800080648C93938D848D981306C00288F389A3
:10229000E02D80818F7D80830895EF92FF920F93D0
:1022A0001F93CF93DF93EC0181E0888F9B8D8C8D02
:1022B00098131AC0E889F989808185FF15C09FB7F6
:1022C000F894EE89FF896083E889F98980818370B9
:1022D000806480839FBF81E090E0DF91CF911F9168
:1022E0000F91FF90EF900895F62E0B8D10E00F5F89
:1022F0001F4F0F731127E02E8C8D8E110CC00FB65F
:1023000007FCFACFE889F989808185FFF5CFCE01F6
:102310000E942B11F1CFEB8DEC0FFD2FF11DE35A35
:10232000FF4FF0829FB7F8940B8FEA89FB89808179
:102330008062CFCF682F89E196E00C944D11682F11
:1023400089E196E00C944D11CF93DF93EC01888DD9
:102350008823B9F0AA89BB89E889F9898C9185FD20
:1023600003C0808186FD0DC00FB607FCF7CF8C91AE
:1023700085FFF2CF808185FFEDCFCE010E942B112A
:10238000E9CFDF91CF91089589E196E00E94A411F1
:10239000E9E1F6E0A289B3898C918F7E8C93A289C2
:1023A000B3898C91877F8C93A289B3898C918F7725
:1023B0008C93A289B3898C918F7D8C93828D818F30
:1023C000089580E090E0892B29F00E94211181116D
:1023D0000E94000080E090E0892B49F080E090E0CE
:1023E000892B29F00E94000081110E94000080E0EA
:1023F00090E0892B49F080E090E0892B29F00E9441
:10240000000081110E94000080E090E0892B49F0DB
:1024100080E090E0892B29F00E94000081110C944B
:10242000000008952F923F924F925F926F927F9299
:102430008F929F92AF92BF92CF92DF92EF92FF92D4
:102440000F931F93CF93DF93CDB7DEB72F970FB6C0
:10245000F894DEBF0FBECDBFFC017F876E875C871F
:102460004B87108211821282138214821582168287
:1024700017821086118612861386DB01AB2B09F4B6
:10248000D0C0DA01AB2B09F4CCC0DB018D909D905C
:10249000AD90BC90DA014D905D906D907C90DB0129
:1024A00014962C90149715963C9015971696CC90F0
:1024B00016971796DC9017971896EC901897199620
:1024C000FC9019971A960C911A971B961C91DA0199
:1024D00014962C91149715963C91159716964C913D
:1024E000169717965C91179718966C9118971996EE
:1024F0007C9119971A968C911A971B969C9184142B
:102500009504A604B70409F4A6C0B1E0B983481441
:1025100059046A047B040CF4A6C01982AB85BC85FF
:102520004D905D906D907C90AE85BF854D915D9195
:102530006D917C91441A550A660A770AAB85BC8571
:1025400014963C9014971596BC91BA83AB85BC85C4
:102550001696BC91BB83AB85BC851796BC91BC839A
:10256000AB85BC851896BC91BD83AB85BC8519969F
:102570008C9019971A969C901A971B962C90AE8562
:10258000BF851496BC91BD87AE85BF851596BC915D
:10259000BB87AE85BF851696BC91BE83AE85BF85D1
:1025A0001796BC91BF83AE85BF851896BC91B8873E
:1025B000AE85BF851996BC91B987AE85BF851A9641
:1025C000BC91BA87AE85BF851B96BC91BE87232D73
:1025D0003A814B815C816D81782D892D922DAD845E
:1025E000BB84CE80DF80E884F9840A851B2F0E949B
:1025F000CB5E08F441C00E94C25E59016A017B01B2
:102600008C01A981AA2309F456C0408251826282BA
:102610007382A482B582C682D782E086F186028761
:102620001387CF012F960FB6F894DEBF0FBECDBF34
:10263000DF91CF911F910F91FF90EF90DF90CF909E
:10264000BF90AF909F908F907F906F905F904F90D2
:102650003F902F900895A1E0A98351010E94CB5E85
:1026600011F008F05ACF9B858C85AE85BF85BC875D
:10267000AB879E878F8752CF3A814B815C816D817A
:10268000305F4A455B4267417F4F8F4F9F4FAD841C
:10269000BB84CE80DF80E884F9840A851E850E9491
:1026A000C25E59016A017B018C0121E0421A510886
:1026B00061087108A6CF9501A601B701C801A0E085
:1026C0000E94D45E69F47094609450944094411CCC
:1026D000511C611C711C4082518262827382A1CFA5
:1026E000D301C20180959095A095B0958083918388
:1026F000A283B38320E030E145EA54ED68EE70E058
:1027000080E090E00E94C25E248335834683578335
:10271000608771878287938784CF8091180688238A
:1027200061F09FB7F8942091180680911706213028
:1027300019F48DBB9FBF08958FBF08950F931F930A
:10274000CF93DF938C01C62FD42F80E591E00E94B8
:10275000030E60E0F80187810E94170FC064CD2747
:10276000DC27CD270CB405FC17C0DEBD00000DB47E
:1027700007FEFDCF8EB5CEBD00000DB407FEFDCF28
:102780008EB561E0F80187810E94170FDF91CF912C
:102790001F910F910C948D13CEBD00000DB407FE58
:1027A000FDCF8EB5DEBD00000DB407FEFDCFE8CF36
:1027B000FC01EF56FF4F408160E00C949E138EBDEC
:1027C00000000DB407FEFDCF8EB50895CF92DF92C5
:1027D000EF92FF920F931F93CF93DF938C01C62F3D
:1027E000D42EF52EE22E80E591E00E94030EF80132
:1027F0008281803309F049C080910201877F8093F4
:1028000002018C2F80680E94DF13CD2DDF2DF12C6B
:1028100080E00E94DF13C82E80E00E94DF13D82ED4
:1028200080E00E94DF134C2D50E070E060E0BA01C0
:1028300055274427480F511D611D711D8D2D90E0B6
:10284000982F8827480F591F611D711D499359936F
:1028500069937993F394EF10DBCFF8018281803391
:10286000C1F4809102018860809302010E948D135F
:102870008FE090E00197F1F7DF91CF911F910F91D9
:10288000FF90EF90DF90CF900895809102018F7EAE
:10289000B6CF809102018061E7CF1F93CF93DF9382
:1028A000EC0180E591E00E94030E60E08F810E94C0
:1028B000170F82E00E94DF1380E00E94DF13182FC1
:1028C00061E08F810E94170F0E948D13412F62E0FB
:1028D000CE01DF91CF911F910C949E132F923F92C6
:1028E0004F925F926F927F928F929F92AF92BF9220
:1028F000CF92DF92EF92FF920F931F93CF93DF93CC
:10290000CDB7DEB7AA970FB6F894DEBF0FBECDBF26
:102910001C0123E0AE014F5F5F4F60E10E94E613B0
:1029200089819A81AB81BC81F101838B948BA58BCA
:10293000B68B8D819E81AF81B885878F90A3A1A32F
:10294000B2A389859A85AB85BC85878B908FA18F33
:10295000B28F22E0AE014F5F5F4F6BE1C1010E9479
:10296000E613A980BA80CB80DC80D1019396AD922A
:10297000BD92CD92DC9296974D805E806F80788478
:102980004D865E866F86788A97964D925D926D929F
:102990007C929A9753964D905D906D907C9056974F
:1029A0004BA25CA26DA27EA257969C905797589618
:1029B000BC91B98FF101818CE28C478C50A061A051
:1029C00072A0E059FF4FF08001811281B3816481D0
:1029D00075812F2D302F412F5B2F86819781A0E0AD
:1029E0000E94D45E09F07FC1998AF98DFA8B8B8A97
:1029F000EC8AE0901105ED8EF0901205FE8E80902D
:102A0000130590901405009115050F8F1091160570
:102A100018A32091170529A3309118053AA3A30103
:102A20009201B701C4010E94F65CF101E858FF4F22
:102A300000811181228133812B013C01401A510A0E
:102A4000620A730A498E5A8E6B8E7C8E70978081D3
:102A50009181A281B38120E432E44FE050E0281B51
:102A6000390B4A0B5B0B80910F0590911005019774
:102A70002C01990F66087708411451046104710410
:102A800021F4412C512C320143946D857E858F8534
:102A900098896A197B098C099D090E94665D690104
:102AA0004FA358A769A77AA75C01C301B20122E02E
:102AB00030E040E050E00E94425C79018A01550F0D
:102AC000220B322FA9012D873E874F87588B960105
:102AD0004FA158A569A57AA5C50157016801ED84E4
:102AE000FE2C0E2D1E2D0E94AD5E63015201DD0CE9
:102AF000AA08BA2C6501AD86BE86CF86D88A520157
:102B00006301ED84FE2C0E2D1E2D0E94A25D2D87EB
:102B10003E874F87588B4D845E846F847888452824
:102B20004628472841F4412C512C320143944D86CC
:102B30005E866F86788A8BA19CA1ADA1BEA14988D3
:102B40005A886B887C8884199509A609B7092C01D5
:102B50003D01770C4408542C3201AD8CBE8C6401CD
:102B6000EF8CF8A009A11AA19C01AD01642D742D70
:102B7000842D942D0E940E5D722E832E942EB52FDF
:102B8000F62FE72F582E692EA0E00E94D45E09F49C
:102B900053C04D855E856F85788976956795579585
:102BA00047955A016B01E12CF12C8701498BBA8AB8
:102BB0006B8BDC8AED8AFE8A0F8B188F10E4A12EB6
:102BC00002E4B02E4FE0C42ED12CE12CF12C00E019
:102BD00010E0492D5B2F6F2F7E2F0E940E5D590153
:102BE0006A017B018C0129893A894B895C8960E003
:102BF00070E080E090E00E94AD5ECD84DE84EF84E2
:102C0000F88856016701E12CF12C8701A98ABA8A5C
:102C1000CB8ADC8AED8AFE8A0F8B188FE12CF12C8F
:102C200000E010E00E94A25D722E832E942EB52F3C
:102C3000F62FE72F582E692EC98CDA8CEB8CFC8C82
:102C4000FF0CCC08DC2C7601298D3A8D4B8D5C8DE8
:102C50006C2D7C2D8C2D9C2DA72CB82CC92CDB2EFB
:102C6000EF2EFE2E052D162D0E94AD5ED1019B96F6
:102C70002C939B979C963C939C979D964C939D97E9
:102C80009E965C939E979F966C939F97D0967C930D
:102C9000D097D1968C93D197D2969C93C1010E94E4
:102CA0004D14F10123A534A545A556A567A570A926
:102CB00081A992A9AA960FB6F894DEBF0FBECDBF28
:102CC000DF91CF911F910F91FF90EF90DF90CF9008
:102CD000BF90AF909F908F907F906F905F904F903C
:102CE0003F902F900895F98A0A8B1B8BBC8B81CE65
:102CF000CF92DF92EF92FF920F931F93CF93DF93C8
:102D0000CDB7DEB72C970FB6F894DEBF0FBECDBFA0
:102D10008C010E946E14D8019B962C939B979C96D5
:102D20003C939C979D964C939D979E965C939E9703
:102D30009F966C939F97D0967C93D097D1968C93C7
:102D4000D197D2969C9369017A01C8010E94D81349
:102D500085E589838AEA8A83F801E057FF4F8081FD
:102D60008B83F894F801738564855585468587853E
:102D70008089818982899B01CA0178943C832D8353
:102D80009E838F83C886D986EA86FB86FE013396AA
:102D9000AE01445F5F4F80E06CE8E417F50781F017
:102DA0009191892798E0282F30E03595279580FF6D
:102DB00005C0822F86279150B1F7EFCF822FFBCF2E
:102DC0008C8789E196E00E94E4100C97D4F34CE0E4
:102DD00050E0BE016F5F7F4F89E196E00E94E40FF3
:102DE000D8011B967C911B971C966C911C971D9685
:102DF0005C911D971E964C911E971F963C911F97B4
:102E000050962C91509751969C91519752968C9137
:102E10005297F801E058FF4F7083618352834383D8
:102E20003483258396838783E554F109DB962C91BF
:102E30003181428153816481758186819781A1E0CE
:102E40000E94B65ED801DB962C9331834283538374
:102E5000648375838683978381E02C960FB6F894FC
:102E6000DEBF0FBECDBFDF91CF911F910F91FF90BD
:102E7000EF90DF90CF9008952F923F924F925F9204
:102E80006F927F928F929F92AF92BF92CF92DF927A
:102E9000EF92FF920F931F93CF93DF93CDB7DEB7DF
:102EA00064970FB6F894DEBF0FBECDBF9A8B898BA7
:102EB000280139014A011B01DC019B968C919B97EB
:102EC000D3968C93D3979C968C919C97D4968C9305
:102ED000D4979D968C919D97D5968C93D5979E96D9
:102EE0008C919E97D6968C93D6979F968C919F9710
:102EF000D7968C93D797D0968C91D097D8968C9361
:102F0000D897D1968C91D197D9968C93D997D29600
:102F10008C91D297DA968C93DA97AC5ABF4FE989A5
:102F2000FA89E85BFF4FFC83EB838CE001900D9204
:102F30008A95E1F789899A890E946E14A989BA89CC
:102F40009B962C939B979C963C939C979D964C9319
:102F50009D979E965C939E979F966C939F97D09615
:102F60007C93D097D1968C93D197D2969C93D297FD
:102F7000CD010E94D813F894E989FA892385348514
:102F8000458556856785708981899289E058FF4F0C
:102F9000A080B180C280D380E480F5800681178153
:102FA000208331834283538364837583868397832D
:102FB00078940E94C25E52016301740181010E94F3
:102FC0000E5DA989BA899B96AC909B979C96BC9004
:102FD0009C979D96CC909D979E96DC909E979F96F1
:102FE000EC909F97D096FC90D097D1960C91D1976A
:102FF000D2961C91D2970E94C25ED396AC90D39782
:10300000D496BC90D497D596CC90D597D696DC9094
:10301000D697D796EC90D797D896FC90D897D99614
:103020000C91D997DA961C910E94AD5E522E632EB8
:10303000742E852E962E7983482EB92FA0E00E94FB
:10304000D45E0CF452C0E989FA89E45BFF4FA0809A
:10305000B180C280D380E480F580068117810E9410
:10306000AD5E20833183428353836483758386837B
:103070009783E080F18002811381C480D580B6817E
:10308000B7809701A801B6018B2F9B2D2F3FAFE092
:103090003A07A5EA4A07A4ED5A07A8EE6A077105A0
:1030A0008105910509F008F475C03051454A544D29
:1030B000684E7109810991092083318342835383CA
:1030C0006483758386839783AB81BC814D915D91C9
:1030D0006D917C9113974F5F5F4F6F4F7F4F4D9373
:1030E0005D936D937C931397C4CF7981842D9B2F2F
:1030F0000E94305E29873A874B875C876D877E8781
:103100008F87988B29883A88ECE42E0E311CF101C8
:10311000F081FB8BF101F181FC8BF101A281F38144
:10312000FA83F101F481FD83F101F581FE83F10160
:10313000F681FF83F101F781F887AB88BC88CA2E3E
:10314000DA80ED80FE800F811F2F0E94CB5E11F090
:1031500008F05BC0252D362D472D582D692D79811E
:10316000842D9B2F0E94AD5ED1012C9311963C9330
:10317000119712964C93129713965C93139714968B
:103180006C93149715967C93159716968C931697B7
:1031900017969C93E989FA89E95BFF4F81E0808368
:1031A000E989FA89FB96A989BA89DB962C91318144
:1031B000428153816481758186819781A1E00E945B
:1031C000B65EA989BA89DB962C93318342835383F7
:1031D000648375838683978364960FB6F894DEBF05
:1031E0000FBECDBFDF91CF911F910F91FF90EF9058
:1031F000DF90CF90BF90AF909F908F907F906F9017
:103200005F904F903F902F90089529853A854B8588
:103210005C856D857E858F859889AB88BC88DA80D2
:10322000ED80FE800F8118850E94C25E29013A015F
:103230004B0189839A83A12C20E1B22E35EAC32E5B
:1032400044EDD42E58EEE52EF12C00E010E0920172
:10325000A3010E94D35DA1E00E94B65E59016A01FC
:10326000EB81FC8180819181A281B3818A199B09C4
:10327000AC09BD0980839183A283B383A12C60E153
:10328000B62E75EAC72EE4EDDE2EF8EEEF2EF12C09
:1032900000E010E09201A301B40189819A810E94AB
:1032A000D15D59016A017B018C0120E030E145EAE2
:1032B00054ED68EE70E080E090E00E94C25E54CF72
:1032C000CF93DF93EC010E944D14FE01EF56FF4FA8
:1032D00040814E7F60E0CE010E949E136AE070E064
:1032E00080E090E00E94B20FCE010E944D14CE010A
:1032F0000E94D8131B8A1C8A1D8A1E8A1F8A188E58
:10330000198E1A8E1B8E1C8E1D8E1E8E1F8E18A25D
:1033100019A21AA21BA21CA21DA21EA21FA218A6BD
:1033200019A61AA61BA61CA61DA61EA61FA618AA8D
:1033300019AA1AAA1BAA1CAA1DAA1EAA1FAA18AE5D
:1033400019AE1AAEFE01ED5BFF4F108211821282A0
:103350001382349610823196108211821282138267
:103360003496108211821282138214821582168280
:10337000178238961082118212821382349610823C
:103380001182128213821482158216821782B896D5
:103390001082118212821382148215821682178281
:1033A00038961082118212821382C457DF4F18821E
:1033B00019821A821B82DF91CF91089520915605C0
:1033C00030915705409158055091590560915A0523
:1033D00070915B0580915C0590915D05A1E00E9474
:1033E000B65E209356053093570540935805509389
:1033F000590560935A0570935B0580935C05909323
:103400005D050895709156056091570550915805D6
:103410004091590530915A0520915B0590915C05CA
:1034200080915D05E6EBF6E07387648755874687F4
:103430003787208B918B828B089570915605609110
:103440005705509158054091590530915A052091E2
:103450005B0590915C0580915D05E4E5F7E0708384
:1034600061835283438334832583968387830895BE
:103470002F923F924F925F926F927F928F929F9284
:10348000AF92BF92CF92DF92EF92FF920F931F9372
:10349000CF93DF93CDB7DEB72C970FB6F894DEBF8E
:1034A0000FBECDBF29833A834B835C836D837E83BC
:1034B0008F8398871801FA86E98680EAA82E97EF0D
:1034C000B92E66ECC62E70E1D72EE12CF12C00E06F
:1034D00010E060E070E080E090E00E940E5D00E1AE
:1034E0000E94925E29013A014B018C879B872981BA
:1034F0003A814B815C816D817E818F81988500E26C
:103500000E94925E00E00E940E5D00E10E94775EE4
:1035100059016A017B018C019201A301B4018C85E0
:103520009B850E94AD5E00E20E94925E422E532E69
:10353000642E752EA301920160E472E48FE090E0A6
:103540000E94F65C29813A814B815C81261B370BF6
:10355000480B590BDA01C901803432E493073FE08C
:10356000A307B10548F04FEF441A540A640A740ADD
:1035700080549244AF40B109F1014082518262828D
:103580007382E985FA8580839183A283B3832C9625
:103590000FB6F894DEBF0FBECDBFDF91CF911F9164
:1035A0000F91FF90EF90DF90CF90BF90AF909F90E2
:1035B0008F907F906F905F904F903F902F900895E5
:1035C000DB0141505109FC012491222349F001966D
:1035D000FD01E61BF70BE417F50710F42D93F3CF6D
:1035E0001C920895CF93DF93DC01FB01EA018991DE
:1035F000AE01208131818823E1F022303105C8F00D
:103600002D913C911197C901019611969C938E932F
:10361000CE010197EC018881E9018883CD91DC918D
:103620001197188220813181215031093183208303
:10363000DDCF81E02230310508F480E0DF91CF91C9
:1036400008954F925F926F927F92AF92BF92CF9206
:10365000DF92EF92FF920F931F93CF93DF9300D0EF
:1036600000D000D01F921F92CDB7DEB78C017B0136
:1036700057FF21C0DB018D919C91029708F457C040
:10368000D801ED91FC911197CF01019611969C9371
:103690008E938DE28083ED91FC911082FB018081FD
:1036A0009181019791838083509540953095219524
:1036B0003F4F4F4F5F4FCA01B9011B866E01FBE0C0
:1036C000CF0ED11C2AE0422E512C612C712C9E0170
:1036D0002F5F3F4F5901A30192010E94745C605D0E
:1036E000D6016E936D01B901CA016115710581059D
:1036F000910519F0AA16BB0671F7A601B701C8011A
:103700000E94F21A2B960FB6F894DEBF0FBECDBF03
:10371000DF91CF911F910F91FF90EF90DF90CF90AD
:10372000BF90AF907F906F905F904F90089580E032
:10373000E9CFCF93DF93EC01DB012D913C91119701
:1037400022303105D0F0FA0184914F5F5F4F88231A
:10375000A1F0E881F9819F012F5F3F4F39832883D2
:103760008083E881F98110822D913C91119721503D
:10377000310911963C932E93E0CF81E02230310540
:1037800008F480E0DF91CF910895AF92BF92CF927D
:10379000DF92EF92FF920F931F9380916D0581113D
:1037A0006FC020918A0830918B0840918C0850910D
:1037B0008D0860918E0870918F08A0900208B090DB
:1037C0000308C0900408D0900508E0900608F09027
:1037D00007080091080810910908809190089091BD
:1037E00091080E94CB5E09F04BC020919208309165
:1037F00093084091940850919508609196087091B3
:103800009708A0900A08B0900B08C0900C08D090C0
:103810000D08E0900E08F0900F080091100810912C
:10382000110880919808909199080E94CB5E41F50B
:1038300020919A0830919B0880911208909113086A
:1038400028173907E9F49091A70880911F08981369
:1038500017C09091A80880912008981311C081E0AA
:103860002091A20890911A08291301C080E01F91AD
:103870000F91FF90EF90DF90CF90BF90AF900895A1
:1038800081E0F5CF88E8E4E6F8E0ACEDB7E0019040
:103890000D928A95E1F7109262050895082E000CAA
:1038A000990B0E949A1189E196E00C94A411CF9291
:1038B000DF92EF92FF920F931F93CF93DF938C01D0
:1038C0006B01D0E0C0E089E196E00E941511892BE0
:1038D00039F461E070E080E090E00E94B20FF3CF35
:1038E00089E196E00E94F3108D309105B1F42097A4
:1038F00031F08DE00E944E1C8AE00E944E1CF801BF
:10390000EC0FFD1F1082CE01DF91CF911F910F911F
:10391000FF90EF90DF90CF9008958A30910539F3B2
:103920008830910519F08F37910569F4209759F285
:10393000219788E00E944E1C80E20E944E1C88E085
:103940000E944E1CC0CF7E012FEFE21AF20AEC1447
:10395000FD0408F0B8CFC00FD11F88830E944E1C11
:10396000E701B1CF9EEF980F923008F4A5C09EEE0C
:10397000980F943008F4A0C090E0FC01E357F54E96
:103980002491FC01E95BF54E3491433009F038C0D5
:10399000323031F540918704422B40938704875B96
:1039A0009B4FFC01A491323009F043C0B0E0AA0F54
:1039B000BB1FAA58BB4F6D937C93E1E3FAE1A5913D
:1039C000B4918C91809388048BE690E09093650489
:1039D00080936404809168008160809368004AC08D
:1039E0003A3031F440919904422B40939904D7CF57
:1039F0003B30A9F64091AC04422B4093AC04CFCFAE
:103A0000323031F440918604422B40938604C7CF74
:103A10003A3031F440919804422B40939804BFCF40
:103A20003B3009F0BCCF4091AB04422B4093AB0438
:103A3000B6CF3A3039F5B0E0AA0FBB1FA757BB4F3E
:103A40006D937C93E1E4FAE1A591B4918C9180931C
:103A50009A048CE690E090936504809364048091CE
:103A6000680082608093680080919704822B809325
:103A70009704220FA0916404B0916504EC912E2B61
:103A80002C9308953B30B1F7B0E0AA0FBB1FA556A9
:103A9000BB4F6D937C93E3E4FAE1A591B4918C91D3
:103AA0008093AD048DE690E0909365048093640468
:103AB00080916800846091CF9FB7F894833069F15A
:103AC0008231A1F0823039F570936F0460936E04F7
:103AD000EC9880916A008C7F80936A0080916A00E4
:103AE000482B40936A00E49AEC9A15C070936D04D9
:103AF00060936C04EB98809169008F7380936900E8
:103B000080916900F0E44F9FA0011124482B40935D
:103B10006900E39AEB9A9FBF0895709371046093D4
:103B20007004ED9880916A00837F80936A00809191
:103B30006A0024E0429FA0011124482B40936A00B0
:103B4000E59AED9AE8CFFC0101900020E9F7319762
:103B5000AF01481B590BBC0189E196E00C94E40FBE
:103B60000C94A31D84E492E00E94B01D82EF92E0C9
:103B70000E94B01D89E196E00C94A4110F931F934D
:103B8000CF93DF938C0184E492E00E94B01DE801A2
:103B9000FE0184912196882331F0082E000C990BA8
:103BA0000E949A11F5CF89E196E0DF91CF911F91A4
:103BB0000F910C94A411CF93DF93D0E0C0E0009755
:103BC00019F00E94A31DEC0187E492E00E94A31D5E
:103BD0008C0F9D1FDF91CF910895CF93DF93EC0160
:103BE00084E492E00E94B01DCE010E94DB1D89E1B9
:103BF00096E0DF91CF910C94A4110F931F93CF9374
:103C0000DF93CDB7DEB7C458D1090FB6F894DEBF45
:103C10000FBECDBF19828E010F5F1F4FCF57DF4FF1
:103C200019830883C158D04080E890E0CD57DF4F1A
:103C300099838883C358D0404AE452E0BE016D574F
:103C40007F4FCE018F579F4F0E94F21A41E252E000
:103C5000BE016D577F4FCE018F579F4F0E94F21AC2
:103C60004DE552E0BE016D577F4FCE018F579F4FFC
:103C70000E94F21A49E152E0BE016D577F4FCE011A
:103C80008F579F4F0E94F21ACD57DF4F888199813D
:103C9000C358D040029720F1CF57DF4FE881F98118
:103CA000C158D040CF010196CF57DF4F9983888309
:103CB000C158D04089E28083CF57DF4FE881F98136
:103CC000C158D0401082CD57DF4F88819981C358A9
:103CD000D0400197CD57DF4F99838883C358D04098
:103CE00040E652E0BE016D577F4FCE018F579F4F88
:103CF0000E94F21A47E758E0BE016D577F4FCE0190
:103D00008F579F4F0E94F21AC8010E94ED1D81E05B
:103D1000CC57DF4F0FB6F894DEBF0FBECDBFDF919B
:103D2000CF911F910F910895CF93DF93CDB7DEB759
:103D3000C058D1090FB6F894DEBF0FBECDBF89E4DD
:103D400092E00E94ED1D40E850E0BE016F5F7F4FA2
:103D50008EEA9CE00E94E01ACE0101960E94ED1DC1
:103D600040E850E0BE016F5F7F4F80EA9CE00E9418
:103D7000E01ACE0101960E94ED1D40E850E0BE0120
:103D80006F5F7F4F81E99CE00E94E01ACE010196AF
:103D90000E94ED1D40E850E0BE016F5F7F4F82E85A
:103DA0009CE00E94E01ACE0101960E94ED1D40E8C1
:103DB00050E0BE016F5F7F4F83E79CE00E94E01AF6
:103DC000CE0101960E94ED1D40E850E0BE016F5FFC
:103DD0007F4F89E59CE00E94E01ACE0101960E9487
:103DE000ED1D40E850E0BE016F5F7F4F89E49CE02D
:103DF0000E94E01ACE0101960E94ED1D89E492E036
:103E00000E94ED1DC058DF4F0FB6F894DEBF0FBE05
:103E1000CDBFDF91CF9108950F931F93CF93DF9381
:103E20008C0184E492E00E94B01DE801FE018491BF
:103E30002196882331F0082E000C990B0E949A11CC
:103E4000F5CF87E492E00E94A31D89E196E0DF911F
:103E5000CF911F910F910C94A41180916D05811148
:103E600023C00E94C51B882351F083E296E00E9484
:103E70000C1F68EE73E080E090E00C94B20F80912C
:103E80006205882371F08FEA96E00E940C1F109261
:103E9000620589E896E00E940C1F88E596E00C9484
:103EA0000C1F89E896E0FBCF0895CF93DF939C0128
:103EB000D9019C912F5F3F4F9032D1F39930C1F3DC
:103EC000FD0101900020E9F73197EF01AE17BF0720
:103ED00028F482918032C9F38930B9F31882CD0178
:103EE000DF91CF910895CF93C82F87E995E00E9485
:103EF000ED1D8FE59BE10E940C1F89E492E00E947A
:103F0000ED1DC11107C081E59BE10E940C1F81E0FE
:103F1000CF91089580E49BE10E940C1F8CE29BE10D
:103F20000E940C1F0E94B21D89E196E00E941511AB
:103F3000181619062CF489E196E00E94F310F4CFCC
:103F400060E270E087E795E00E94571C87E795E004
:103F50000E94551FFC0180818233A9F689E19BE113
:103F60000E940C1F80E0D4CF8F929F92AF92BF929D
:103F7000CF92DF92EF92FF920F931F93CF93DF9335
:103F8000CDB7DEB7A1970FB6F894DEBF0FBECDBF99
:103F90006C01990FEE08FF08F7FE3FC08DE20E940A
:103FA0009F118C0122273327A9012C193D094E09A5
:103FB0005F0919A2CE0181967C019AE0892E912C8D
:103FC000A12CB12CCA01B901A50194010E94745C15
:103FD000605DF70162937F012115310541055105AF
:103FE00089F790E080E0309719F0CF010E94A31D7F
:103FF000800F911FA1960FB6F894DEBF0FBECDBF04
:10400000DF91CF911F910F91FF90EF90DF90CF90B4
:10401000BF90AF909F908F900895A701960119A22D
:104020008E010F5D1F4F8AE0C82ED12CE12CF12CA0
:10403000CA01B901A70196010E94745C605DF80194
:1040400062938F01211531054105510589F790E0F3
:1040500080E0309779F2CF010E94A31DCBCFEF9281
:10406000FF920F931F93CF93DF938B010C5F1F4F32
:10407000EB017C01E61AF70AC7018C0F9D1F0E9415
:104080002C5C8993C017D107B9F784E090E0DF91E9
:10409000CF911F910F91FF90EF9008952F923F9233
:1040A0004F925F926F927F928F929F92AF92BF9248
:1040B000CF92DF92EF92FF920F931F93CF93DF93F4
:1040C00000D01F921F92CDB7DEB76B015D834C838A
:1040D00023ED3DE442E650E10E94755D06E20E9458
:1040E000925E190128EE33E0229EC001239E900DBE
:1040F000329E900D11249601281B390B3A83298397
:104100008DECA82E9CECB92E2CECC22E3CECD32EC0
:10411000E12CF12C00E010E0910140E050E060E083
:1041200070E080E090E00E940E5D03E20E94925EEB
:104130002B83E981FA8100E09F0140E050E060E0DC
:1041400070E080E090E00E940E5D03E20E94925ECB
:10415000122FFB816F2F70E0660F771F6A517A4E26
:1041600042E050E08C819D810E94E85720E3220EBE
:104170000AE03B81309F20181124EC81FD812282CE
:10418000612F70E0660F771F6A517A4E42E050E06F
:10419000CF0103960E94E8578981805D109F8019A6
:1041A0001124EC81FD8185830F900F900F900F906B
:1041B0000F90DF91CF911F910F91FF90EF90DF90C3
:1041C000CF90BF90AF909F908F907F906F905F90B7
:1041D0004F903F902F900895CF92DF92EF92FF92F1
:1041E0000F931F93CF93DF9300D000D01F921F92A5
:1041F000CDB7DEB76801FE0135967F018E010F5FF6
:104200001F4F0E94381A69817A818B819C81A60197
:104210000E944E20A6014A5F5F4F6D817E818F8193
:1042200098850E944E2028960FB6F894DEBF0FBEE8
:10423000CDBFDF91CF911F910F91FF90EF90DF9055
:10424000CF9008952F923F924F925F926F927F92FC
:104250008F929F92AF92BF92CF92DF92EF92FF9296
:104260000F931F93CF93DF93CDB7DEB76B970FB646
:10427000F894DEBF0FBECDBF1C015E8B4D8B822E2E
:10428000452B09F4CAC180911905882341F090900B
:104290000102F0900002011113C0F12C14C08091B2
:1042A000A0089091A1086CE0962E8D3091051CF429
:1042B00097FD80E0982EF12C002351F0F0909E089D
:1042C00029E02F1550F38CE0891510F45CE0952E51
:1042D000AD89BE894D905D906D907C90810177FE97
:1042E0000DC00F5F1F4F8DE2F101808370946094C9
:1042F00050944094411C511C611C711C498A5A8A7B
:104300006B8A7C8A8FEF8F0D893008F0C9C08F2DA2
:1043100090E0988F8F8BFC01EE0FFF1FEE0FFF1FB9
:10432000E255F94E2591359145915491C301B20161
:104330000E94745CB62EE72E6C01698FA72E8A8FBF
:10434000DB8E4AE0442E512C612C712CA30192018A
:104350000E94745C605D698B92E0F91264C0205D1C
:10436000D8012C9311966C936801F2E0CF0ED11C0A
:10437000ED89FE899920C1F02601BFEF4B1A5B0A37
:104380008EE2D6018C9324813581468157816085E8
:10439000718582859385BCE09B1201C182010E94D8
:1043A000EC20EDE0CE0ED11C882D8F7D09F42CC1C0
:1043B00080E2D6018C9383E611968C93119788E660
:1043C00012968C93129713968C9213978DE01496F5
:1043D0008C9314978AE015968C93B6E0CB0ED11C83
:1043E000860102191309A801B10189E196E00E9432
:1043F000E40FC8016B960FB6F894DEBF0FBECDBFB9
:10440000DF91CF911F910F91FF90EF90DF90CF90B0
:10441000BF90AF909F908F907F906F905F904F90E4
:104420003F902F90089523E0F2121AC06B2D7E2D3D
:10443000C60124E630E040E050E00E94745C205D5C
:10444000D8012C93A30192010E94745C205DF801B5
:10445000218329892283680183E0C80ED11C88CF7B
:10446000CF88D88CC00ED11E76012AE0422E512C66
:10447000612C712C91E0E91AF108698D7A2D8A8DF1
:104480009B8DA30192010E94745C605DD7016C93C7
:10449000298FA32E4A8F5B8F0E151F0559F768CF02
:1044A000BAE04B165104610471044CF46801EFEF5B
:1044B000CE1ADE0A80E3840DD8018C9359CF8AE0AE
:1044C000A82EB12CC12CD12CC301B201A60195019B
:1044D0000E94745C90E3F92EF60EB4E64B1651047C
:1044E000610471045CF4205DF80120836801F2E04E
:1044F000CF0ED11CD8011196FC923ACFB8EE4B16D4
:10450000B3E05B0661047104D0F4C301B20124E698
:1045100030E040E050E00E94745C205DF8012083B0
:10452000A60195010E94745C205DD80111962C9320
:104530006801B3E0CB0ED11CF801F28219CFCE0195
:1045400001965C01D12CC12C7C019FEFC91AD90ABC
:1045500069897A898B899C892AE030E040E050E0C3
:104560000E94745C605DD5016D935D01298B3A8B6F
:104570004B8B5C8B89899A89AB89BC89892B8A2B67
:104580008B2B19F7F801C601019730F0D701A80F5E
:10459000B91F2C912193F8CFC00ED11EE9CE692C02
:1045A000712CF6E0F91598F0DE011D967D018E0163
:1045B0000F5F1F4F0E94381A69817A818B819C811D
:1045C000A2010E944E206201C60CD71CEDCEFE0156
:1045D0003D967F018E010F5F1F4F0E94381A69813F
:1045E0007A818B819C81A2010E944E20F7E0CF0E40
:1045F000D11C6D857E858F859889A6010E944E20ED
:1046000026E0621A7108E0CF8DE0F60180838AE02F
:104610008183F2E0CF0ED11CE3CE0FEF1FEFE9CE86
:10462000CF92DF92EF92FF920F931F93CF93DF937E
:104630001F921F92CDB7DEB78B01BE016F5F7F4F18
:104640000E9481566B017C01E981FA818081811190
:104650002CC020E030E0A901C701B6010E945F58DC
:1046600087FD23C029EA3FE543E658E5C701B601C7
:104670000E94F15C1816CCF0C701B6010E94A55C3F
:10468000F801208331834283538364837583868357
:10469000978381E00F900F90DF91CF911F910F9141
:1046A000FF90EF90DF90CF90089580E0F3CFEF92EE
:1046B000FF920F931F93CF93DF937C018B01D0E088
:1046C000C0E0F80161918F01C7018C0F9D1F0E940E
:1046D000345C2196C430D105A1F784E090E0DF91ED
:1046E000CF911F910F91FF90EF900895EF92FF925D
:1046F0000F931F93CF93DF9300D000D01F921F9290
:10470000CDB7DEB789E994E10E940C1F89E492E0FD
:104710000E94ED1D81E894E10E940C1F0E94B21DD1
:1047200060E870E087E995E00E94571C87E995E012
:104730000E94551F61E772E00E941A5F8C01892B6D
:1047400009F06CC0BE016B5F7F4F80EF9FE00E945D
:104750002F20BE016F5F7F4F84EF9FE00E942F20CC
:1047600089E492E00E94ED1D81E594E10E94BE1D66
:1047700087E798E00E94ED1D80E394E10E94BE1D52
:104780000E94B21D60E870E087E995E00E94571C26
:1047900087E995E00E94551F7C0186E194E10E9423
:1047A0000C1F6FEFC8010E94345C0F5F1F4F011593
:1047B00080E11807B1F765E772E0C7010E94F15E7A
:1047C000892B39F585EF93E10E940C1FBE016B5FC9
:1047D0007F4F80EF9FE00E945723BE016F5F7F4FA6
:1047E00084EF9FE00E94572384EB93E10E940C1F0B
:1047F00081E080936D0580E028960FB6F894DEBFC7
:104800000FBECDBFDF91CF911F910F91FF90EF9021
:10481000089582ED93E10E940C1FE6CF89E694E1B2
:104820000E940C1F81E0E8CFEF92FF920F931F933D
:10483000CF93DF937C018B01D0E0C0E0F801619160
:104840008F01C7018C0F9D1F0E94345C2196C838D0
:10485000D105A1F788E890E0DF91CF911F910F91EA
:10486000FF90EF900895CF93DF93CDB7DEB7C85890
:10487000D1090FB6F894DEBF0FBECDBF8233B1F0C1
:104880008333B9F0813309F05AC183E395E10E9483
:104890000C1F1092620580E0C857DF4F0FB6F894E6
:1048A000DEBF0FBECDBFDF91CF91089588E095E1C7
:1048B000EECF8DE0898341E150E061E272E0CE010C
:1048C00002960E942A5F84E48B8B41E150E067E707
:1048D00078E0CE0144960E942A5F1DA21EA280E8C5
:1048E0008FA386E988A788E989A71AA61BA61CA614
:1048F0001DA61EA61FA681EE88AB85EF89AB85E0BD
:104900008AAB1BAA1CAA1DAA1EAA84E190E098AF3C
:104910008FAB85E090E09AAF89AF1CAE1BAE8BE009
:1049200090E09EAF8DAF80E58FAF80E092ECA1E08C
:10493000B0E024968CAF9DAFAEAFBFAF249781E4BB
:1049400027968FAF279782E428968FAF289783E426
:1049500029968FAF29972A961FAE2A972B961FAEBE
:104960002B972C961FAE2C972D961FAE2D972E961B
:104970001FAE2E972F961FAE2F9760961FAE609793
:1049800061961FAE619762961FAE629763961FAEE7
:10499000639764961FAE649765961FAE659766969B
:1049A0001FAE669767961FAE679768961FAE6897AB
:1049B00069961FAE699782E525968FAF2597269653
:1049C0008FAF269794EC6A969FAF6A9789E06B96B3
:1049D0008FAF6B976C961FAE6C976D961FAE6D97F1
:1049E0006E961FAE6E976F961FAE6F97A0961FAE16
:1049F000A097A1961FAEA197A2969FAFA297A3964C
:104A00008FAFA397A4961FAEA497A5961FAEA597A8
:104A1000A6961FAEA697A7961FAEA797A8961FAEFD
:104A2000A897A9961FAEA997AA961FAEAA97AB966C
:104A30001FAEAB97AC961FAEAC97AD961FAEAD97C1
:104A4000AE961FAEAE97AF961FAEAF97E0961FAE75
:104A5000E097E1961FAEE197E2961FAEE297E396EC
:104A60001FAEE397E4961FAEE497E5961FAEE59779
:104A7000E6961FAEE697E7961FAEE797E8961FAE5D
:104A8000E897E9961FAEE997EA961FAEEA97EB968C
:104A90001FAEEB97EC961FAEEC97ED961FAEED9721
:104AA000EE961FAEEE97EF961FAEEF97C158DF4F11
:104AB0001882CF57D040C058DF4F1882C058D0401E
:104AC000CF57DF4F1882C158D040CE57DF4F1882E2
:104AD000C258D040CD57DF4F1882C358D040CC5772
:104AE000DF4F1882C458D040CB57DF4F1882C558CB
:104AF000D040CA57DF4F1882C658D040C957DF4F41
:104B00001882C758D040C857DF4F1882C858D040C5
:104B100088E8FE013196A4E6B8E001900D928A95EE
:104B2000E1F764E678E090E080E00E94142488EEEB
:104B300094E10E940C1F81E080936D05ACCE81E072
:104B4000ABCE1F93CF93DF9300D000D01F921F9264
:104B5000CDB7DEB7142F64E678E090E080E00E94E5
:104B60001424109262058BE793E10E940C1F11231D
:104B7000F1F189E492E00E94ED1D8DE593E10E9440
:104B80000C1F88E493E10E940C1F81E293E10E94D4
:104B90000C1F89E492E00E94ED1D0E94B21D68E0A6
:104BA00070E0CE0101960E94571CCE0101960E9432
:104BB000551F67E772E00E941A5F892B79F481E044
:104BC00080936D0510E0812F28960FB6F894DEBF14
:104BD0000FBECDBFDF91CF911F9108958FEF92E16E
:104BE0000E940C1F86ED92E10E940C1FECCF81E029
:104BF00080936D05E8CF2F923F924F925F926F9214
:104C00007F928F929F92AF92BF92CF92DF92EF925C
:104C1000FF920F931F93CF93DF93CDB7DEB7C758A3
:104C2000D1090FB6F894DEBF0FBECDBF89E492E084
:104C30000E94ED1D40E850E09E012F5F3F4F49016B
:104C4000B90184EB9DE00E94E01AC4010E94ED1DB1
:104C500040E850E0B40182E99DE00E94E01A84E659
:104C6000682E88E0782EF30126A037A040A451A436
:104C7000F2A5CD57DF4FF883C358D040F301F3A519
:104C8000CC57DF4FF883C458D040F301F4A5CB577D
:104C9000DF4FF883C558D040F301F5A5CA57DF4F61
:104CA000F883C658D040F40101900020E9F731970D
:104CB0009F0128193909CF57DF4F39832883C158FD
:104CC000D04090E4A92E22E4B22E3FE0C32ED12C96
:104CD000E12CF12C00E010E09101A201CD57DF4F53
:104CE0006881C358D040CC57DF4F7881C458D0403A
:104CF000CB57DF4F8881C558D040CA57DF4F9881C6
:104D0000C658D0400E94A05D5F934F933F932F936E
:104D10009101A201CD57DF4F6881C358D040CC57D5
:104D2000DF4F7881C458D040CB57DF4F8881C558BA
:104D3000D040CA57DF4F9881C658D0400E94A25D2C
:104D40005F934F933F932F9389E792E09F938F93C5
:104D500040E8442E512CC201CF57DF4FE881F98142
:104D6000C158D0408E1B9F0B9F938F93CF01880D0E
:104D7000991D9F938F930E94395FC4010E94ED1D7E
:104D800040E850E0B40181E79DE00E94E01AF301A1
:104D900026A437A4F0A9CF57DF4FF883C158D040DD
:104DA000F301F1A9CD57DF4FF883C358D040F30189
:104DB000F2A9CC57DF4FF883C458D040F301F3A9D0
:104DC000CB57DF4FF883C558D040F301F4A9CA5739
:104DD000DF4FF883C658D040F301F5A9C957DF4F1C
:104DE000F883C758D040F40101900020E9F73197CB
:104DF0003F01681879089101CF57DF4F4881C158AA
:104E0000D040CD57DF4F5881C358D040CC57DF4FEB
:104E10006881C458D040CB57DF4F7881C558D04007
:104E2000CA57DF4F8881C658D040C957DF4F988195
:104E3000C758D0400E94A05D5F934F933F932F933C
:104E40009101CF57DF4F4881C158D040CD57DF4F38
:104E50005881C358D040CC57DF4F6881C458D040E8
:104E6000CB57DF4F7881C558D040CA57DF4F888174
:104E7000C658D040C957DF4F9881C758D0400E94CC
:104E8000A25D5F934F933F932F9388E892E09F93A7
:104E90008F93C201861997099F938F93C401860D42
:104EA000971D9F938F930E94395FC4010E94ED1D4F
:104EB00040E850E0B40182E49DE00E94E01AF40171
:104EC00001900020E9F73197CF0188199909E4EBA7
:104ED000F8E023812F9322812F9321812F9320812A
:104EE0002F93ECEAF8E023812F9322812F932181E5
:104EF0002F9320812F9308E912E01F930F939201C3
:104F0000281B390B3F932F93880D991D9F938F93E7
:104F10000E94395F0FB6F894DEBF0FBECDBFC4014B
:104F20000E94ED1D40E850E0B4018AE19DE00E943E
:104F3000E01AF40101900020E9F73197CF018819B8
:104F40009909E4ECF8E023812F9322812F932181AA
:104F50002F9320812F93ECEBF8E023812F93228174
:104F60002F9321812F9320812F931F930F939201D1
:104F7000281B390B3F932F93880D991D9F938F9377
:104F80000E94395FC4010E94ED1D40E850E0B40169
:104F900082EF9CE00E94E01AF40101900020E9F702
:104FA0003197CF0188199909E4EDF8E023812F9317
:104FB00022812F9321812F9320812F93ECECF8E015
:104FC00023812F9322812F9321812F9320812F934F
:104FD0001F930F939201281B390B3F932F93880D3A
:104FE000991D9F938F930E94395FC4010E94ED1D0C
:104FF00040E850E0B4018EEC9CE00E94E01AF4011D
:1050000001900020E9F73197CF0188199909E4EE62
:10501000F8E023812F9322812F9321812F932081E8
:105020002F93ECEDF8E023812F9322812F932181A0
:105030002F9320812F931F930F93481A590A5F9241
:105040004F92880D991D9F938F930E94395F0FB6E1
:10505000F894DEBF0FBECDBFC4010E94ED1D89E4F0
:1050600092E00E94ED1DC957DF4F0FB6F894DEBFE6
:105070000FBECDBFDF91CF911F910F91FF90EF90A9
:10508000DF90CF90BF90AF909F908F907F906F9068
:105090005F904F903F902F900895CF93DF93CDB7BF
:1050A000DEB7C058D1090FB6F894DEBF0FBECDBF32
:1050B00089E492E00E94ED1D40E850E0BE016F5F80
:1050C0007F4F8EE39CE00E94E01ACE0101960E9481
:1050D000ED1D40E850E0BE016F5F7F4F8FE29CE026
:1050E0000E94E01ACE0101960E94ED1D40E850E0BA
:1050F000BE016F5F7F4F89E19CE00E94E01ACE0104
:1051000001960E94ED1D40E850E0BE016F5F7F4FA9
:1051100083E09CE00E94E01ACE0101960E94ED1D02
:1051200040E850E0BE016F5F7F4F87EE9BE00E943A
:10513000E01ACE0101960E94ED1D40E850E0BE014C
:105140006F5F7F4F8BED9BE00E94E01ACE010196CE
:105150000E94ED1D40E850E0BE016F5F7F4F87EC7D
:105160009BE00E94E01ACE0101960E94ED1D40E8EE
:1051700050E0BE016F5F7F4F8CEB9BE00E94E01A16
:10518000CE0101960E94ED1D40E850E0BE016F5F28
:105190007F4F8BEA9BE00E94E01ACE0101960E94AD
:1051A000ED1D89E492E00E94ED1D40E850E0BE0153
:1051B0006F5F7F4F8CE99BE00E94E01AE0918808C6
:1051C00064E97BE0E83038F4F0E0EE0FFF1FE75FC2
:1051D000FD4F60817181CE0101960E94F157CE0191
:1051E00001960E94ED1D89E492E00E94ED1DC058D9
:1051F000DF4F0FB6F894DEBF0FBECDBFDF91CF916A
:105200000895CF92DF92EF92FF920F931F93CF9367
:10521000DF93CDB7DEB7C058D1090FB6F894DEBF23
:105220000FBECDBF89E492E00E94ED1D40E850E042
:105230008E010F5F1F4FB8018BE79BE00E94E01AC1
:10524000C8010E94ED1D40E850E0B80185E69BE0F2
:105250000E94E01AE091880864E97BE0E83038F4C5
:10526000F0E0EE0FFF1FE75FFD4F60817181C80125
:105270000E94F15769EB72E0C8010E94045FC80107
:105280000E94ED1D40E850E0B8018EE39BE00E94D3
:10529000E01AE0919E08F0919F081E161F060CF47C
:1052A00081C163E879E08EEA94E00E94FC57F8013E
:1052B00001900020E9F73197E01BF10B8EEA94E0B2
:1052C0009F938F9380919F088F9380919E088F93D7
:1052D00081EA92E09F938F9380E8E82EF12CC7013A
:1052E0008E1B9F0B9F938F93E00FF11FFF93EF9304
:1052F0000E94395FC8010E94ED1D40E850E0B801EE
:1053000087E19BE00E94E01AF80101900020E9F794
:105310003197E01BF10B8091A1088F938091A00839
:105320008F9387EA92E09F938F93C7018E1B9F0B09
:105330009F938F93E00FF11FFF93EF930E94395FCC
:10534000C8010E94ED1D40E850E0B80184EF9AE0EA
:105350000E94E01AF80101900020E9F73197E01B64
:10536000F10B8091A208282F082E000C330B3F93DD
:105370008F939BEAC92E92E0D92EDF92CF92C7017C
:105380008E1B9F0B9F938F93E00FF11FFF93EF9363
:105390000E94395FC8010E94ED1D40E850E0B8014D
:1053A00085ED9AE00E94E01AF80101900020E9F7EB
:1053B0003197CF01801B910B2091AB08422F022E19
:1053C000000C550B5F932F932091AA08422F022EB9
:1053D000000C550B5F932F932091A908422F022EAA
:1053E000000C550B5F932F932FEA32E03F932F93DE
:1053F0009701281B390B3F932F93800F911F9F9389
:105400008F930E94395F0FB6F894DEBF0FBECDBFF9
:10541000C8010E94ED1D40E850E0B80185EB9AE01C
:105420000E94E01A80918908882309F4EFC0F801EE
:1054300001900020E9F73197E01BF10B282F082E8F
:10544000000C330B3F938F93DF92CF92EE1AFF0A3B
:10545000FF92EF92E00FF11FFF93EF930E94395FED
:105460000FB6F894DEBF0FBECDBFC8010E94ED1D80
:1054700040E850E0B80189E99AE00E94E01AC801CA
:105480000E94ED1D40E850E0B80187E79AE00E94D5
:10549000E01AF80101900020E9F73197E01BF10BC9
:1054A0008091A6088F938091A5088F938091A4087E
:1054B0008F938091A3088F938BEB92E09F938F93B0
:1054C00080E890E08E1B9F0B9F938F93E00FF11F5E
:1054D000FF93EF930E94395FC8010E94ED1D89E49C
:1054E00092E00E94ED1D40E850E0B8018EE59AE0A0
:1054F0000E94E01AC8010E94ED1D40E850E0B8018A
:1055000088E49AE00E94E01AC8010E94ED1D40E87C
:1055100050E0B8018EE29AE00E94E01AC8010E94B1
:10552000ED1D40E850E0B80188EF99E00E94E01AD4
:10553000C8010E94ED1D89E492E00E94ED1D40E843
:1055400050E0B8018BED99E00E94E01AC8010E947A
:10555000ED1D40E850E0B80184EB99E00E94E01AAC
:10556000C8010E94ED1D40E850E0B8018EE899E0C6
:105570000E94E01AC8010E94ED1D0FB6F894DEBF2C
:105580000FBECDBFC058DF4F0FB6F894DEBF0FBEC1
:10559000CDBFDF91CF911F910F91FF90EF90DF90E2
:1055A000CF900895EA30F105F4F4EE0FFF1FEE0FEF
:1055B000FF1FE55AF64F85919591A591B491BF9340
:1055C000AF939F938F9383E499E09F938F938EEA99
:1055D00094E09F938F930E942F580FB6F894DEBFEC
:1055E0000FBECDBF64CEFF93EF938AE299E09F9305
:1055F0008F938EEA94E09F938F930E942F580F9081
:105600000F900F900F900F900F9051CE6FEA7AE0AD
:10561000C8010E94F15729CF0E94012981E0089515
:105620002F923F924F925F926F927F928F929F92B2
:10563000AF92BF92CF92DF92EF92FF920F931F93A0
:10564000CF93DF93CDB7DEB764970FB6F894DEBF84
:105650000FBECDBF29833A834B835C8369877A87EA
:105660008B879C872AA52D833BA53E838CA58F83A2
:10567000EDA5E887FEA5FD872FA52E8738A93F87D2
:1056800089A9888B2AA83BA84CA85DA8EEA9E98B1C
:10569000FFA9FA8B28AD2B8B39AD3C8B6AAC7BAC68
:1056A0008CAC9DAC8EAD9FAD5F924F923F922F928E
:1056B000E885EF93FF81FF932E812F933D813F93E8
:1056C000DF92CF92BF92AF92EC81EF93FB81FF9379
:1056D0002A812F9339813F939F938F938BE099E099
:1056E0009F938F9387E995E09F938F930E942F5804
:1056F00087E995E00E94ED1D89E492E00E94ED1D8E
:1057000080E49BE10E940C1F8CE29BE10E940C1F35
:105710000E94B21D60E870E087E995E00E94571C86
:1057200087E995E00E94551F0FB6F894DEBF0FBEC3
:10573000CDBFFC012081223309F043C0019000203D
:10574000E9F79F012250310928173907D1F529813E
:10575000F30120833A8131838B8182832C812383DF
:10576000398534838A8585832B8526833C853783D9
:10577000F401A082B182C282D382E482F5820683E0
:1057800017831092620589E19BE10E940C1F80E063
:1057900064960FB6F894DEBF0FBECDBFDF91CF91F8
:1057A0001F910F91FF90EF90DF90CF90BF90AF903F
:1057B0009F908F907F906F905F904F903F902F9031
:1057C00008952D81F30120833E8131838F8182836F
:1057D000288523833D8534838E8585832F85268385
:1057E00038893783F40120823182428253822989A9
:1057F00024833A8935838B8986832C89278381E5A5
:105800009BE10E940C1F81E0C3CF2F923F924F92E9
:105810005F926F927F928F929F92AF92BF92CF9240
:10582000DF92EF92FF920F931F93CF93DF93CDB749
:10583000DEB7C450D1400FB6F894DEBF0FBECDBF67
:1058400068EF78E0CE0101964C010E94FC5761E2BE
:1058500072E0C4010E94045F6DE572E0C4010E9421
:10586000045F69E172E0C4010E94045F69EB72E0C9
:10587000C4010E94045FC4010E94ED1D90E080E01D
:105880000E942C5CC45DDE4F9881CC52D140292F00
:10589000092E000C330B3F939F931F928F9382ED41
:1058A00098E09F938F939F928F920E942F58C401EC
:1058B0000E94ED1D6CEB78E0C4010E94FC57BE0114
:1058C000635D7E4FC4010E94045FC4010E94ED1D10
:1058D00069EA78E0C4010E94FC570FB6F894DEBF75
:1058E0000FBECDBFC25CDE4FE881CE53D140E83061
:1058F000A0F4F0E08827E058F34D8F4F0C94065D3C
:10590000882CB52FB82FBE2FBB2FC12FC42FC72F68
:105910006FE978E0C4010E94F157C4010E94ED1DB7
:105920006DE278E0C4010E94FC57CC5ADE4FE8815A
:10593000F981C455D140D4010D900020E9F71E161D
:105940001F060CF427C3CD01FF93EF9320E238E04C
:105950003F932F9301979F938F930E942F580F90FF
:105960000F900F900F900F900F90C4010E94ED1DAB
:10597000C95ADE4F8881C755D1408F93CA5ADE4F2E
:105980008881C655D1408F9381ED97E09F938F9387
:105990009F928F920E942F58C4010E94ED1DC85AF9
:1059A000DE4F8881C855D140282F082E000C330BBC
:1059B0003F938F9384EC97E09F938F939F928F9266
:1059C0000E942F58C4010E94ED1DC45ADE4F8881E9
:1059D000CC55D1408F93C55ADE4F8881CB55D140ED
:1059E0008F93C65ADE4F8881CA55D1408F93C75ACC
:1059F000DE4F8881C955D1408F938EEA97E09F93FF
:105A00008F939F928F920E942F58C4010E94ED1D88
:105A1000CF59DE4F8881C156D140282F082E000C67
:105A2000330B3F938F93C05ADE4F8881C056D140CD
:105A3000282F082E000C330B3F938F93C15ADE4F53
:105A40008881CF55D140282F082E000C330B3F936F
:105A50008F9384E997E09F938F939F928F920E94F8
:105A60002F58C4010E94ED1DC15CDE4F1881CF5339
:105A7000D1400FB6F894DEBF0FBECDBFDE01AF57E9
:105A8000BF4F3D01112309F4BEC263E877E0CD01A9
:105A90000E94FC57F30101900020E9F73197108331
:105AA000F30101900020E9F71082B301C4010E94C4
:105AB000235FC4010E94ED1DC05CDE4F2880C054EE
:105AC000D140CF5BDE4F3880C154D140CE5BDE4F3A
:105AD0004880C254D140CD5BDE4F5880C354D14082
:105AE000CC5BDE4FB881C454D140CF5FDE4FB8836A
:105AF000C150D140CB5BDE4F4881C554D140CE5F11
:105B0000DE4F4883C250D140CA5BDE4F8881C65405
:105B1000D140CD5FDE4F8883C350D140C95BDE4F9B
:105B20009881C754D140CC5FDE4F9883C450D14098
:105B300020E4A22E32E4B32E4FE0C42ED12CE12C6F
:105B4000F12C00E010E09101A2016B2FCE5FDE4F3F
:105B50007881C250D1400E94A05D5F934F933F93E4
:105B60002F939101A201CF5FDE4F6881C150D140D8
:105B7000CE5FDE4F7881C250D140CD5FDE4F88814D
:105B8000C350D140CC5FDE4F9881C450D1400E94B9
:105B9000A25D5F934F933F932F9383E597E09F938D
:105BA0008F939F928F920E942F58C4010E94ED1DE7
:105BB000C85BDE4F2880C854D140C75BDE4F3880B9
:105BC000C954D140C65BDE4F4880CA54D140C55B42
:105BD000DE4F5880CB54D140C45BDE4FA881CC54FB
:105BE000D140CF5FDE4FA883C150D140C35BDE4FB1
:105BF000B881CD54D140CE5FDE4FB883C250D14082
:105C0000C25BDE4F4881CE54D140CD5FDE4F48832A
:105C1000C350D140C15BDE4F8881CF54D140CC5FAF
:105C2000DE4F8883C450D1409101A201BD01CD5FF8
:105C3000DE4F8881C350D140CC5FDE4F9881C45085
:105C4000D1400E94A05D5F934F933F932F939101AA
:105C5000A201CF5FDE4F6881C150D140CE5FDE4FE1
:105C60007881C250D140CD5FDE4F8881C350D14092
:105C7000CC5FDE4F9881C450D1400E94A25D5F93FB
:105C80004F933F932F9387E397E09F938F939F9238
:105C90008F920E942F58C4010E94ED1DCF5ADE4FF3
:105CA0008881C155D1408F93C05BDE4F8881C0553C
:105CB000D1408F9387E297E09F938F939F928F922B
:105CC0000E942F58C4010E94ED1D60E177E0C401DD
:105CD0000E94FC57C359DE4F8881CD56D1408F9327
:105CE000C459DE4F8881CC56D1408F93C559DE4FC1
:105CF0008881CB56D1408F93C659DE4F8881CA56D2
:105D0000D1408F93CB59DE4F8881C556D1408F93B8
:105D1000CC59DE4F8881C456D1408F93CD59DE4F88
:105D20008881C356D1408F93CE59DE4F8881C256A9
:105D3000D1408F9300EC12E01F930F937F926F92EC
:105D40000E94765F0FB6F894DEBF0FBECDBFB301E1
:105D5000C4010E94045FC4010E94ED1DCD5ADE4FB4
:105D60008881C355D1408F93CE5ADE4F8881C2556A
:105D7000D1408F9380E097E09F938F939F928F9273
:105D80000E942F58C4010E94ED1D6DEE76E0C40103
:105D90000E94FC57C358DE4F8881CD57D1408F9366
:105DA000C458DE4F8881CC57D1408F93C558DE4F01
:105DB0008881CB57D1408F93C658DE4F8881CA5710
:105DC000D1408F93CB58DE4F8881C557D1408F93F8
:105DD000CC58DE4F8881C457D1408F93CD58DE4FC9
:105DE0008881C357D1408F93CE58DE4F8881C257E8
:105DF000D1408F931F930F933E01B1EA6B0E711C3C
:105E00007F926F920E94765FB301C4010E94045F8B
:105E1000C4010E94ED1D6DED76E0C4010E94FC57A7
:105E2000C357DE4F8881CD58D1408F93C457DE4F82
:105E30008881CC58D1408F93C557DE4F8881CB588D
:105E4000D1408F93C657DE4F8881CA58D1408F9377
:105E5000CB57DE4F8881C558D1408F93CC57DE4F4A
:105E60008881C458D1408F93CD57DE4F8881C35865
:105E7000D1408F93CE57DE4F8881C258D1408F9347
:105E80001F930F933E0141EC640E711C7F926F9241
:105E90000E94765FB301C4010E94045FC4010E94A6
:105EA000ED1D61ED76E0C4010E94FC57C356DE4F44
:105EB0008881CD59D1408F93C456DE4F8881CC590B
:105EC000D1408F93C556DE4F8881CB59D1408F93F7
:105ED000C656DE4F8881CA59D1408F93CB56DE4FCC
:105EE0008881C559D1408F93CC56DE4F8881C459E3
:105EF000D1408F93CD56DE4F8881C359D1408F93C7
:105F0000CE56DE4F8881C259D1408F931F930F9395
:105F10008E010F511F4F1F930F930E94765F0FB694
:105F2000F894DEBF0FBECDBFB801C4010E94045F6C
:105F3000C4010E94ED1DCC5FDE4F0FB6F894DEBFAA
:105F40000FBECDBFDF91CF911F910F91FF90EF90CA
:105F5000DF90CF90BF90AF909F908F907F906F9089
:105F60005F904F903F902F9008956EE878E0D2CCEC
:105F70006DE778E0CFCC66E778E0CCCC6FE578E0F1
:105F8000C9CC60E578E0C6CC6AE478E0C3CC6EE3C7
:105F900078E0C0CC8D0101501109EA30F10534F5EB
:105FA000712C612C21E030E080E090E0AAE0B0E0CC
:105FB000AC010E94615C9B01BFEF6B1A7B0AE61586
:105FC000F705A1F79F938F933F936F93FF93EF9301
:105FD00086E098E09F938F931F930F930E942F5812
:105FE0000FB6F894DEBF0FBECDBFBFCCFF93EF93CB
:105FF000FF93EF938BEE97E09F938F931F930F93F5
:106000000E942F58EDCF6EE677E0C4010E94FC5746
:1060100050CD84E492E00E94DB1D87EB92E10E9468
:106020000C1F89E892E10E940C1F84E492E00E9418
:10603000DB1D83E792E10E940C1F8EE592E10E9436
:106040000C1F8DB79EB7885891090FB6F8949EBF64
:106050000FBE8DBFADB7BEB7119688E8E4E6F8E095
:1060600001900D928A95E1F70E94052C8DB79EB79D
:1060700088579F4F0FB6F8949EBF0FBE8DBF83E722
:1060800092E10E940C1F84E492E00E94DB1D81E0FB
:1060900008952F923F924F925F926F927F928F92CC
:1060A0009F92AF92BF92CF92DF92EF92FF920F93A7
:1060B0001F93CF93DF93CDB7DEB762970FB6F894F7
:1060C000DEBF0FBECDBFFC01892BD1F480E062960C
:1060D0000FB6F894DEBF0FBECDBFDF91CF911F91F9
:1060E0000F91FF90EF90DF90CF90BF90AF909F9077
:1060F0008F907F906F905F904F903F902F9008957A
:10610000E114F10411F0D7011C92DF010D90002081
:10611000E9F711974D018E1A9F0AB2E08B16910490
:1061200099F480818F3281F08181803269F081E041
:10613000D9018C93DB018C938081DA018C9381816E
:10614000F801808381E0C3CF2601180159015A8BE1
:10615000498B3B018F016FE270E0CF010E940F5F1E
:106160006C01892BC9F460E270E0C8010E940F5FE6
:106170006C01892B89F48A94892809F0A7CF81E0E2
:10618000D5018C93F3018083D8018C91F101808338
:10619000A989BA898C93D6CF0C151D0509F497C02F
:1061A0004601801A910AB0E18B16910418F09FE025
:1061B000892E912CA401B801CE0101960E94E85EBF
:1061C000E1E0F0E0EC0FFD1FE80DF91D1082CE01BB
:1061D00001960E94551FFC0101900020E9F79F01E4
:1061E000225031092817390709F071C0DC018C9160
:1061F000E989FA89808381E0D3018C93D6011196D5
:106200008C91882309F489C0BFEFCB1ADB0A6FE2B7
:1062100070E0C6010E940F5F8C01009709F460C016
:10622000E114F10409F45CC04114510409F458C0AC
:106230004C018C189D08E0E18E16910418F08FE057
:10624000882E912CA401B601CE0101960E94E85E31
:10625000E1E0F0E0EC0FFD1FE80DF91D1082CE012A
:1062600001960E94551FDC010D900020E9F79D0169
:10627000225031092817390769F5FC018081D101C5
:106280008C9381E0F5018083F8018181882329F1D5
:10629000B8016F5F7F4F40E150E0CE0101960E9450
:1062A0001B58CE0101960E94551FDC010D90002065
:1062B000E9F79D01225031092817390771F4FC01D3
:1062C0008081D2018C9381E0F701808300CFF301BC
:1062D000108294CFD5011C92D7CFD7011C9232CF18
:1062E00040E150E0B601CE0101960E941B58CE015C
:1062F00001960E94551FFC0101900020E9F79F01C3
:10630000225031092817390741F4DC018C91F10141
:10631000808381E0D5018C93DACEF501108212CF13
:106320002F923F924F925F926F927F928F929F92A5
:10633000AF92BF92CF92DF92EF92FF920F931F9393
:10634000CF93DF93CDB7DEB7CF5BD1090FB6F8940B
:10635000DEBF0FBECDBF5B01942E790130E020E09F
:106360000217130709F48BC2F7019491A701435D4B
:106370005F4F891721F02F5F3F4F7A01F1CFE11472
:10638000F10409F47CC231961491349645905590ED
:1063900065907490F7013D96259135914591549102
:1063A000CF55DF4F288339834A835B83C15AD0405E
:1063B000F701B396E491F701B59645915591659132
:1063C0007491F701339625913491F701B196859137
:1063D0009491153009F02FC1F7017D968591949124
:1063E00038E08838930709F097C0109188084093E7
:1063F0008808141325C041E0CF55DF4F4883C15AA8
:10640000D040CF55DF4F8881C15AD040C154DF4FB3
:106410000FB6F894DEBF0FBECDBFDF91CF911F91B5
:106420000F91FF90EF90DF90CF90BF90AF909F9033
:106430008F907F906F905F904F903F902F90089536
:1064400081E0809362051092970587E995E0239695
:106450009FAF8EAF239780E890E09A83898340E1D5
:1064600056E0BE016F5F7F4FCE018F5B9F4F0E9452
:10647000991BE091880844E95BE0E83038F4F0E0EB
:10648000EE0FFF1FE75FFD4F40815181BE016F5F3F
:106490007F4FCE018F5B9F4F0E94991B87E995E04C
:1064A0000E94ED1D992009F4C3C089E492E00E9486
:1064B000ED1D8FEF95E00E940C1F8BEE95E00E9482
:1064C0000C1F0E94B21D60E870E087E995E00E9411
:1064D000571C87E995E00E94551FDC012C9122335F
:1064E00009F0A6C0FC0101900020E9F79F012250AD
:1064F00031092817390709F09BC0109388081092BA
:10650000620588ED95E00E940C1FF1E0CF55DF4F4A
:10651000F883C15AD04075CF835A984009F06BCFA9
:10652000C090A308D090A408E090A508F090A60819
:106530004093A3085093A4086093A5087093A608FD
:106540004C155D056E057F0509F455CF81E08093FC
:1065500062051092970587E995E023969FAF8EAF6D
:10656000239780E890E09A83898345EB55E0BE014C
:106570006F5F7F4FCE018F5B9F4F0E94991BA701DA
:106580009601BE016F5F7F4FCE018F5B9F4F0E94D0
:10659000211B4EEA55E0BE016F5F7F4FCE018F5B3E
:1065A0009F4F0E94991B2091A3083091A40840910D
:1065B000A5085091A608BE016F5F7F4FCE018F5B8B
:1065C0009F4F0E94211B87E995E00E94ED1D9920B5
:1065D00079F189E492E00E94ED1D8FEF95E00E9431
:1065E0000C1F8BEE95E00E940C1F0E94B21D60E80C
:1065F00070E087E995E00E94571C87E995E00E94CA
:10660000551FDC012C91223399F4FC0101900020EC
:10661000E9F79F01225031092817390749F4C09240
:10662000A308D092A408E092A508F092A60867CF2C
:106630008AEC95E068CFA114B10421F0D5018C91CA
:10664000811117C0C9010E94BE1D60E870E087E992
:1066500095E00E94571C87E995E00E94551F5C0158
:10666000FC018081882309F4C6CEA114B10409F489
:10667000C2CEA301920160E070E0CB01CB55DF4FA9
:106680004882C55AD040CA55DF4F3883C65AD040D9
:10669000C955DF4F6882C75AD040C855DF4F58836D
:1066A000C85AD040C755DF4F6883C95AD040C65535
:1066B000DF4F7883CA5AD040C555DF4F8883CB5A05
:1066C000D040C455DF4F9883CC5AD040CF55DF4FD0
:1066D000688179818A819B81C15AD040AB01BC011C
:1066E00080E090E0DC01C355DF4F4883CD5AD040B5
:1066F000C255DF4F5883CE5AD040C155DF4F688313
:10670000CF5AD040C055DF4F7883C05BD040CF54C4
:10671000DF4F8883C15BD040CE54DF4F9883C25B8C
:10672000D040CD54DF4FA883C35BD040CC54DF4F63
:10673000B883C45BD040F7017D9625903490CF5745
:10674000DF4F1882C158D040CE57DF4F1882C25851
:10675000D040CD57DF4F1882C358D040CC57DF4FC1
:106760001882C458D040CB57DF4F1882C558D0404C
:10677000CA57DF4F1882C658D040C957DF4F18821A
:10678000C758D040C857DF4F1882C858D040C757A5
:10679000DF4F1882C958D040C657DF4F1882CA58F9
:1067A000D040C557DF4F1882CB58D040C457DF4F79
:1067B0001882CC58D040C357DF4F1882CD58D040F4
:1067C000C257DF4F1882CE58D040C157DF4F1882D2
:1067D000CF58D040C057DF4F1882C059D040CF5655
:1067E000DF4F1882C159D040CE56DF4F1882C259B0
:1067F000D040CD56DF4F1882C359D040CC56DF4F22
:106800001882C459D040CB56DF4F1882C559D040AA
:10681000CA56DF4F1882C659D040C956DF4F18827A
:10682000C759D040C856DF4F1882C859D040C75604
:10683000DF4F1882C959D040C656DF4F1882CA5957
:10684000D040C556DF4F1882CB59D040C456DF4FD9
:106850001882CC59D040C356DF4F1882CD59D04052
:10686000C256DF4F1882CE59D040123009F43AC2D6
:1068700060F4112309F4A9C0113009F4DCC1CF552B
:10688000DF4F1882C15AD040BCCD133009F41AC46E
:106890001430A9F729EA221628E0320609F0DBC5F0
:1068A000AE0143565F4F6A01BE0162567F4F7B01C6
:1068B0008E0106561F4F9E0124563F4F44505109EA
:1068C00063507109C5010E944930CF55DF4F88835D
:1068D000C15AD040882309F49FC1F090A9080091C3
:1068E000AA081091AB08C556DF4F8881CB59D0401C
:1068F000882339F0C756DF4F8881C959D04080932B
:10690000A908C456DF4F8881CC59D040882339F07C
:10691000C656DF4F8881CA59D0408093AA08C25614
:10692000DF4F8881CE59D040882339F0C356DF4FDE
:106930008881CD59D0408093AB0881E08093620577
:106940008091AB08282F082E000C330B3F938F93B8
:106950008091AA08282F082E000C330B3F938F93A9
:106960008091A908282F082E000C330B3F938F939A
:10697000812F012E000C990B9F931F93802F002EC7
:10698000000C990B9F930F938F2D0F2C000C990BDC
:106990009F93FF9286E994E09F938F9387E995E018
:1069A0009F938F930E942F58892D0E94731F0FB6BB
:1069B000F894DEBF0FBECDBF81111DCDF092A908A6
:1069C0000093AA081093AB08D0C5D5018C918823F9
:1069D00009F422C18B3219F08D3209F081C0B1E087
:1069E000CF55DF4FB883C15AD0408D3229F0CF55F3
:1069F000DF4F1882C15AD040EFEFAE1ABE0AD50160
:106A00008C91882309F408C1CB54DF4FB982A88246
:106A1000C55BD040F0E0E0E0512C712CC954DF4F51
:106A20001882C75BD040C854DF4F1882C85BD04083
:106A3000812C412CCB54DF4FA881B981C55BD0405C
:106A40006D90CB54DF4FB983A883C55BD0406620DF
:106A500009F44CC080ED860D8A3008F0DDC0AAE054
:106A6000AA2EB12CC12CD12CE12CF12C00E010E08D
:106A70002F2F3E2F452D572DC954DF4F6881C75BFF
:106A8000D040C854DF4F7881C85BD040882D942D0A
:106A90000E940E5D59016A017B018C01062C000CDD
:106AA0007708B0E36B1A7108972D990F990B930132
:106AB000492F592F692F792F892F0E94AD5EF22F10
:106AC000E32F542E752EC954DF4F6883C75BD04027
:106AD000C854DF4F7883C85BD040882E492EAACF98
:106AE000CF55DF4F1882C15AD04089CFCF55DF4FE5
:106AF0002881C15AD040222311F12F2F3E2F452D3E
:106B0000572DC954DF4F6881C75BD040C854DF4F51
:106B10007881C85BD040882D942D0E94305EF22F82
:106B2000E32F542E752EC954DF4F6883C75BD040C6
:106B3000C854DF4F7883C85BD040882E492ECF578A
:106B4000DF4FF883C158D040CE57DF4FE883C2589B
:106B5000D040CD57DF4F5882C358D040CC57DF4F7D
:106B60007882C458D040C954DF4FA881C75BD04059
:106B7000CB57DF4FA883C558D040C854DF4FB881EA
:106B8000C85BD040CA57DF4FB883C658D040C957FA
:106B9000DF4F8882C758D040C857DF4F4882C85857
:106BA000D040CB55DF4F2881C55AD040CA55DF4F62
:106BB0003881C65AD040C955DF4F4881C75AD040A6
:106BC000C855DF4F5881C85AD04060E070E080E07F
:106BD00090E0AF2EBE2EC52CD72C7D01082D142D94
:106BE0000E94CB5E09F0C4F4C355DF4F2881CD5A13
:106BF000D040C255DF4F3881CE5AD040C155DF4F0B
:106C00004881CF5AD040C055DF4F5881C05BD0403B
:106C10000E94CB5E0CF0ADC486EA95E00E940C1F8A
:106C200089E492E00E94ED1D71E0CF55DF4F78833B
:106C3000C15AD040E6CBF50101900020E9F7CF0121
:106C400002978A159B0541F7D5018C91082E000CFF
:106C5000990B0E94E05E182FB7016B5E7F4F48E0F2
:106C600050E0CE0101960E94E8578981882351F0B7
:106C7000612F012E000C770BCE0101960E940F5F51
:106C8000892B51F262EA261668E0360609F0E1C463
:106C90000091A2081093A20881E080936205812FE1
:106CA000012E000C990B9F931F93802F002E000C38
:106CB000990B9F930F9384E595E09F938F9387E9BA
:106CC00095E09F938F930E942F58892D0E94731FE8
:106CD0000FB6F894DEBF0FBECDBF81118CCB0093F1
:106CE000A20874C4F5018081882309F495CFBE0100
:106CF0006F577F4FC5010E941023CF55DF4F888308
:106D0000C15AD040882309F487CFCF57DF4F68801E
:106D1000C158D040CE57DF4F7880C258D040CD57B1
:106D2000DF4F8880C358D040CC57DF4F9880C4587D
:106D3000D040CB57DF4FB881C558D040CA57DF4F3E
:106D4000A881C658D040C957DF4FF881C758D040F6
:106D5000C857DF4FE881C858D0409301A4016B2F7A
:106D60007A2F8F2F9E2FCB55DF4FA880C55AD0404A
:106D7000CA55DF4FB880C65AD040C955DF4FC880CA
:106D8000C75AD040C855DF4FD880C85AD040E12CF0
:106D9000F12C00E010E00E94CB5E0CF43DCFC35517
:106DA000DF4FA880CD5AD040C255DF4FB880CE5AB1
:106DB000D040C155DF4FC880CF5AD040C055DF4FBB
:106DC000D880C05BD0400E94CB5E11F00CF024CF85
:106DD0002AE8221628E0320609F08EC430908A088C
:106DE000CB55DF4F3882C55AD04040908B08C355F1
:106DF000DF4F4882CD5AD04050908C08CB54DF4FA3
:106E00005882C55BD04030908D08C954DF4F38821E
:106E1000C75BD04020908E0830908F08409090083B
:106E20005090910860928A0870928B0880928C082A
:106E300090928D08B0938E08A0938F08F0939008DD
:106E4000E093910881E08093620550E4A52E62E40E
:106E5000B62E7FE0C72ED12CE12CF12C00E010E003
:106E6000CB55DF4F2881C55AD040C355DF4F3881FD
:106E7000CD5AD040CB54DF4F4881C55BD040C95478
:106E8000DF4F5881C75BD040B101C2010E94A05DB5
:106E90005F934F933F932F93CB55DF4F2881C55A74
:106EA000D040C355DF4F3881CD5AD040CB54DF4F4F
:106EB0004881C55BD040C954DF4F5881C75BD04083
:106EC000B101C2010E94A25D5F934F933F932F9344
:106ED00025EF32E03F932F931F9250E25F93BE0164
:106EE0006F5B7F4FC156DF4F79836883CF59D040A6
:106EF0007F936F930E94395FCF57DF4F7881C158DE
:106F0000D040C854DF4F7883C85BD040CE57DF4FA6
:106F10008881C258D040C754DF4F8883C95BD040B6
:106F2000CD57DF4F8880C358D040CC57DF4F988073
:106F3000C458D040CB57DF4F9881C558D040C65475
:106F4000DF4F9883CA5BD040CA57DF4FA881C6582D
:106F5000D040C554DF4FA883CB5BD040C957DF4F2B
:106F60006880C758D040C857DF4F7880C858D04095
:106F7000272F382FA401692F7A2FC3010E94A05D0B
:106F80005F934F933F932F93C854DF4F2881C85B83
:106F9000D040C754DF4F3881C95BD040A401C654EC
:106FA000DF4F6881CA5BD040C554DF4F7881CB5B2F
:106FB000D040C3010E94A25D5F934F933F932F93F4
:106FC000E5EFF2E0FF93EF931F9230E23F938E01E3
:106FD0000F5F1F4F1F930F930E94395F1F930F93F3
:106FE000C056DF4F4881C05AD0404F93C156DF4F43
:106FF0005881CF59D0405F938FE395E09F938F9353
:1070000087E995E09F938F930E942F580FB6F894CD
:10701000DEBF0FBECDBF87E995E00E94ED1D89E47C
:1070200092E00E94ED1D8FEF95E00E940C1F8BEE09
:1070300095E00E940C1F0E94B21D60E870E087E995
:1070400095E00E94571C87E995E00E94551FDC01DE
:107050002C91223309F029C5FC0101900020E9F7A9
:107060009F01225031092817390709F01EC5CB5559
:10707000DF4FF881C55AD040F0938A08C355DF4FDF
:107080002881CD5AD04020938B08CB54DF4F3881D4
:10709000C55BD04030938C08C954DF4F4881C75B33
:1070A000D04040938D0820928E0830928F084092F5
:1070B0009008509291081092620588ED95E00E9428
:1070C0000C1F9FC9D5018C91882309F4A5CD6FE2CF
:1070D00070E0C5010E940F5F8C01892B49F460E2CA
:1070E00070E0C5010E940F5F8C01892B09F494CDDB
:1070F0007801EA18FB08B0E4EB16F10408F08CCD37
:10710000A701B501CE018F5B9F4F0E942A5FE1E48A
:10711000F0E0EC0FFD1FEE0DFF1D1082B8016F5F58
:107120007F4FCE0101960E94235F22968FAD22975A
:10713000882309F471CDBE0167577F4FCE018F5B65
:107140009F4F0E941023882309F466CD89818823EC
:1071500009F462CDBE016F567F4FCE0101960E94A9
:107160001023CF55DF4F8883C15AD040882309F4BC
:1071700053CDC757DF4FE881C958D040CB54DF4FBC
:10718000E883C55BD040C657DF4FF881CA58D0406E
:10719000C954DF4FF883C75BD040C557DF4F4880E5
:1071A000CB58D040C854DF4F4882C85BD040C4574A
:1071B000DF4F5880CC58D040C754DF4F5882C95B4E
:1071C000D040C357DF4FA881CD58D040C654DF4FC1
:1071D000A883CA5BD040C257DF4FB881CE58D04099
:1071E000C554DF4FB883CB5BD040C157DF4FE88138
:1071F000CF58D040C454DF4FE883CC5BD040C05759
:10720000DF4FF881C059D040C354DF4FF883CD5BC6
:10721000D040CB54DF4F2881C55BD040C954DF4FED
:107220003881C75BD040A201BD01CF01CB55DF4FF4
:10723000A880C55AD040CA55DF4FB880C65AD04042
:10724000C955DF4FC880C75AD040C855DF4FD880D6
:10725000C85AD040E12CF12C00E010E00E94CB5E37
:107260000CF4DACCC355DF4FA880CD5AD040C255BC
:10727000DF4FB880CE5AD040C155DF4FC880CF5ABB
:10728000D040C055DF4FD880C05BD0400E94CB5E5D
:1072900011F00CF0C1CCCF56DF4FE881C159D0407E
:1072A000CE56DF4FF881C259D040CD56DF4FA8816E
:1072B000C359D040CC56DF4FB881C459D040CB56CB
:1072C000DF4F9880C559D040CA56DF4F8880C659D5
:1072D000D040C956DF4F7880C759D040C856DF4FDD
:1072E0006880C859D0409F01AD01692D782D872D48
:1072F000962DCB55DF4FA880C55AD040CA55DF4FD9
:10730000B880C65AD040C955DF4FC880C75AD04050
:10731000C855DF4FD880C85AD0400E94CB5E0CF4CD
:107320007BCCC355DF4FA880CD5AD040C255DF4F2C
:10733000B880CE5AD040C155DF4FC880CF5AD04018
:10734000C055DF4FD880C05BD0400E94CB5E11F0AB
:107350000CF062CC3CEA231638E0330609F0A8C3EF
:107360002091AC083091AD084091AE085091AF0823
:107370006091B0087091B1088091B2089091B30803
:1073800014EB212E18E0312EA090B408B090B5086F
:10739000C090B608D090B708E090B808F090B9084F
:1073A0000091BA081091BB0855245394509262057D
:1073B0000F2EF2E14F2EF3E05F2EF02D5F924F92F1
:1073C0003F922F920F2EFCEA4F2EF8E05F2EF02D09
:1073D0005F924F926F927F928F929F92BF93AF93E3
:1073E000FF93EF93C354DF4F4880CD5BD0404F9263
:1073F000C454DF4F5880CC5BD0405F92C554DF4F00
:10740000A881CB5BD040AF93C654DF4FB881CA5B35
:10741000D040BF93C754DF4FE881C95BD040EF93A2
:10742000C854DF4FF881C85BD040FF93C954DF4F89
:107430003880C75BD0403F92CB54DF4F4880C55B5C
:10744000D0404F920E94102B0FB6F894DEBF0FBEB3
:10745000CDBF0C940132D12CC12CF12CE12C8E012A
:1074600006561F4F9E0124563F4FAE0147565F4FB1
:10747000BE0165567F4FC5010E944930CF55DF4F91
:107480008883C15AD040882309F4C6CBF7EA2F1667
:10749000F8E03F0611F00C94FB310091A708109121
:1074A000A808C556DF4F8881CB59D040882339F0D2
:1074B000C756DF4F8881C959D0408093A708C4566A
:1074C000DF4F8881CC59D040882339F0C656DF4F32
:1074D0008881CA59D0408093A80881E080936205D2
:1074E0008091A708863421F08091A808863441F461
:1074F00081EE94E00E940C1F89E492E00E94ED1D51
:107500008091A808282F082E000C330B3F938F93EF
:107510008091A708282F082E000C330B3F938F93E0
:10752000812F012E000C990B9F931F93802F002E0B
:10753000000C990B9F930F9383EC94E09F938F9390
:1075400087E995E09F938F930E942F58892D0E9481
:10755000731F0FB6F894DEBF0FBECDBF81110C9420
:10756000FB310093A7081093A808109262050C94B1
:1075700001328EE9281688E0380691F500919E08C0
:1075800010919F08F0939E08E0939F0891E09093DC
:107590006205EF93FF931F930F938BE895E09F9302
:1075A0008F9387E995E09F938F930E942F58892DA1
:1075B0000E94731F0FB6F894DEBF0FBECDBF8111BE
:1075C0000C94FB3100939E0810939F081092620563
:1075D000B1E0CF55DF4FB883C15AD0400C9401328F
:1075E00020EA221628E0320611F00C94FB310091BB
:1075F000A0081091A108F093A008E093A10891E0E1
:1076000090936205EF93FF931F930F938DE695E0A0
:107610009F938F9387E995E09F938F930E942F58B4
:10762000892D0E94731F0FB6F894DEBF0FBECDBF29
:1076300081110C94FB310093A0081093A1081092C3
:10764000620551E0CF55DF4F5883C15AD0400C94AA
:107650000132E9E82E16E8E03E0611F00C94FB3109
:10766000009189081D3209F410E01093890881E027
:107670008093620565ED72E087E995E00E94235FE3
:10768000002361F1E7E9F5E0DF010D900020E9F763
:1076900011970C9301900020E9F7108260EF72E0DF
:1076A00087E995E00E94045F1123F9F0E7E9F5E02E
:1076B000DF010D900020E9F711971C930190002045
:1076C000E9F71082892D0E94731F81110C94FB3100
:1076D00000938908109262050C9485326BEE72E07B
:1076E00087E995E00E94045FD9CF6BEE72E087E9ED
:1076F00095E00E94045FE6CF52E9251658E0350672
:1077000011F00C94FB3130909208CB55DF4F38824A
:10771000C55AD04040909308C355DF4F4882CD5A98
:10772000D04050909408CB54DF4F5882C55BD04076
:1077300030909508C954DF4F3882C75BD040209005
:107740009608309097084090980850909908609259
:107750009208709293088092940890929508B09342
:107760009608A0939708F0939808E093990881E011
:107770008093620580E4A82E92E4B92E2FE0C22EF9
:10778000D12CE12CF12C00E010E0CB55DF4F28810B
:10779000C55AD040C355DF4F3881CD5AD040CB5465
:1077A000DF4F4881C55BD040C954DF4F5881C75B6C
:1077B000D040B101C2010E94A25D922E832E742E90
:1077C000652E30ECA32E4DEBB42E50EFC52EDD24EC
:1077D000DA94EE24EA94FF24FA940FEF1FEF292D98
:1077E000382D472D562D0E940E5DCB55DF4FA880BA
:1077F000C55AD040C355DF4FB880CD5AD040CB5486
:10780000DF4FC880C55BD040C954DF4FD880C75B0D
:10781000D040710182010E94AD5E5F934F933F9310
:107820002F936F927F928F929F9223E033E03F934A
:107830002F931F9250E25F93BE016F5B7F4FC15643
:10784000DF4F79836883CF59D0407F936F930E9435
:10785000395FCF57DF4F7881C158D040C854DF4FD0
:107860007883C85BD040CE57DF4F8881C258D04064
:10787000C754DF4F8883C95BD040CD57DF4F988115
:10788000C358D040C654DF4F9883CA5BD040CC5712
:10789000DF4FA881C458D040C554DF4FA883CB5BCD
:1078A000D040CB57DF4FB881C558D040C454DF4FCC
:1078B000B883CC5BD040CA57DF4FE881C658D04070
:1078C000C354DF4FE883CD5BD040C957DF4FF88109
:1078D000C758D040C254DF4FF883CE5BD040C85762
:1078E000DF4F2881C858D040C154DF4F2883CF5B79
:1078F000D04060E4A62E12E4B12E0FE0C02ED12CB1
:10790000E12CF12C00E010E0272F382F492F5A2FBF
:107910006B2F7E2F8F2FC154DF4F9881CF5BD040CC
:107920000E94A25D922E832E742E652E20ECA22E34
:107930003DEBB32E40EFC42EDD24DA94EE24EA941E
:10794000FF24FA940FEF1FEF292D382D472D0E94A9
:107950000E5DC854DF4FA880C85BD040C754DF4FCE
:10796000B880C95BD040C654DF4FC880CA5BD040E6
:10797000C554DF4FD880CB5BD040C454DF4FE88084
:10798000CC5BD040C354DF4FF880CD5BD040C254B5
:10799000DF4F0881CE5BD040C154DF4F1881CF5BF1
:1079A000D0400E94AD5E5F934F933F932F936F92B1
:1079B0007F928F929F9243E053E05F934F931F9289
:1079C00070E27F938E010F5F1F4F1F930F930E94F2
:1079D000395F1F930F93C056DF4F8881C05AD04044
:1079E0008F93C156DF4F9881CF59D0409F9384E247
:1079F00095E09F938F9387E995E09F938F930E94E3
:107A00002F580FB6F894DEBF0FBECDBF87E995E0C3
:107A10000E94ED1D89E492E00E94ED1D8FEF95E03C
:107A20000E940C1F8BEE95E00E940C1F0E94B21D5D
:107A300060E870E087E995E00E94571C87E995E0CF
:107A40000E94551FFC012081223379F5DC010D9045
:107A50000020E9F79D01225031092817390729F53F
:107A6000CB55DF4FB881C55AD040B0939208C3556B
:107A7000DF4FE881CD5AD040E0939308CB54DF4FDD
:107A8000F881C55BD040F0939408C954DF4F28813A
:107A9000C75BD040209395082092960830929708B3
:107AA000409298085092990806CB8AEC95E007CB53
:107AB0003CEB231638E0330609F075C02091BC0872
:107AC0003091BD084091BE085091BF086091C00838
:107AD0007091C1088091C208CB55DF4F8883C55A89
:107AE000D0409091C308A090C408B090C508C09041
:107AF000C608D090C708E090C808F090C908009167
:107B0000CA081091CB0855245394509262058CE119
:107B1000482E83E0582E5F924F9284EC482E88E0E6
:107B2000582E5F924F923F922F926F927F928F9238
:107B30009F92BF93AF93FF93EF93C354DF4FA881FE
:107B4000CD5BD040AF93C454DF4FB881CC5BD04005
:107B5000BF93C554DF4FE881CB5BD040EF93C65451
:107B6000DF4FF881CA5BD040FF93C754DF4F3880A6
:107B7000C95BD0403F92C854DF4F4880C85BD040BB
:107B80004F92C954DF4F5880C75BD0405F92CB54AF
:107B9000DF4FA881C55BD040AF93CB55DF4F8881C5
:107BA000C55AD0404FCC2CEC221628E03206A1F565
:107BB0002091CC083091CD084091CE085091CF084B
:107BC0006091D0087091D1088091D208CB55DF4FD9
:107BD0008883C55AD0409091D308A090D408B09023
:107BE000D508C090D608D090D708E090D808F0907B
:107BF000D9080091DA081091DB085524539450926B
:107C000062058AE2482E83E0582E5F924F9284EDFF
:107C1000482E88E0582E85CF2CED221628E032061B
:107C200011F00C94FB312091DC083091DD0840917B
:107C3000DE085091DF086091E0087091E1088091C2
:107C4000E208CB55DF4F8883C55AD0409091E308B6
:107C5000A090E408B090E508C090E608D090E7084E
:107C6000E090E808F090E9080091EA081091EB082C
:107C7000552453945092620585E3482E83E0582E94
:107C80005F924F9284EE482E88E0582E4ACF0F9391
:107C90001F9306E010E020E531E10E9490311F9132
:107CA0000F9108950C94473E0C94473E0C94473E28
:107CB0000C94473E0C94473E0F931F9306E010E050
:107CC00022E430E10E9490311F910F9108950F93AB
:107CD0001F9306E010E024E33FE00E9490311F91E3
:107CE0000F9108950F931F9308E010E02CEC3DE0F6
:107CF0000E9490311F910F910895CF92DF92EF92E1
:107D0000FF920F931F93CF93DF93CDB7DEB7C0548D
:107D1000D1090FB6F894DEBF0FBECDBFE62E0E948C
:107D2000551F8C01FC018081811102C081E02FC0B0
:107D3000082E000C990B0E94E05EF82EF8010190CD
:107D40000020E9F73197E01BF10B329780F5109294
:107D5000CE04F1E4FF1248C0F80101900020E9F7D9
:107D60003197E01BF10B329708F478C0F80181815C
:107D7000282F082E000C330B205331092A303105EF
:107D800008F06CC04E2D6EEC74E00E94723EC05C38
:107D9000DF4F0FB6F894DEBF0FBECDBFDF91CF919E
:107DA0001F910F91FF90EF90DF90CF900895F80111
:107DB00031969F012F5F3F4F8081803271F0AEEC92
:107DC000B4E090E080E02191322F3F7D41F08F338D
:107DD000910529F001962D93F6CFF901EACF825350
:107DE0009B4FFC011082B5CFF7E4FF121AC0F801D7
:107DF00001900020E9F73197E01BF10B329770F109
:107E0000F8018181282F082E000C330B20533109F3
:107E10002A30310518F54E2D6EEC74E00E945C3E60
:107E2000B6CFF8E4FF121AC0F80101900020E9F77C
:107E30003197E01BF10B329788F0F8018181282FF0
:107E4000082E000C330B205331092A30310530F451
:107E50004E2D6EEC74E00E94673E99CF06E415E16A
:107E600086ED95E1F8012491F21669F1085F1F4F44
:107E700080179107B9F740E450E0BE016F5F7F4F74
:107E800086ED95E10E94E01ACE0101960E94ED1D5B
:107E90004DCFF801349625913491B6016F5F7F4F35
:107EA0004E2DF901199573CF8230910549F4F801EF
:107EB0003496259134914E2D6EEC74E08F2DF1CFD8
:107EC0000397A9F3D8CF3196E4918E2F90E0F80173
:107ED0003396E491009759F38130910529F7F80121
:107EE000369685919491009709F420CFFC0119955D
:107EF0000E94B21D60E870E087E995E00E94571C7F
:107F000087E995E00E94551F6C01FC018081882360
:107F100009F40CCF282F082E000C330BA901405375
:107F200051094A30510508F4B4CF01900020E9F717
:107F30003197EC19FD09329708F4F8CEC9010E9477
:107F4000E05E2F2DFF0C330B8217930709F0EECE66
:107F5000F6018181282F082E000C330B20533109A4
:107F60002A30310508F0E2CEF8013496259134919B
:107F7000B6016E5F7F4F94CFBF92CF92DF92EF92A8
:107F8000FF920F931F93CF93DF93CDB7DEB7C05807
:107F9000D1090FB6F894DEBF0FBECDBF8BE3B82E6C
:107FA0000E9401290E94B21D60E870E087E995E017
:107FB0000E94571C87E995E00E94551F8C01FC0127
:107FC0008081882379F36BE370E0C8010E940F5F22
:107FD000892B09F454C04FE750E0B801CE01019657
:107FE0000E942A5FC058DF4F1882C058D040CE018F
:107FF00001967C01F7018081882391F26BE370E0A8
:10800000C7010E940F5F6C010097D9F0FC0110823C
:108010008C01C7010E94551FFC012081211119C04C
:10802000CD2809F4BDCFF801B1927F01808131964E
:108030008032D9F3882309F4B3CFE114F104D1F6E7
:10804000AFCFF70101900020E9F78F01015011092E
:10805000E0CF60E00E947D3E8111E2CFC058DF4F4B
:108060000FB6F894DEBF0FBECDBFDF91CF911F9149
:108070000F91FF90EF90DF90CF90BF90089561E057
:10808000C8010E947D3E81118BCFE8CF2F923F9295
:108090004F925F926F927F928F929F92AF92BF9218
:1080A000CF92DF92EF92FF920F931F93CF93DF93C4
:1080B000CDB7DEB7C259D1090FB6F894DEBF0FBEF7
:1080C000CDBF60E082E10E94450F61E08CE00E943C
:1080D000450F61E08DE00E94450F61E082E40E945F
:1080E000450F61E083E40E94450F61E081E40E9456
:1080F000450F8091080180648093080180910801F8
:108100008061809308018091080180688093080154
:10811000809108018062809308010E94C41160E090
:1081200072EC81E090E00E94190E6CED75E080E049
:1081300090E00E94B20F89E196E00E94A411BE0176
:1081400067577F4F80EF9FE00E942F20BE016F5F37
:108150007F4F84EF9FE00E942F20C757DF4F888119
:108160009981AA81BB81C958D04049815A816B81CC
:108170007C818F3F2FEF9207A207B20709F0CEC292
:108180004F3F5F4F6F4F7F4F09F0D1C286EE96E1B0
:108190000E940C1F86E30E94760FBC01990F880B8A
:1081A000990B611571058105910511F00E947856B2
:1081B0000E9429562FEF3FEF40E050E00E94425CC2
:1081C000C757DF4F688379838A839B83C958D04020
:1081D00089E30E94760FBC01990F880B990B6115FA
:1081E00071058105910511F00E9478560E9429566B
:1081F0002FEF3FEF40E050E00E94425C69837A83BA
:108200008B839C83BE0167577F4F80EF9FE00E9466
:108210005723BE016F5F7F4F84EF9FE00E9457237B
:108220008C818F938B818F938A818F9389818F9398
:10823000C457DF4F8881CC58D0408F93C557DF4F4C
:108240008881CB58D0408F93C657DF4F8881CA585A
:10825000D0408F93C757DF4F8881C958D0408F9344
:108260008CE393E09F938F9387E798E09F938F939E
:108270000E94765F86ED96E10E94BE1D87E798E03A
:108280000E94DB1D6CE47DE180E090E00E94B20F73
:108290000FB6F894DEBF0FBECDBF90E080E00E9425
:1082A0002C5C8D3009F43AC18AE399E10E940C1FDD
:1082B0008DE0898341E150E061E272E0CE010296F7
:1082C0000E942A5F84E48B8B41E150E067E778E00D
:1082D000CE0144960E942A5F1DA21EA280E88FA3B1
:1082E00086E988A788E989A71AA61BA61CA61DA649
:1082F0001EA61FA681EE88AB85EF89AB85E08AAB11
:108300001BAA1CAA1DAA1EAA84E190E098AF8FABFD
:1083100085E090E09AAF89AF1CAE1BAE8BE090E099
:108320009EAF8DAF80E58FAF80E092ECA1E0B0E032
:1083300024968CAF9DAFAEAFBFAF249781E4279654
:108340008FAF279782E428968FAF289783E42996EA
:108350008FAF29972A961FAE2A972B961FAE2B9781
:108360002C961FAE2C972D961FAE2D972E961FAED6
:108370002E972F961FAE2F9760961FAE609761962F
:108380001FAE619762961FAE629763961FAE6397AA
:1083900064961FAE649765961FAE659766961FAE8E
:1083A000669767961FAE679768961FAE689769963F
:1083B0001FAE699782E525968FAF259726968FAFDA
:1083C000269794EC6A969FAF6A9789E06B968FAF79
:1083D0006B976C961FAE6C976D961FAE6D976E96F1
:1083E0001FAE6E976F961FAE6F97A0961FAEA097A9
:1083F000A1961FAEA197A2969FAFA297A3968FAF0B
:10840000A397A4961FAEA497A5961FAEA597A69670
:108410001FAEA697A7961FAEA797A8961FAEA897C0
:10842000A9961FAEA997AA961FAEAA97AB961FAEA4
:10843000AB97AC961FAEAC97AD961FAEAD97AE9610
:108440001FAEAE97AF961FAEAF97E0961FAEE09708
:10845000E1961FAEE197E2961FAEE297E3961FAE5C
:10846000E397E4961FAEE497E5961FAEE597E69690
:108470001FAEE697E7961FAEE797E8961FAEE89720
:10848000E9961FAEE997EA961FAEEA97EB961FAE04
:10849000EB97EC961FAEEC97ED961FAEED97EE9630
:1084A0001FAEEE97EF961FAEEF97C158DF4F1882C1
:1084B000CF57D040C058DF4F1882C058D040CF5758
:1084C000DF4F1882C158D040CE57DF4F1882C258B4
:1084D000D040CD57DF4F1882C358D040CC57DF4F24
:1084E0001882C458D040CB57DF4F1882C558D040AF
:1084F000CA57DF4F1882C658D040C957DF4F18827D
:10850000C758D040C857DF4F1882C858D040BE0166
:108510006F5F7F4F90E080E00E94142454E6852E28
:1085200058E0952E10E000E0C8010E942C5CF40198
:1085300081934F010F5F1F4F08381105A9F78091F4
:10854000AB08811103C083E48093AB080E94C4117F
:108550006091A3087091A4088091A5089091A60845
:108560000E94190E6CED75E080E090E00E94B20F61
:1085700089E196E00E94A4119FB7F89480910E05BE
:10858000882319F0815080930E0580910E0581118A
:1085900005C08CB58F7B8CBD109218069FBF1FB78E
:1085A000F89480910E05811127C0ECE7FAE18491DF
:1085B000E2ECFAE19491E82FF0E0EE0FFF1FE750B4
:1085C000F64EA591B491EC91E92321F461E085E3A5
:1085D0000E94170F61E085E30E94450F8CB5806112
:1085E0008CBD8CB580648CBD61E084E30E94450F36
:1085F00061E083E30E94450F80910E058F5F8093B9
:108600000E051FBF84E492E00E94DB1D8BE199E11F
:108610000E940C1F8DEE98E10E940C1F84E492E0F2
:108620000E94DB1D87ED98E10E940C1F82EC98E10F
:108630000E940C1F8DB79EB7885891090FB6F89409
:108640009EBF0FBE8DBFADB7BEB7119688E8E4E6FA
:10865000F8E001900D928A95E1F70E94052C0FB683
:10866000F894DEBF0FBECDBF87ED98E10E940C1FCE
:1086700084E492E00E94DB1D809163058111F3C2C6
:108680008FE998E10E940C1F84E492E00E94B01DE3
:1086900007E010E06AEF70E080E090E00E94B20F27
:1086A0008EE20E949F1189E196E00E941511892BAC
:1086B00009F054C06AEF70E080E090E00E94B20FD1
:1086C0008EE20E949F1189E196E00E941511892B8C
:1086D00009F044C06AEF70E080E090E00E94B20FC1
:1086E0008EE20E949F1189E196E00E941511892B6C
:1086F000A9F56AEF70E080E090E00E94B20F8EE290
:108700000E949F1189E196E00E941511892B31F595
:108710000150110909F0BECF10E021C00097A1055A
:10872000B10529F4452B462B472B09F42FCD2C817D
:108730002F932B812F932A812F9329812F93BF93DE
:10874000AF939F938F938CE393E09F938F9387E7EF
:1087500098E09F938F930E94765F9ACD11E087E413
:1087600092E00E94A31D89E196E00E941511892BD9
:1087700029F089E196E00E94F310F5CF112331F042
:108780000E94421C0E94BC3F0E942D1F80919208B3
:108790008093640580919308809365058091940887
:1087A000809366058091950880936705809196086F
:1087B0008093680580919708809369058091980857
:1087C00080936A058091990880936B05A0908A0830
:1087D000B0908B08C0908C08D0908D08E0908E08E7
:1087E000F0908F08009190081091910820E030E1FE
:1087F00045EA54ED68EE70E080E090E00E94A25DF2
:1088000020931105309312054093130550931405DE
:1088100060931505709316058093170590931805BE
:1088200020909A0830909B083092100520920F05F6
:1088300096EB492E96E0592EE9EAF8E0CF56DF4F45
:10884000F983E883C159D0402CEA622E28E0722EC9
:108850003EEF832E36E0932E8EE397E0C357DF4F33
:1088600099838883CD58D040C157DF4F1982188231
:10887000CF58D040F20113AEFB96118212821382C0
:108880001482158216821782E3E9C157DF4F88816F
:108890009981CF58D040E89FD001E99FB00D1124B5
:1088A000AA54B94FFD013B961B961C92118212826D
:1088B00013821482158216821782D2019B961C9213
:1088C0009B979C961C929C979D961C929D979E961A
:1088D0001C929E979F961C929F97D0961C92D09721
:1088E000D1961C92D197D2961C92F40110821182DB
:1088F00012821382148215821682178210861186C4
:10890000128613861486158616861786108A118A93
:10891000128A138A148A158A168A178A10AE11AE23
:1089200012AE13AE14AE15AE16AE17AECF56DF4F65
:10893000E881F981C159D0408191CF56DF4FF98349
:10894000E883C159D040C357DF4FA881B981CD58C2
:10895000D04018968C93F30120813181428153815C
:108960006481758186819781F8E06F0E711CD40156
:1089700058962C93589759963C9359975A964C93DE
:108980005A975B965C935B975C966C935C975D964D
:108990007C935D975E968C935E975F969C93D301D4
:1089A0001896EC91D4019096EC93D3011996EC9122
:1089B000D4019196EC93D3011A96EC91D40192963E
:1089C000EC93D3011B96EC91D4019396EC93D301D5
:1089D0001C96EC91D4019496EC93D3011D96EC91E6
:1089E000D4019596EC93D3011E96EC91D401969602
:1089F000EC93D3011F96EC91D4019796EC93D3019D
:108A00005896EC91D4019896EC93D3015996EC9139
:108A1000D4019996EC93D3015A96EC91D4019A968D
:108A2000EC93D3015B96EC91D4019B96EC93D3012C
:108A30005C96EC91D4019C96EC93D3015D96EC91FD
:108A4000D4019D96EC93D3015E96EC91D4019E9651
:108A5000EC93D3015F96EC91D4019F96EC939F9792
:108A6000F301A0A4B1A4C2A4D3A4E4A4F5A406A5D0
:108A700017A50E94AD5ED0962C93D097D1963C93CB
:108A8000D197D2964C93D297D3965C93D397D496A2
:108A90006C93D497D5967C93D597D6968C93D6978E
:108AA000D7969C93C357DF4FA881B981CD58D0404A
:108AB0001D921D921D921C921397FD011482158226
:108AC000168217828091A0089091A1088D3091059F
:108AD0000CF0D5C097FD80E08093010280919E0844
:108AE00080930002F1E0F093190560E0D2018C91CF
:108AF0000E94170F65E070E080E090E00E94B20FE6
:108B000061E0F20180810E94170F65E070E080E073
:108B100090E00E94B20F40E4FAE02F16310459F0C1
:108B200040EC28E22216310431F040E882E02816B9
:108B3000310409F440E0C357DF4FA881B981CD5813
:108B4000D0401A964C9361E0C2010E949E1347E008
:108B500063E0C2010E949E1340919C0866E0C2013E
:108B60000E949E1340E067E0C2010E949E13F20142
:108B70008281803309F085C08091A708863409F08E
:108B800085C088E08368C357DF4FA881B981CD587D
:108B9000D04019968C93C2010E944D14C2010E94CC
:108BA0006019B3E94B0E511CE3E98E0E911CC357BB
:108BB000DF4F88819981CD58D0408D569F4FC35744
:108BC000DF4F99838883CD58D040C157DF4FA881AC
:108BD000B981CF58D040119709F048C08091A208C0
:108BE000803509F0A4C060ED77E080E090E00E945D
:108BF000B20F61E08EE30E94450F60E08EE30E94B9
:108C0000170F68EE73E080E090E00E94B20F82E1FF
:108C10000E94EE0E21E0892B09F420E002E010E032
:108C2000822E912C8FE0682E712C82E10E94EE0E34
:108C30008815990569F5C3010197F1F7033311050B
:108C4000A0F70F5F1F4F0233110579F784E492E01C
:108C50000E94DB1D84E492E00E94DB1D87E493E028
:108C60000E94DB1DE2CF1092630590CDA1E0B0E041
:108C7000C157DF4FB983A883CF58D040FBCD8CE0DC
:108C80002BCF813319F48091A80878CF80E07ACF78
:108C900061E08EE30E94170F8EE30E94EE0E892B97
:108CA000D9F310925605109257051092580510925C
:108CB000590510925A0510925B0510925C051092AE
:108CC0005D0542E06EED79E182E10E94B21C43E075
:108CD00062E07AE182E00E94B21C43E06DE17AE159
:108CE00083E00E94B21C60E08EE30E94170F60E0F8
:108CF0008EE30E94450F80916D05811177C084E459
:108D000092E00E94DB1DE0918808E83008F06EC018
:108D1000F0E08827E157F94B8F4F0C94065DA4468D
:108D2000C346D646C646C946CC46CF46294784E404
:108D300092E00E94DB1D84E492E00E94DB1D81E74B
:108D400093E00E94DB1DA8CF66E878E1CE01019692
:108D50000E94FC5784E492E00E94B01DCE0101966F
:108D60000E94B01D8091A0089091A1080E94B41F9C
:108D700065E778E1CE0101960E94FC57CE0101968D
:108D80000E94DB1D33C067E478E1E0CF61E278E167
:108D9000DDCF6BE078E1DACF66ED77E1D7CF84E421
:108DA00092E00E94B01D63EA77E1E4CF84E492E0B0
:108DB0000E94B01D6BE777E1CE0101960E94FC573F
:108DC000CE0101960E94DB1D84E492E00E94B01D5A
:108DD00066E277E1CE0101960E94FC57CE01019632
:108DE0000E94DB1D87E492E00E94A31D8091080190
:108DF0008F7B80930801809108018F7E809308010A
:108E0000809108018F7780930801809108018F7D00
:108E10008093080180910801877F80930801CE56D6
:108E2000DF4F0FB6F894DEBF0FBECDBFDF91CF91FD
:108E30001F910F91FF90EF90DF90CF90BF90AF9078
:108E40009F908F907F906F905F904F903F902F906A
:108E5000089584E492E00E94B01D6BE077E18ACF30
:108E60001F920F920FB60F9211242F933F938F935F
:108E70009F93AF93BF9380916F0590917005A091E0
:108E80007105B091720530916E0523E0230F2D37E7
:108E900058F50196A11DB11D20936E0580936F05B5
:108EA00090937005A0937105B0937205809173053E
:108EB00090917405A0917505B09176050196A11D5C
:108EC000B11D8093730590937405A0937505B093BD
:108ED0007605BF91AF919F918F913F912F910F9008
:108EE0000FBE0F901F90189526E8230F0296A11D24
:108EF000B11DD2CF1F920F920FB60F9211240BB655
:108F00000F922F933F934F935F936F937F938F9322
:108F10009F93AF93BF93EF93FF9389E196E00E94F5
:108F20002B11FF91EF91BF91AF919F918F917F9105
:108F30006F915F914F913F912F910F900BBE0F90CA
:108F40000FBE0F901F9018951F920F920FB60F92A1
:108F500011240BB60F922F938F939F93EF93FF9350
:108F6000E0912906F0912A068081E0912F06F09188
:108F7000300682FD1DC09081809132068F5F8F7315
:108F800020913306821741F0E0913206F0E0E75E6F
:108F9000F94F958F80933206FF91EF919F918F91BA
:108FA0002F910F900BBE0F900FBE0F901F90189532
:108FB0008081F2CF1F920F920FB60F9211240BB641
:108FC0000F922F933F934F935F936F937F938F9362
:108FD0009F93AF93BF93CF93EF93FF93909106012D
:108FE000C091AD048091AC043091AB04292F209541
:108FF00023238923822B20916D00C927C223C823F4
:109000009093AD04CC23C1F1C0FF05C0E0919B0457
:10901000F0919C041995C1FF05C0E0919D04F09169
:109020009E041995C2FF05C0E0919F04F091A00431
:109030001995C3FF05C0E091A104F091A204199510
:10904000C4FF05C0E091A304F091A4041995C5FFE5
:1090500005C0E091A504F091A6041995C6FF05C0CE
:10906000E091A704F091A8041995C7FF05C0E0910D
:10907000A904F091AA041995FF91EF91CF91BF91A6
:10908000AF919F918F917F916F915F914F913F91A0
:109090002F910F900BBE0F900FBE0F901F90189541
:1090A0001F920F920FB60F9211240BB60F922F93AF
:1090B0003F934F935F936F937F938F939F93AF9360
:1090C000BF93CF93EF93FF9390910301C0919A04C4
:1090D0008091990430919804292F20952323892386
:1090E000822B20919704C927C223C82390939A0406
:1090F000CC2389F1C0FF05C0E0918904F0918A0476
:109100001995C1FF05C0E0918B04F0918C0419956D
:10911000C2FF05C0E0918D04F0918E041995C3FF44
:1091200005C0E0918F04F09190041995C4FF05C02B
:10913000E0919104F09192041995C5FF05C0E0916A
:109140009304F09194041995C6FF05C0E09195042D
:10915000F09196041995FF91EF91CF91BF91AF9146
:109160009F918F917F916F915F914F913F912F913F
:109170000F900BBE0F900FBE0F901F9018951F926F
:109180000F920FB60F9211240BB60F922F933F93AD
:109190004F935F936F937F938F939F93AF93BF93FF
:1091A000CF93EF93FF9393B1C0918804809187048C
:1091B00030918604292F209523238923822B209107
:1091C0006B00C927C223C82390938804CC23C1F124
:1091D000C0FF05C0E0917604F09177041995C1FFB6
:1091E00005C0E0917804F09179041995C2FF05C09B
:1091F000E0917A04F0917B041995C3FF05C0E091DA
:109200007C04F0917D041995C4FF05C0E0917E04B3
:10921000F0917F041995C5FF05C0E0918004F0919D
:1092200081041995C6FF05C0E0918204F091830482
:109230001995C7FF05C0E0918404F0918504199544
:10924000FF91EF91CF91BF91AF919F918F917F91BE
:109250006F915F914F913F912F910F900BBE0F90A7
:109260000FBE0F901F9018951F920F920FB60F927E
:1092700011240BB60F922F933F934F935F936F93ED
:109280007F938F939F93AF93BF93EF93FF93E0915F
:109290007404F09175041995FF91EF91BF91AF910E
:1092A0009F918F917F916F915F914F913F912F91FE
:1092B0000F900BBE0F900FBE0F901F9018951F922E
:1092C0000F920FB60F9211240BB60F922F933F936C
:1092D0004F935F936F937F938F939F93AF93BF93BE
:1092E000EF93FF93E0917204F09173041995FF914D
:1092F000EF91BF91AF919F918F917F916F915F910E
:109300004F913F912F910F900BBE0F900FBE0F907A
:109310001F9018951F920F920FB60F9211240BB643
:109320000F922F933F934F935F936F937F938F93FE
:109330009F93AF93BF93EF93FF93E0917004F091ED
:1093400071041995FF91EF91BF91AF919F918F910A
:109350007F916F915F914F913F912F910F900BBE35
:109360000F900FBE0F901F9018951F920F920FB67F
:109370000F9211240BB60F922F933F934F935F934D
:109380006F937F938F939F93AF93BF93EF93FF93CD
:10939000E0916E04F0916F041995FF91EF91BF91E8
:1093A000AF919F918F917F916F915F914F913F917D
:1093B0002F910F900BBE0F900FBE0F901F9018951E
:1093C0001F920F920FB60F9211240BB60F922F938C
:1093D0003F934F935F936F937F938F939F93AF933D
:1093E000BF93EF93FF93E0916C04F0916D04199596
:1093F000FF91EF91BF91AF919F918F917F916F916D
:109400005F914F913F912F910F900BBE0F900FBE28
:109410000F901F9018951F920F920FB60F92112464
:109420000BB60F922F933F934F935F936F937F935E
:109430008F939F93AF93BF93EF93FF93E0916A0451
:10944000F0916B041995FF91EF91BF91AF919F91AE
:109450008F917F916F915F914F913F912F910F90DD
:109460000BBE0F900FBE0F901F9018951F920F927A
:109470000FB60F9211240BB60F922F933F934F9379
:109480005F936F937F938F939F93AF93BF93EF936C
:10949000FF93E0916804F09169041995FF91EF91B1
:1094A000BF91AF919F918F917F916F915F914F91FC
:1094B0003F912F910F900BBE0F900FBE0F901F90FA
:1094C00018951F920F920FB60F9211240BB60F92A0
:1094D0002F933F934F935F936F937F938F939F93BC
:1094E000AF93BF93EF93FF93E0916604F09167040D
:1094F0001995FF91EF91BF91AF919F918F917F91BE
:109500006F915F914F913F912F910F900BBE0F90F4
:109510000FBE0F901F901895CF92DF92EF92FF929F
:109520000F931F93CF93DF93E9E1F6E0138212824A
:1095300088EE93E0A0E0B0E084839583A683B783B0
:1095400086E392E09183808385EC90E09587848721
:1095500084EC90E09787868780EC90E0918B808BFD
:1095600081EC90E0938B828B82EC90E0958B848BE6
:1095700086EC90E0978B868B118E128E138E148E54
:109580008DE0809364088093DC07C6EBD6E084E02E
:1095900090E09983888380E38A8382E090E09C83D3
:1095A0008B838AE090E09E838D8386E090E09887AD
:1095B0008F8384E490E09A87898761E084E00E9449
:1095C000450F60E08D810E94450F61E08F810E9410
:1095D000450F60E08B810E94450F61E089850E9404
:1095E000450F85E090E090934A078093490781E317
:1095F00080934B070CE417E083E090E0F80191833F
:1096000080838EE4C82E87E0D82E8BE090E0F601B0
:109610009183808390E5E92E97E0F92E87E090E032
:10962000F70191838083C2E5D7E085E490E09983D8
:10963000888361E085E00E94450F60E0F60180814B
:109640000E94450F61E0F70180810E94450F60E0B4
:10965000F80180810E94450F61E08881DF91CF9100
:109660001F910F91FF90EF90DF90CF900C94450FDA
:10967000CF93DF93CDB7DEB7C95AD1090FB6F894AF
:10968000DEBF0FBECDBF789484B5826084BD84B543
:10969000816084BD85B5826085BD85B5816085BDED
:1096A00080916E00816080936E00109281008091A5
:1096B000810082608093810080918100816080932D
:1096C0008100809180008160809380008091B10052
:1096D00084608093B1008091B00081608093B0007D
:1096E00080919100826080939100809191008160CF
:1096F0008093910080919000816080939000809190
:10970000A10082608093A1008091A100816080937C
:10971000A1008091A00081608093A0008091210130
:1097200082608093210180912101816080932101D9
:109730008091200181608093200180917A00846073
:1097400080937A0080917A00826080937A00809181
:109750007A00816080937A0080917A00806880939B
:109760007A001092C1009E012F5F3F4FC356DF4F1A
:1097700039832883CD59D0400E94464080916D05A1
:10978000882309F4D0C210926D0581E08093040211
:109790008DEC99E10E940C1F0E94E111EDCF89EA46
:1097A00099E10E940C1F409147074E7F60E086EBD5
:1097B00096E00E949E134091DA074E7F60E089E4B4
:1097C00097E00E949E138AE799E10E940C1F86EBA6
:1097D00096E00E94601989E497E00E9460196AE0AF
:1097E00070E080E090E00E94B20F89E196E00E9474
:1097F0001511892B29F089E196E00E94F310F5CF2D
:109800000E94421C0E94BC3F89E196E00E94151113
:10981000892B29F089E196E00E94F310F5CF0E9490
:109820002D1F0E94C51B882331F081E080936305C2
:1098300080930402B1CF8FE599E10E940C1F86EB63
:1098400096E00E94D81389E497E00E94D813109202
:10985000620580918908882331F090916C05891305
:1098600002C09924939480910402882391F110926C
:109870005E0510925F05109260051092610570916F
:109880005605609157055091580540915905309102
:109890005A0520915B0590915C0580915D05709360
:1098A0004E0560934F0550935005409351053093FA
:1098B00052052093530590935405809355051092BB
:1098C0004D051092040264E670E080E090E00E9492
:1098D000B20F0E948D0F00915E0510915F052091DF
:1098E0006005309161056B017C01C01AD10AE20A62
:1098F000F30A970186010B3F11052105310508F494
:1099000051C060935E0570935F05809360059093EE
:109910006105F894409056055090570560905805A1
:109920007090590580905A05B0915B05A0915C0537
:10993000F0915D057894A0904E05B0904F05C090D1
:109940005005D0905105E0905205F09053050091DC
:109950005405109155059201A301682D7B2F8A2F84
:109960009F2FE0914D050E94CB5E09F467C0E11185
:1099700009C080910801886080930801DD24D39498
:10998000D0924D0540924E0550924F056092500581
:109990007092510580925205B0935305A0935405DF
:1099A000F09355058091BB060E94EE0E8C018091CC
:1099B0004E070E94EE0E012B09F0F9C02091880895
:1099C000892B09F094C0809108018064809308017C
:1099D000809108018061809308018091080180686E
:1099E00080930801809108018062809308012230F1
:1099F00009F048C086EB96E00E947816882351F063
:109A0000809108018F7B80930801809108018F7EEF
:109A10008093080189E497E00E94781681115CC068
:109A20008091FD06811105C080919007882309F47B
:109A30007AC1911012C11092FD061BC3EE2309F4E6
:109A4000B1CF80910801877F809308018DE993E071
:109A50000E94DB1D86EB93E00E94DB1D10924D05FA
:109A600089E196E00E941511892B39F46AE070E0D3
:109A700080E090E00E94B20FF3CF89E196E00E946F
:109A8000F3108ACE7090640580906505A0906605FD
:109A9000B0906705C0906805D0906905E0906A05B0
:109AA000F0906B05072D182D9501A601B70186EBE7
:109AB00096E00E943C179501A601B70189E497E062
:109AC0000E943C17809108018F7B80930801809150
:109AD00008018F7E80930801809108018F77809321
:109AE0000801809108018F7D8093080199CF8091B2
:109AF000080180648093080180910801806180934F
:109B00000801223081F486EB96E00E9478168823C3
:109B100009F486CF809108018F7B809308018091A2
:109B200008018F7EE1CF00916405109165052091B9
:109B3000660530916705409168055091690560910F
:109B40006A0570916B0586EB96E00E943C17809148
:109B500008018F7B80930801809108018F7E80939C
:109B6000080180914E070E94EE0E892B09F058CF14
:109B700080910801806880930801809108018062CB
:109B80008093080100916405109165052091660598
:109B900030916705409168055091690560916A05AB
:109BA00070916B0589E497E00E943C1795CF892B53
:109BB00009F036CF80910801806880930801809178
:109BC000080180628093080180918808823009F43E
:109BD00021CF0091640510916505209166053091B3
:109BE0006705409168055091690560916A0570911B
:109BF0006B0589E497E00E943C17809108018F77FC
:109C000080930801809108018F7D809308018091E5
:109C1000BB060E94EE0E892B09F002CF809108014D
:109C2000806480930801809108018061809308011D
:109C300000916405109165052091660530916705D6
:109C4000409168055091690560916A0570916B05B6
:109C500086EB96E00E943C175DCFE0918808F3E028
:109C6000E43009F0F2E08091FD068823E9F02091CC
:109C7000F1063091F2064091F3065091F40660919E
:109C8000F5067091F6068091F7069091F806AF2ED2
:109C9000B12CC12CD12CE12CF12C00E010E00E9461
:109CA000CB5E14F41092FD06809190078823E9F0B2
:109CB000209184073091850740918607509187074E
:109CC000609188077091890780918A0790918B072E
:109CD000AF2EB12CC12CD12CE12CF12C00E010E0E6
:109CE0000E94CB5E14F4109290078091FD068111C2
:109CF00004C0809190078823B1F0E33011F0E53083
:109D000041F48091FD06882371F0809190078823AB
:109D100051F0E33009F428C348F5EE2309F480C17B
:109D2000E13009F499C299249394809189088111B2
:109D3000912C89E196E00E941511181619060CF075
:109D400092CD89E196E00E94F31080936C058332F6
:109D500009F07FCD89E196E00E941511892B09F465
:109D60001ECD89E196E00E94F310F4CFE53009F4AE
:109D700047C508F400C1A6EBEA2EA6E0FA2EE630AD
:109D800091F6670127E4C20ED11CD6018C9188237D
:109D900009F4E5C0F70186898F9385898F938489BB
:109DA0008F9383898F932EEE33E03F932F9381E03F
:109DB00090E08C0F9D1F9F938F930E94765F8C0184
:109DC000D7015A968C915A978F9359968C9159979F
:109DD0008F9358968C9158978F9357968C918F9319
:109DE000EEEEF3E0FF93EF9381E090E08C0F9D1F88
:109DF000800F911F9F938F930E94765F080F191F0A
:109E0000D70192968C9192978F9391968C9191977E
:109E10008F9390968C9190978F935F968C918F9360
:109E2000EEEEF3E0FF93EF9381E090E08C0F9D1F47
:109E3000800F911F9F938F930E94765F080F191FC9
:109E4000D70196968C9196978F9395968C9195972E
:109E50008F9394968C9194978F9393968C918F93E4
:109E6000EEEEF3E0FF93EF9381E090E08C0F9D1F07
:109E7000800F911F9F938F930E94765F080F191F89
:109E80000FB6F894DEBF0FBECDBFD7019A968C9166
:109E90009A978F9399968C9199978F9398968C9186
:109EA00098978F9397968C918F93EEEEF3E0FF93B4
:109EB000EF9381E090E08C0F9D1F800F911F9F9387
:109EC0008F930E94765FAC01400F511FBE016F5F00
:109ED0007F4F89E196E00E94E40FD7011B962C91F9
:109EE0001B971C963C911C971D964C911D971E9696
:109EF0005C911E971F966C911F9750967C9150977E
:109F000051968C91519752969C910E94111080E22B
:109F100090E00E949A11F70123A534A545A556A506
:109F200067A570A981A992A90E94111080E290E012
:109F30000E949A1100E0F701E057FF4F2081A7012E
:109F4000485B5F4F60E870E0CE0101960E942221DD
:109F5000D6011C920FB6F894DEBF0FBECDBFF3E959
:109F6000EF0EF11CFCEDCF2EF7E0DF2ECE14DF0458
:109F700009F007CFD8CE9091FD0681E0911101C084
:109F800080E0C357DF4F8883CD58D0408091900741
:109F900021E0811101C020E0C257DF4F2883CE5855
:109FA000D0409111DAC09E0123573F4F1901B6EB03
:109FB0006B2EB6E07B2E15E3812E15E0912E02E08C
:109FC000402E02E0502E690132E0C30ED11CD101B7
:109FD0008D911D018823B1F0F20180819301285BEE
:109FE0003F4F7901882309F41AC18CE0F901D401AB
:109FF00001900D928A95E1F7D2011C92F301E95B81
:10A00000FF4F1082B3E96B0E711CECE08E0E911CB9
:10A01000FFEF4F1A5F0A2C143D0409F484CED7CF0A
:10A020008091FD06882321F080919007811124C042
:10A030008091FD06882369F001E0209146074EEFEC
:10A0400056E060E470E0CE0101960E942221109259
:10A05000FD0680919007882309F465CE01E02091E8
:10A06000D90741E957E060E470E0CE0101960E9413
:10A0700022211092900757CE4091FE065091FF0684
:10A08000609100077091010780919107909192076C
:10A09000A0919307B0919407481759076A077B0767
:10A0A0004CF1481759076A077B0709F051C0209106
:10A0B0000207309103074091040750910507609112
:10A0C000060770910707A0909507B0909607C0907B
:10A0D0009707D0909807E0909907F0909A07009121
:10A0E0009B0710919C0780910807909109070E9497
:10A0F000CB5E70F590E080E0EE24E394F12C13E960
:10A10000189FA001199F500D11244A54594FFA016C
:10A11000E057FF4F485B5F4F01E0208160E470E053
:10A12000CE0101960E9422211E9DA0011F9D500D6F
:10A1300011244A54594FFA01E057FF4F485B5F4FD3
:10A14000208160E470E0CE0101960E94222173CC50
:10A1500081E090E0F12CE12CD2CF882309F423CFC9
:10A16000809102028823E9F08CE0EEEFF6E0A5E3AF
:10A17000B5E001900D928A95E1F7109202021092DB
:10A18000FD0680910302882359F18CE0E1E9F7E0B4
:10A19000A1E4B5E001900D928A95E1F710920302D7
:10A1A00068CF45E355E06EEF76E0CE018F579F4FC5
:10A1B0000E94121200E020914607AE014F575F4FF8
:10A1C00060E470E0CE0101960E9422218CE0EEEF67
:10A1D000F6E0A5E3B5E001900D928A95E1F7CFCFC7
:10A1E00041E455E061E977E0CE018F579F4F0E942F
:10A1F000121200E02091D907AE014F575F4F60E483
:10A2000070E0CE0101960E9422218CE0E1E9F7E0A6
:10A21000A1E4B5E001900D928A95E1F72ACFA4015F
:10A22000B901CE018F579F4F0E94121200E0F30137
:10A23000E057FF4F2081AE014F575F4F60E470E061
:10A24000CE0101960E9422218CE0F701D4010190F9
:10A250000D928A95E1F7D2CE8091FD06882331F0E8
:10A26000809134058230A8F11092FD06809190070C
:10A270008823D9F0809134058230A8F4BDE08B9F0B
:10A2800090011124265E3A4F9CE0E1E9F7E0D90104
:10A2900001900D929A95E1F7CC24C394F901C486FC
:10A2A0008F5F80933405109290078091340582303F
:10A2B00009F039CDE0912605E11120C080913305E8
:10A2C0008130E9F54AE155E077E2E72E75E0F72EB7
:10A2D00021C04DE0849F90011124265E3A4F9CE0FE
:10A2E000EEEFF6E0D90101900D929A95E1F7D901D0
:10A2F0001C961C928F5F80933405B6CFE130F9F441
:10A300008091330581111BC047E255E0EAE1EE2E52
:10A31000E5E0FE2E01E02091460760E470E0CE010A
:10A3200001960E9422212091D907A70160E470E0E4
:10A33000CE0101960E94222110923405F4CC23E92B
:10A34000E29FF0011124EA5BF84F108101E0212F18
:10A350004AE155E060E470E0CE0101960E942221BE
:10A36000212F47E255E0E2CF4EEF56E061E977E07A
:10A37000CE0183579F4F0E941212CF56DF4F388075
:10A38000C159D040CE56DF4F8880C259D040CD56FB
:10A39000DF4F9880C359D040CC56DF4F2880C45936
:10A3A000D040CB56DF4F3881C559D040CD55DF4F17
:10A3B0003883C35AD040CA56DF4F4881C659D0406F
:10A3C000C955DF4F4883C75AD040C956DF4F58811F
:10A3D000C759D040C855DF4F5883C85AD040C856D7
:10A3E000DF4F8881C859D040C755DF4F8883C95A8D
:10A3F000D040C357DF4F488059806A807B80CD585A
:10A40000D04077FEBDC1232D382D492D522DCD557D
:10A41000DF4F6881C35AD040C955DF4F7881C75A92
:10A42000D040C855DF4F8881C85AD040C755DF4F4C
:10A430009881C95AD040A0E00E94D45E09F4A0C11E
:10A4400073016201FF0CCC08DC2C7601C156DF4F92
:10A45000C882D982EA82FB82CF59D040A12C30E158
:10A46000B32E45EAC42E54EDD52E68EEE62EF12C1F
:10A4700000E010E09201A301C156DF4F6881CF597F
:10A48000D040762F862F962F0E940E5DA32CB82CDD
:10A49000C92CD22CCD55DF4FE880C35AD040C955C6
:10A4A000DF4FF880C75AD040C855DF4F0881C85ADF
:10A4B000D040C755DF4F1881C95AD0400E94AD5EC9
:10A4C0004901C156DF4F4883CF59D040CD55DF4FAA
:10A4D0005883C35AD040C955DF4F6883C75AD0400C
:10A4E000C855DF4F7883C85AD0401C01A0E00E94B5
:10A4F000D45EC4F40E94305E4901C156DF4F4883E8
:10A50000CF59D040CD55DF4F5883C35AD040C9559D
:10A51000DF4F6883C75AD040C855DF4F7883C85A89
:10A52000D0401C01A12C10E1B12E05EAC02E84ED13
:10A53000D82E98EEE92EF12C00E010E09401C156DF
:10A54000DF4F4881CF59D040CD55DF4F5881C35A96
:10A55000D040C955DF4F6881C75AD040C855DF4F3A
:10A560007881C85AD040C1010E94A25D29013A01F8
:10A570009401C156DF4F4881CF59D040CD55DF4FB0
:10A580005881C35AD040C955DF4F6881C75AD0405F
:10A59000C855DF4F7881C85AD040C1010E94A05DE4
:10A5A000322E832E942EA52EB62EB72FF82FE92FFC
:10A5B000411451046104710409F0A4C0A0E00E9498
:10A5C000D45E09F49FC08DE2898380E38A838EE2A2
:10A5D0008B8380911905882369F18091010288237A
:10A5E00009F48DC08C3089F58E010C5F1F4F232D2F
:10A5F000382D492D5A2D6B2D7B2F8F2F9E2F0E948A
:10A60000EC20FE0170968DE080838AE08183AF01AB
:10A610004E5F5F4FC356DF4F88819981CD59D0403F
:10A62000481B590BBE016F5F7F4F89E196E00E9486
:10A63000E40F01CA8091A0089091A1088D30910586
:10A640009CF697FFCCCF80E0CACFC82ED12C8730A4
:10A6500028F59E012F573F4F79018E0107561F4F56
:10A66000232D382D492D5A2D6B2D7B2F8F2F9E2F6B
:10A670000E94381AC756DF4F688179818A819B8191
:10A68000C959D040AE014C5F5F4F0E944E20E4E0BC
:10A69000F0E0EC0FFD1FEC0DFD1DB5CFAE014F57E7
:10A6A0005F4F7A018E0107561F4F232D382D492DFC
:10A6B0005A2D6B2D7B2F8F2F9E2F0E94381AC75635
:10A6C000DF4F688179818A819B81C959D040AE0171
:10A6D0004C5F5F4F0E944E20CF57DF4F68817981DA
:10A6E0008A819B81C158D040AE01465F5F4F0E9476
:10A6F0004E2056E0C51AD108EAE0F0E0CACFFE01CC
:10A70000349681CF7094609450944094411C511CB5
:10A71000611C711CCF57DF4F488259826A827B824D
:10A72000C158D040CB57DF4F3882C558D040CA57A8
:10A73000DF4F8882C658D040C957DF4F9882C7582C
:10A74000D040C857DF4FA882C858D040C757DF4F06
:10A75000B882C958D040C657DF4FB883CA58D040D6
:10A76000C557DF4FF883CB58D040C457DF4FE8833D
:10A77000CC58D04000E020E0AE014F575F4FE1CC15
:10A78000CF57DF4F488259826A827B82C158D040BE
:10A79000CB57DF4F3882C558D040CA57DF4F888229
:10A7A000C658D040C957DF4F9882C758D040C857C5
:10A7B000DF4F2882C858D040CD55DF4F9881C35A0B
:10A7C000D040C757DF4F9883C958D040C955DF4F95
:10A7D000A881C75AD040C657DF4FA883CA58D04077
:10A7E000C855DF4FB881C85AD040C557DF4FB8832E
:10A7F000CB58D040C755DF4FE881C95AD040B5CFBC
:10A8000001E0209146074EEF56E060E470E0CE0193
:10A8100001960E9422212091D90741E957E060E486
:10A8200070E0CE0101960E942221C0909107D09045
:10A830009207E0909307F0909407C156DF4FC882CB
:10A84000D982EA82FB82CF59D0402091950730917E
:10A8500096074091970750919807609199077091DA
:10A860009A0780919B0790919C07A0900207B09057
:10A870000307C0900407D0900507E0900607F0900A
:10A88000070700910807109109070E94C25E322E47
:10A89000432E542E652E762E872E982E292EC156A5
:10A8A000DF4FA880B980CA80DB80CF59D040DD0C53
:10A8B000AA08BA2C6501E090FE06F090FF06009110
:10A8C000000710910107A8019701550F220B322FA5
:10A8D000A901CD55DF4F288339834A835B83C35A4F
:10A8E000D040C156DF4F2881CF59D040C056DF4FEE
:10A8F0003881C05AD040CF55DF4F4881C15AD0402F
:10A90000CE55DF4F5881C25AD0406A2D7A2D8A2DFC
:10A910009A2D57016801CD55DF4FE880C35AD040CA
:10A92000FE2C0E2D1E2D0E94C25EA12CE0E1BE2E3B
:10A93000F5EACF2EA4EDDA2EB8EEEB2EF12C00E0E6
:10A9400010E00E940E5D59016A017B018C01232DEC
:10A95000342D452D562D672D782D892D922D0E9451
:10A96000AD5E19012A013B014C01C156DF4F8881C0
:10A970009981AA81BB81CF59D040CF57DF4F8883BF
:10A980009983AA83BB83C158D0409101A201B3012E
:10A99000C401A0E00E94D45E0CF49CC0CB57DF4FF2
:10A9A0002882C558D040CA57DF4F3882C658D04099
:10A9B000C957DF4F4882C758D040C857DF4F588229
:10A9C000C858D040C757DF4F6882C958D040C657D3
:10A9D000DF4F7882CA58D040C557DF4F8882CB58A6
:10A9E000D040C457DF4F9882CC58D0402F3FAFE0C3
:10A9F0003A07A5EA4A07A4ED5A07A8EE6A077105C7
:10AA00008105910509F00CF45EC0A12CE0E1BE2E99
:10AA1000F5EACF2EA4EDDA2EB8EEEB2EF12C00E005
:10AA200010E00E94D35D59016A01C156DF4F888151
:10AA30009981AA81BB81CF59D0408A0D9B1DAC1D45
:10AA4000BD1DCF57DF4F88839983AA83BB83C1582D
:10AA5000D040A12C10E1B12E05EAC02E84EDD82EF5
:10AA600098EEE92EF12C00E010E09101A201B30173
:10AA7000C4010E94D15DCB57DF4F2883C558D04019
:10AA8000CA57DF4F3883C658D040C957DF4F488375
:10AA9000C758D040C857DF4F5883C858D040C75711
:10AAA000DF4F6883C958D040C657DF4F7883CA58F4
:10AAB000D040C557DF4F8883CB58D040C457DF4FB5
:10AAC0009883CC58D0402091AB08211101C023E4D9
:10AAD00001E052CE0E94305E19012A013B014C0177
:10AAE000A12C80E1B82E95EAC92E24EDD22E38EEA5
:10AAF000E32EF12C00E010E09101A201B301C401AA
:10AB00000E94D35DCD55DF4F2883C35AD040CC552A
:10AB1000DF4F3883C45AD040CB55DF4F4883C55AE6
:10AB2000D040CA55DF4F5883C65AD0409101A20188
:10AB3000B301C4010E94D15D59016A017B018C01FE
:10AB4000CD55DF4F288139814A815B81C35AD0407E
:10AB5000232B242B252B39F49501A601A0E00E947C
:10AB6000D45E09F4B0CFC156DF4F88819981AA81A4
:10AB7000BB81CF59D0400197A109B109CD55DF4F15
:10AB8000288139814A815B81C35AD040821B930B53
:10AB9000A40BB50BCF57DF4F88839983AA83BB8360
:10ABA000C158D04020E030E145EA54ED68EE70E055
:10ABB00080E090E00E94C25E5ECF8F929F92AF9243
:10ABC000BF92CF92DF92EF92FF92CF93DF93EC018F
:10ABD000688179818A819B81611571058105910563
:10ABE00021F464E279ED8BE597E02DE133EF41E06C
:10ABF00050E00E94425C49015A019B01AC01A7EA66
:10AC0000B1E40E94615C6B017C01ACEEB4EFA50184
:10AC100094010E946F5CC60ED71EE81EF91EF7FE57
:10AC200006C081E0C81AD108E10880E8F80AC882A5
:10AC3000D982EA82FB82C701B6019F77DF91CF916B
:10AC4000FF90EF90DF90CF90BF90AF909F908F904C
:10AC500008958F929F92AF92BF92CF92DF92EF9220
:10AC6000FF92609105027091060280910702909117
:10AC70000802611571058105910521F464E279ED01
:10AC80008BE597E02DE133EF41E050E00E94425C1C
:10AC900049015A019B01AC01A7EAB1E40E94615C41
:10ACA0006B017C01ACEEB4EFA50194010E946F5CD6
:10ACB000C60ED71EE81EF91EF7FE06C081E0C81AB0
:10ACC000D108E10880E8F80AC0920502D092060295
:10ACD000E0920702F0920802C701B6019F77FF9049
:10ACE000EF90DF90CF90BF90AF909F908F9008959E
:10ACF0006093050270930602809307029093080206
:10AD000008958F929F92AF92BF92CF92DF92EF926F
:10AD1000FF920F931F93CF93DF935C017B0161152B
:10AD2000710519F0DB018D939C9385010F5F1F4F17
:10AD3000F501D0818D2F90E00E94DF576C01892BA7
:10AD4000B9F5DD32B9F50F5F1F4FD5011196DC91D2
:10AD5000C1E05801F1E0AF1AB10843E050E068EEFD
:10AD600071E0C5010E940358892B69F5680182E0F2
:10AD7000C80ED11C45E050E063EE71E0C6010E94B0
:10AD80000358892B21F4680197E0C90ED11CE11406
:10AD9000F10419F0D701CD92DC9260E070E080E818
:10ADA0009FEFC111FFC060E070E080E89FE7FAC04C
:10ADB0005801BBCFDB3229F485010E5F1F4FF5012F
:10ADC000D181C0E0C6CF43E050E060EE71E0C50144
:10ADD0000E940358892BE9F0F80110E000E020E020
:10ADE00030E0A9015F01B0ED8B2E8D0E89E0881552
:10ADF000C8F19C2E689491F88C2F8870C2FF16C001
:10AE0000811102C00F5F1F4F3196D501DC91C92D12
:10AE1000E9CFE114F10429F00E5F1F4FF701118310
:10AE2000008360E070E080EC9FE7BCC0882311F0F5
:10AE300001501109A5E0B0E00E94615C9B01AC01EA
:10AE4000220F331F441F551F280D311D411D511D59
:10AE5000283999E93907490799E15907A8F2C660E5
:10AE60009C2ED2CFAEEF8A1206C0C3FD3CC09C2EF2
:10AE7000689493F8C9CFDF7DD534A9F580818D32F0
:10AE800039F4C061DF011296818162E070E006C092
:10AE9000DF018B32C1F3119661E070E080535D01F8
:10AEA000A61AB70A8A30F8F4E0E8CE16ECE0DE061F
:10AEB0005CF4B601660F771F660F771FC60ED71EAC
:10AEC000CC0CDD1CC80ED11C5D01FFEFAF1ABF0A10
:10AED0008C9180538A30A8F1C4FF03C0D194C194EF
:10AEE000D1080C0D1D1DC1FF09C0E114F10431F0A2
:10AEF00081E0A81AB108D701AD92BC92CA01B9018C
:10AF00000E946458C370C33009F490584B015C012F
:10AF100020E030E0A9010E945F58882309F440C076
:10AF2000C7E1D2E017FF05C0119501951109CFEFD8
:10AF3000D1E06E01B8E1CB1AD10880E2E82EF12C05
:10AF40000FC0D501B1CFFE012591359145915491A6
:10AF50000E191F09C501B4010E94C5584B015C01BF
:10AF6000D501C4010E151F0574F72497F594E794D5
:10AF7000CC16DD06A9F78A2F880F8B2F881F8F3FED
:10AF800049F020E030E0A901C501B4010E945F58FA
:10AF9000811106C082E290E09093ED088093EC0866
:10AFA000C501B401DF91CF911F910F91FF90EF90F8
:10AFB000DF90CF90BF90AF909F908F9008959111A8
:10AFC0000C94345B803219F089508550C8F708958D
:10AFD000FB01DC0102C005900D9241505040D8F7B2
:10AFE0000895FB01DC010D900020E9F71197059011
:10AFF0000D920020E1F70895FB01DC0105900D9210
:10B000000020E1F70895FB01DC014150504088F039
:10B010008D9181341CF08B350CF4805E6591613428
:10B020001CF06B350CF4605E861B611171F3990B9B
:10B030000895881BFCCFDC01FB014150504058F0C3
:10B0400049F001900D920020C1F7E61BF70B3197F4
:10B05000CF0108951C9201900020E9F7F6CF0F93DD
:10B060001F93CF93DF93CDB7DEB72E970FB6F8942B
:10B07000DEBF0FBECDBF0E891F898EE08C831A8381
:10B0800009838FEF9FE79E838D83AE01465E5F4FFE
:10B09000688D798DCE0101960E9432592F813885B5
:10B0A000020F131FF80110822E960FB6F894DEBF20
:10B0B0000FBECDBFDF91CF911F910F9108950E94D8
:10B0C000A15808F481E00895E89409C097FB3EF484
:10B0D00090958095709561957F4F8F4F9F4F9923E5
:10B0E000A9F0F92F96E9BB279395F6958795779563
:10B0F0006795B795F111F8CFFAF4BB0F11F460FF23
:10B100001BC06F5F7F4F8F4F9F4F16C0882311F07A
:10B1100096E911C0772321F09EE8872F762F05C08E
:10B12000662371F096E8862F70E060E02AF09A9529
:10B13000660F771F881FDAF7880F9695879597F91E
:10B140000895990F0008550FAA0BE0E8FEEF1616B8
:10B150001706E807F907C0F012161306E407F5070B
:10B1600098F0621B730B840B950B39F40A2661F07F
:10B17000232B242B252B21F408950A2609F4A14022
:10B18000A6958FEF811D811D08950E94D8580C94BB
:10B19000F25B0E94E45B38F00E94EB5B20F09523A9
:10B1A00011F00C94DB5B0C94E15B11240C94265C95
:10B1B0000E94035C70F3959FC1F3950F50E0551FFB
:10B1C000629FF001729FBB27F00DB11D639FAA27FC
:10B1D000F00DB11DAA1F649F6627B00DA11D661F4B
:10B1E000829F2227B00DA11D621F739FB00DA11D6C
:10B1F000621F839FA00D611D221F749F3327A00D26
:10B20000611D231F849F600D211D822F762F6A2FC1
:10B2100011249F5750409AF0F1F088234AF0EE0F26
:10B22000FF1FBB1F661F771F881F91505040A9F753
:10B230009E3F510580F00C94DB5B0C94265C5F3FD5
:10B24000E4F3983ED4F3869577956795B795F7958F
:10B25000E7959F5FC1F7FE2B880F911D9695879507
:10B2600097F908952F923F924F925F926F927F923B
:10B270008F929F92AF92BF92CF92DF92EF92FF9206
:10B280000F931F93CF93DF9300D000D000D01F9275
:10B290001F92CDB7DEB77C013B018A01FC0117820A
:10B2A0001682838181FFDDC1CE0101965C01F70129
:10B2B0009381F30193FD859193FF81913F01882351
:10B2C00009F453C1853239F493FD859193FF81913F
:10B2D0003F01853229F4B70190E00E944D5BE7CF32
:10B2E000912C212C312CFFE1F31538F08B3211F128
:10B2F00090F4803209F1833229F137FC3CC020ED13
:10B30000280F2A3050F536FE20C08AE0989E200D86
:10B310001124922E06C08D3291F0803371F768941B
:10B3200030F8F30193FD859193FF81913F018111E5
:10B33000DACF21C0689431F8689432F8F2CF68947B
:10B3400033F8EFCF689434F8ECCFEAE02E9E200D6E
:10B350001124222E689435F8E4CF8E3229F436FC7D
:10B3600004C1689436F8DDCF8C3619F4689437F848
:10B37000D8CF8836B1F2982F9F7D95549330E0F066
:10B380008336A1F18337C1F1833509F063C0280109
:10B39000F2E04F0E511CF801C080D180692D70E0A1
:10B3A00036FC02C06FEF7FEFC6010E94375B4C0195
:10B3B000689437F882010AC00C5F1F4FFFE3F983DE
:10B3C00088248394912C6501E89437F833FE2DC0CE
:10B3D000522C8114910471F5552009F468CFB701FE
:10B3E00080E290E00E944D5B5A94F6CFF801808194
:10B3F00089830E5F1F4FE4CF2801F2E04F0E511CEE
:10B40000F801C080D180692D70E036FC02C06FEF7A
:10B410007FEFC6010E94425B4C018201D5CFB7018C
:10B4200080E290E00E944D5B2A942814190409F0F0
:10B43000B0F7CECFF60137FC859137FE81916F01D1
:10B44000B70190E00E944D5B51105A94F1E08F1AC1
:10B450009108BFCF843619F0893609F077C0F8011A
:10B4600037FE6BC060817181828193810C5F1F4FB9
:10B47000F32DFF763F2E97FF09C09095809570952C
:10B4800061957F4F8F4F9F4F689437F82AE030E0E7
:10B49000A5010E947D5BC82ECA188C2C432C36FE59
:10B4A0000CC0E89440F8C91440F434FE05C032FCE6
:10B4B00003C0F32DFE7E4F2E892C44FEAAC0FE0150
:10B4C000EC0DF11D8081803309F09CC0242D297E74
:10B4D000422E842D8870582E43FCAAC040FEA4C082
:10B4E0009C2C821418F42C0C922C981844FEA6C0A4
:10B4F000B70180E390E00E944D5B42FE09C088E7FF
:10B5000090E041FE02C088E590E0B7010E944D5BEB
:10B51000C91408F49FC0CA94D12C9FEFC91AD90A44
:10B52000CA0CDB1CF60182916F01B70190E00E940A
:10B530004D5BAC14BD04B1F74FCF60817181072E14
:10B54000000C880B990B0E5F1F4F92CFD32CE89401
:10B55000D4F82AE030E08537E1F1232D297FD22E7F
:10B560008F36A9F1F0F4883551F1F7018681978182
:10B570002B960FB6F894DEBF0FBECDBFDF91CF91F3
:10B580001F910F91FF90EF90DF90CF90BF90AF9001
:10B590009F908F907F906F905F904F903F902F90F3
:10B5A0000895803749F0883701F7D4FE02C06894C7
:10B5B000D2F820E130E00DC06894D4F8F6CF34FE24
:10B5C00003C0822F8660D82E20E132E002C028E03E
:10B5D00030E0F801D7FE0FC06081718182819381D4
:10B5E0000C5F1F4FA5010E947D5BC82ECA183D2C21
:10B5F000E89437F852CF6081718190E080E00E5F6F
:10B600001F4FF0CF42FC02C0839463CF8394839496
:10B6100060CF842D867809F45CCFF6CFB70180E245
:10B6200090E00E944D5B83948214C0F3512C5ECF56
:10B63000522C5818821408F459CFF8CF842D8678EC
:10B6400009F466CF8BE241FE80E247FC8DE2B70150
:10B6500090E05CCFB70180E390E00E944D5B9A944C
:10B6600057CF8FEF9FEF84CF992788270895FC014C
:10B670000590615070400110D8F7809590958E0F1D
:10B680009F1F0895FC016150704001900110D8F790
:10B69000809590958E0F9F1F08950F931F93CF93C2
:10B6A000DF93182F092FEB018B8181FD09C01FEF5C
:10B6B0000FEF812F902FDF91CF911F910F91089560
:10B6C00082FF14C02E813F818C819D81281739070C
:10B6D0003CF4E881F981CF01019699838883108336
:10B6E0008E819F8101969F838E83E3CFE885F985C4
:10B6F000812F1995892BA1F3DACFFA01AA272830D7
:10B7000051F1203181F1E8946F936E7F6E5F7F4F2E
:10B710008F4F9F4FAF4FB1E03ED0B4E03CD0670FAA
:10B72000781F891F9A1FA11D680F791F8A1F911DFD
:10B73000A11D6A0F711D811D911DA11D20D009F44D
:10B7400068943F912AE0269F11243019305D31938F
:10B75000DEF6CF010895462F4770405D4193B3E078
:10B760000FD0C9F7F6CF462F4F70405D4A3318F01F
:10B77000495D31FD4052419302D0A9F7EACFB4E0D0
:10B78000A6959795879577956795BA95C9F7009788
:10B790006105710508959B01AC010A2E0694579529
:10B7A000479537952795BA95C9F7620F731F841F80
:10B7B000951FA01D089597F99F6780E870E060E0ED
:10B7C00008959FEF80EC089500240A94161617063A
:10B7D00018060906089500240A9412161306140682
:10B7E00005060895092E0394000C11F4882352F0E5
:10B7F000BB0F40F4BF2B11F460FF04C06F5F7F4F9D
:10B800008F4F9F4F089557FD9058440F551F59F083
:10B810005F3F71F04795880F97FB991F61F09F3F3D
:10B8200079F087950895121613061406551FF2CF66
:10B830004695F1DF08C0161617061806991FF1CFB6
:10B8400086957105610508940895E894BB276627DD
:10B850007727CB0197F90895F999FECF92BD81BD65
:10B86000F89A992780B50895262FF999FECF1FBA27
:10B8700092BD81BD20BD0FB6F894FA9AF99A0FBE19
:10B8800001960895052E97FB1EF400940E94595CC2
:10B8900057FD07D00E94745C07FC03D04EF40C9453
:10B8A000595C50954095309521953F4F4F4F5F4FD4
:10B8B000089590958095709561957F4F8F4F9F4F1C
:10B8C00008950E94965CA59F900DB49F900DA49F33
:10B8D000800D911D11240895B7FF0C94615C0E94A6
:10B8E000615C821B930B0895A1E21A2EAA1BBB1B5D
:10B8F000FD010DC0AA1FBB1FEE1FFF1FA217B3073C
:10B90000E407F50720F0A21BB30BE40BF50B661F51
:10B91000771F881F991F1A9469F760957095809515
:10B9200090959B01AC01BD01CF010895A29FB0018C
:10B93000B39FC001A39F700D811D1124911DB29F63
:10B94000700D811D1124911D0895BEE304D008F4EB
:10B9500090E80895BFE322273327A9010E940B5CDA
:10B9600060F19F5748F1B91740F1BFE3B91B992720
:10B97000B8503AF4660F771F881F991FB395D2F31A
:10B9800016C0B8504AF0232F342F452F562F672F5B
:10B99000782F8827B850BAF7B85F49F08695779521
:10B9A00067955795479537952795BA95B9F716F442
:10B9B0000E94E15C88940895889460E070E0CB0177
:10B9C0000895909580957095609550954095309527
:10B9D00021953F4F4F4F5F4F6F4F7F4F8F4F9F4F7F
:10B9E00008950E94A15808F48FEF0895DB018F930A
:10B9F0009F930E94615CBF91AF91A29F800D911DAA
:10BA0000A39F900DB29F900D11240895EE0FFF1F7C
:10BA1000881F8BBF0790F691E02D1994DF93CF9389
:10BA20001F930F939A9DF02D219FF00D8B9DF00D8C
:10BA30008A9DE02DF10D039FF00D029FE00DF11D99
:10BA40004E9DE00DF11D5E9DF00D4F9DF00D7F931D
:10BA50006F93BF92AF925F934F93D5010E94965C14
:10BA60008B01AC01D7010E94965CEB01E80FF91F36
:10BA7000D6010E945D5D2F913F91D6010E94965C98
:10BA8000C60FD71FE81FF91FAF91BF910E945D5DE0
:10BA90002F913F910E94965CC60FD71FE81FF91F98
:10BAA000D6010E94965CE60FF71F9801BE01CF01F8
:10BAB0000F911F91CF91DF9108950E94965C460FE0
:10BAC000571FC81FD91F08F43196089597FB57FFD9
:10BAD0000C94765D9F938F930E94765D6E1B7F0B17
:10BAE000AF91BF918A0B9B0B0895E894DF93CF939E
:10BAF000FC01DB010E94965C7F936F93E9019A0140
:10BB0000AC01BF93AF933F932F93DF010E94965CEC
:10BB100026F46C1B7D0B820B930B9E01EB01FC0149
:10BB20000E945D5DAF91BF912F913F910E945D5D3D
:10BB3000BE01CF01F9012F913F91CF91DF9108957F
:10BB4000689401C0E894F92FF12B12F00C94D45DA5
:10BB5000A0E0B0E0EEEAFDE50C94465E092E059407
:10BB600022F40E94305E112392F4F0E80F26FFEFDA
:10BB7000E094F09400951095B094C094D094A19462
:10BB8000BF0ACF0ADF0AEF0AFF0A0F0B1F0B0E9442
:10BB9000DF5D07FC0E94305ECDB7DEB7ECE00C94B1
:10BBA000625E689401C0E8948F929F92CF93DF9376
:10BBB0000E94DF5DDF91CF919F908F900895882440
:10BBC0009924F401E401B0E49F93AA279A158B0409
:10BBD0009C04ED05FE05CF05D007A10798F4AD2F15
:10BBE000DC2FCF2FFE2FE92D982C892E982F872F11
:10BBF000762F652F542F432F322F2227B85031F73D
:10BC0000BF9127C01B2EBF91BB27220F331F441F9C
:10BC1000551F661F771F881F991F881C991CEE1FD0
:10BC2000FF1FCC1FDD1FAA1FBB1F8A149B04EC053E
:10BC3000FD05CE05DF05A007B10748F08A189B086F
:10BC4000EC09FD09CE09DF09A00BB10B21601A94A4
:10BC5000E1F62EF49401AF01BE01CD01000C089570
:10BC6000609570958095909530954095509521956B
:10BC70003F4F4F4F5F4F6F4F7F4F8F4F9F4F0895F5
:10BC80002F923F924F925F926F927F928F929F92EC
:10BC9000AF92BF92CF92DF92EF92FF920F931F93DA
:10BCA000CF93DF93CDB7DEB7CA1BDB0B0FB6F8948B
:10BCB000DEBF0FBECDBF19942A88398848885F84BB
:10BCC0006E847D848C849B84AA84B984C884DF803C
:10BCD000EE80FD800C811B81AA81B981CE0FD11D20
:10BCE0000FB6F894DEBF0FBECDBFED010895002E54
:10BCF000083090F0982F872F762F652F542F432FE1
:10BD0000322F22270850F4CF220F331F441F551F14
:10BD1000661F771F881F991F0A95B2F7002D089597
:10BD200097FD1094002E083098F00850232F342FE0
:10BD3000452F562F672F782F892F912DF4CF1594EB
:10BD40009795879577956795579547953795279553
:10BD50000A95AAF71124002D08952A0D3B1D4C1DAC
:10BD60005D1D6E1D7F1D801F911F08950024A7FD7E
:10BD700000942A0F301D401D501D601D701D801D38
:10BD8000901D08952A193B094C095D096E097F0928
:10BD9000800B910B08952A153B054C055D056E053A
:10BDA0007F058007910708950024A7FD00942A17B6
:10BDB0003005400550056005700580059005089523
:10BDC0009111089581568A5108F48052855808953A
:10BDD000FB01DC0102C001900D9241505040D8F7A8
:10BDE0000895FB01DC018D9181341CF08B350CF43E
:10BDF000805E619161341CF06B350CF4605E861BD3
:10BE0000611189F3990B0895FB01DC010D9000206D
:10BE1000E9F7119701900D920020E1F70895FC01D8
:10BE20008191861721F08823D9F7992708953197B2
:10BE3000CF010895FB01DC018D9101908019011063
:10BE4000D9F3990B0895FB01DC0101900D920020BC
:10BE5000E1F70895FB01DC014150504048F00190AA
:10BE60000D920020C9F701C01D9241505040E0F7EB
:10BE700008950F931F93CF93DF93CDB7DEB72E971F
:10BE80000FB6F894DEBF0FBECDBF0E891F89888D17
:10BE9000998D26E02C831A83098397FF02C080E0E6
:10BEA00090E801979E838D83AE01445E5F4F6A8D5B
:10BEB0007B8DCE0101960E9432594D815E8157FDE6
:10BEC0000AC02F813885421753070CF49A01020FDC
:10BED000131FF80110822E960FB6F894DEBF0FBE26
:10BEE000CDBFDF91CF911F910F9108950F931F93B5
:10BEF000CF93DF93CDB7DEB72E970FB6F894DEBFA2
:10BF00000FBECDBF0E891F8986E08C831A830983FB
:10BF10008FEF9FE79E838D83AE01465E5F4F688DF6
:10BF2000798DCE0101960E9432592F813885020FFA
:10BF3000131FF80110822E960FB6F894DEBF0FBEC5
:10BF4000CDBFDF91CF911F910F910895F894FFCF4E
:10BF5000020B010101010000007C026B025A024346
:10BF6000023C022D0227021B0252454C454153451B
:10BF70000032303235313231352E310000000000D0
:10BF80000000000000004D11E40FE410A411151191
:10BF9000F31007112320000D0A004669726D7761C6
:10BFA00072652076657273696F6E3A2000202800F2
:10BFB0002C20426F6172642073657269616C3A2053
:10BFC000005945530059003100256C642E25303648
:10BFD0006C64204D487A2900256C642E2530366C1F
:10BFE0006420757365632900256C642F256C6429B2
:10BFF000002564257329002564290025632900256F
:10C00000632F256320282563292900256C752900C5
:10C01000256C642028636830292C20256C64202836
:10C0200063683129004F4B202D2D20506F6C6C2000
:10C0300043686172616374657220006E6F6E6500A3
:10C04000202D3E2000256C642E2530366C64204D5A
:10C05000487A00256C642E2530366C642075736533
:10C06000630050726F7044656C61790054696D654E
:10C070002044696C6174696F6E0066697865645408
:10C08000696D653200465544474530002530346CB3
:10C09000582530346C580023204E6F20434F4152B6
:10C0A00053455F434C4F434B2E2E2E206973203156
:10C0B00030204D487A20636F6E6E65637465643F0F
:10C0C000002320496E207365636F6E64617279206E
:10C0D0006D6F646520616E642077616974696E6755
:10C0E00020666F722073796E632E2E2E002320310E
:10C0F00030204D485A205265666572656E63652032
:10C100006C6F737421002320507265737320616E0D
:10C1100079206B657920746F207265737461727415
:10C12000206166746572207265666572656E63650E
:10C1300020697320726573746F7265642E002530F8
:10C14000366C75200042617564205261746500434D
:10C150006C6F636B20537065656400436F6172732D
:10C1600065205469636B0057726170204469676988
:10C17000747300446563696D616C20506C61636524
:10C18000730053796E63204D6F6465004368616E80
:10C190006E656C204E616D657300506F6C6C204352
:10C1A00068617261637465720053746172742045D2
:04C1B000646765005B
:00000001FF
