:100000000C94B10C0C94B6470C948B470C9460473D
:100010000C9435470C940A470C94DF460C94B44674
:100020000C9489460C9414460C94A5450C942F45C9
:100030000C94E20C0C94E20C0C94E20C0C94E20C88
:100040000C94E20C0C94E20C0C94E20C0C94E20C78
:100050000C94E20C0C94E20C0C94E20C0C9485448D
:100060000C94E20C0C94F9440C94CF440C94E20CE4
:100070000C94E20C0C94E20C0C94E20C0C94E20C48
:100080000C94E20C0C94E20C0C94E20C0C94E20C38
:100090000C94E20C0C94E20C0C94E20C0C94E20C28
:1000A0000C94E20C0C94E20C0C94E20C0C94E20C18
:1000B0000C94E20C0C94E20C0C94E20C0C94E20C08
:1000C0000C94E20C0C94E20C0C94E20C0C94E20CF8
:1000D0000C94E20C0C94E20C0C94E20C0C94E20CE8
:1000E0000C94E20C0C94C50F0C94F21F0C94851028
:1000F0000C94A10D0C94E3180C941D440C94A50DC4
:100100000C94860D0C94D40F0C94B90D0C948C0D9A
:100110000C94B1400C94B4400C947E440C94940D17
:100120000C94ED230C946D2A0C9492380C94903816
:100130000C941A440C94C11C0C94A8400C94AE402E
:100140000C949B0D0C942E100C94F1430C944824A9
:100150000C9420440C94E80F0C94AC380C94AB0D28
:100160000C9494380C9414440C948C380C94AF0D6B
:100170000C948E380C94980D0C94900D0C94C60D24
:100180000C94AB400C94A5400C94B7400C9481386F
:100190000C94035B0C94FE180C94F60F0C94B6258B
:1001A0000C9496380C94581D0C94DB3D0C94B30DB4
:1001B0000C94621D0C94C10D0C94BD0D0C94C70DD4
:1001C0000C94C50E0C9417440C9427440C94A1383D
:1001D0000C9410260C94BF180C94CB0D0C94E14792
:1001E0004E414E494E495459494E46CDCCCC3D0A1C
:1001F000D7233C17B7D13877CC2B329595E6241FFF
:10020000B14F0A000020410000C84200401C4620B7
:10021000BCBE4CCA1B0E5AAEC59D744E756C6C208C
:100220004F757470757400446562756700332D43B3
:100230006F726E6572656420486174005065726902
:100240006F640054696D6520496E74657276616CE7
:1002500020412D3E420042696E6172792054696DE1
:10026000657374616D7000506169726564205469D2
:100270006D657374616D700054696D657374616D43
:10028000700046554447453020412F42207073206E
:1002900028652E672E2C2034302F3430206F7220AA
:1002A0003165362F326536293A2000466978656413
:1002B0002054696D653220412F42207073202865DB
:1002C0002E672E2C2034302F3430206F7220316571
:1002D000362F326536293A200054696D652044690D
:1002E0006C6174696F6E20412F4220707320286505
:1002F0002E672E2C2034302F3430206F7220316541
:10030000362F326536293A200050726F706167616E
:1003100074696F6E2044656C617920412F422070B2
:10032000732028652E672E2C2034302F3430206F18
:1003300072203165362F326536293A2000436F61CD
:10034000727365205469636B2070732028652E6773
:100350002E2C2031653820666F72203130302075A8
:1003600073293A2000436C6F636B20487A2028651C
:100370002E672E2C2031653720666F722031302099
:100380004D487A293A2000456E74657220456467AD
:10039000657320412F42202852206F722046293A4F
:1003A0002000456E74657220506F6C6C204368614C
:1003B00072616374657220282D20746F20636C65F0
:1003C0006172293A2000456E746572204E616D6538
:1003D0007320412F422028616E792074776F20634B
:1003E00068617273293A2000456E7465722050204E
:1003F0006F7220533A20004F7574707574204465F5
:1004000063696D616C20506C616365732028302EC8
:100410002E3132293A200057726170204469676991
:1004200074732028302E2E3130293A200000010428
:100430000505030304050604050607010001000382
:100440000201000001020304050607070605040374
:100450000201000702010007060504030201000370
:100460000201000001020304050607000102030463
:10047000050607020304050606074F4B202D2D2015
:100480004368616E6E656C204E616D6573202563F7
:100490002F25632028256329202D3E2025632F2525
:1004A000632028256329004F4B202D2D2053746194
:1004B000727420456467652025632563202D3E20E6
:1004C00025632563005741524E494E473A20466105
:1004D0006C6C696E67206564676520747269676714
:1004E000657220697320756E72656C6961626C65F6
:1004F0003B2075736520617420796F7572206F776A
:100500006E207269736B21004F4B202D2D20436F9D
:1005100061727365205469636B202573202D3E2022
:100520002573004F4B202D2D20436C6F636B2025CE
:1005300073202D3E202573004F4B202D2D20537905
:100540006E63204D6F6465202563202D3E2025635A
:10055000004F4B202D2D20446563696D616C205048
:100560006C61636573202564202D3E202564004F57
:100570004B202D2D20577261702044696769747378
:10058000202564202D3E20256400496E76616C692B
:1005900064003B206E6F7720004F4B202D2D2042B2
:1005A000617564207261746520776173200043680F
:1005B000616E676573206B6570742E004368616EB1
:1005C000676573206469736361726465642E0032C9
:1005D000202D2044697363617264206368616E67D3
:1005E00065730031202D204B656570206368616E56
:1005F000676573004F4B202D2D204D6F6465207370
:10060000657420746F2000436F6E66696775726150
:1006100074696F6E206368616E67657320726571BF
:100620007569726520726573746172742E205265EB
:100630007374617274696E672E2E2E002843686190
:100640006E676573206172652074656D706F72618D
:100650007279202D2077696C6C20726576657274D2
:10066000206F6E2072657374617274290052657315
:10067000756D696E67206F7065726174696F6E2049
:1006800077697468206E65772073657474696E6726
:10069000732E004170706C79696E6720636F6E66AF
:1006A000696775726174696F6E206368616E6765F2
:1006B000732E2E2E004F4B202D2D20257320256CC0
:1006C000642F256C64202D3E20256C642F256C64DE
:1006D00020707300202D2077726170732061742068
:1006E00031652564207365636F6E647300202D206F
:1006F000777261707320617420256C752073656357
:100700006F6E647300010000000A000000640000C6
:1007100000E803000010270000A086010040420FFF
:10072000008096980000E1F50500CA9A3B202D2034
:100730006E6F20777261700033202D2052657365D3
:100740007420616C6C20746F2064656661756C74D4
:100750007320616E6420726573746172740032205C
:100760002D204170706C79206368616E676573201D
:10077000616E6420726573756D65206F706572615E
:1007800074696F6E0031202D204469736361726457
:10079000206368616E67657320616E6420657869A7
:1007A000740057202D205772697465206368616E4C
:1007B00067657320746F20454550524F4D20287057
:1007C000657273697374206163726F7373207265ED
:1007D000737461727473290056202D2053686F77EB
:1007E000206669726D776172652076657273696FD4
:1007F0006E0053202D2053686F77207374617274DC
:10080000757020696E666F004D202D2053686F77DC
:100810002074686973206D656E7520616761696E0B
:100820000048202D2053657269616C204261756417
:100830002052617465202863757272656E746C79DC
:100840003A200047202D20416476616E6365642064
:1008500073657474696E6773006E6F6E6529004608
:10086000202D20506F6C6C20436861726163746549
:1008700072202863757272656E746C793A20004537
:10088000202D204368616E6E656C204E616D65732E
:10089000202863757272656E746C793A200044206A
:1008A0002D205072696D6172792F5365636F6E648C
:1008B000617279202863757272656E746C793A2062
:1008C0000043202D204F7574707574204465636952
:1008D0006D616C20506C6163657320286375727262
:1008E000656E746C793A200042202D2054696D6544
:1008F0007374616D702057726170206469676974E8
:1009000073202863757272656E746C793A200041A9
:10091000202D204D6F6465202863757272656E749A
:100920006C793A20003D3D205449434320436F6E8B
:1009300066696775726174696F6E203D3D00556E22
:100940006B6E6F776E0043757272656E74206D6F9B
:1009500064653A20004138202D204E756C6C204F84
:100960007574707574004137202D20446562756779
:10097000004136202D20332D436F726E6572656401
:1009800020486174004135202D20506572696F64E4
:10099000004134202D2054696D6520496E746572C4
:1009A00076616C2041202D3E2042004133202D20D5
:1009B00042696E6172792054696D657374616D70FE
:1009C000004132202D205061697265642054696DA8
:1009D000657374616D70004131202D2054696D651F
:1009E0007374616D70002D2D204D6F6465202D2D69
:1009F000004836202D20323330343030206270737E
:100A0000004835202D20313135323030206270736E
:100A1000202864656661756C7429004834202D2097
:100A2000353736303020627073004833202D203344
:100A30003834303020627073004832202D20313934
:100A400032303020627073004831202D203936302A
:100A50003020627073002D2D2053657269616C2007
:100A60004261756420526174652053657474696EC7
:100A70006773202D2D004736202D204655444745CD
:100A80003020707320412F42202863757272656E8A
:100A9000746C793A20004735202D206669786564AA
:100AA00054696D653220707320412F422028637590
:100AB0007272656E746C793A20004734202D205490
:100AC000696D652044696C6174696F6E20412F42C5
:100AD000202863757272656E746C793A2000473312
:100AE000202D2050726F7061676174696F6E2044B1
:100AF000656C617920707320412F422028637572E4
:100B000072656E746C793A20004732202D20436F55
:100B100061727365205469636B2075732028637557
:100B20007272656E746C793A20004731202D204333
:100B30006C6F636B205370656564204D487A202884
:100B400063757272656E746C793A20002D2D2041A8
:100B50006476616E6365642053657474696E67734F
:100B6000202D2D00310500000000000000000000D5
:100B70000000000000000000000000000000000075
:100B800000B9090000560502000000000000000046
:100B9000003205000000000000000000000000001E
:100BA0000000000000000000000000000000B90983
:100BB000000056050200010000000000000033059F
:100BC0000000000000000000000000000000000025
:100BD0000000000000000000000000B909000056FD
:100BE00005020002000000000000003405000000C3
:100BF00000000000000000000000000000000000F5
:100C00000000000000000000B909000056050200C5
:100C10000300000000000000350500000000000097
:100C200000000000000000000000000000000000C4
:100C30000000000000B90900005605020004000091
:100C40000000000000360500000000000000000069
:100C50000000000000000000000000000000000094
:100C60000000B90900005605020005000000000060
:100C70000000370500000000000000000000000038
:100C8000000000000000000000000000000000B9AB
:100C900009000056050200060000000000000038B0
:100CA000050000000000000000000000000000003F
:100CB000000000000000000000000000B909000072
:100CC000560502000700000000000000310500008A
:100CD0000000000000000000000000000000000014
:100CE000000000000000000000D40900001405020C
:100CF0000080250000000000003205000000000018
:100D000000000000000000000000000000000000E3
:100D1000000000000000D409000014050200004B90
:100D2000000000000000330500000000000000008B
:100D300000000000000000000000000000000000B3
:100D4000000000D409000014050200009600000015
:100D5000000000340500000000000000000000005A
:100D60000000000000000000000000000000000083
:100D7000D40900001405020000E10000000000009A
:100D80003505000000000000000000000000000029
:100D900000000000000000000000000000D4090076
:100DA000001405020000C20100000000003605002A
:100DB0000000000000000000000000000000000033
:100DC00000000000000000000000D409000014052D
:100DD00002000084030000000000310200650340AF
:100DE000420F00000000000024F40000000000009A
:100DF00000000000000000BB0900001E050200000A
:100E0000000000000000003202003D0300E1F50593
:100E10000000000000E87648170000000000000015
:100E200000000000C30900002A05020000000000C5
:100E30000000000033030009030000000000000070
:100E4000000010A5D4E80000000000000000000031
:100E500000DD090000FB02010000000000000000AE
:100E600000340300D9020000000000000000001060
:100E7000A5D4E80000000000000000000000ED091B
:100E80000000050301000000000000000000350321
:100E900000AB0200000000000000000010A5D4E834
:100EA0000000000000000000000000FD0900001329
:100EB0000301000000000000000000360300820271
:100EC00000000000000000000010A5D4E8000000B1
:100ED00000000000000000000D0A00001E030100D9
:100EE00000000000000000004200001704000000A5
:100EF00000000000000A00000000000000000000E8
:100F00000000000000CF09000036050000000000CE
:100F10000000000000430000F70300000000000094
:100F200000000C00000000000000000000000000B5
:100F30000000D10900004205000000000000000090
:100F40000000440100E80300000000000000000071
:100F5000000000000000005053000000000000D31B
:100F600009000051050000000000000000000045DD
:100F70000400C603000000000000000000000000A4
:100F8000000000000000000000000000DA0900007E
:100F90005B0500000000000000000000460100A208
:100FA000030000000000000000000000000000003E
:100FB000000000000000000000BA09000069050000
:100FC000000000000000000000540400870300003F
:100FD0000000000000000000000000000000524679
:100FE000000000000000D8090000780500000000A3
:100FF000000000000000284368616E676573207779
:10100000696C6C2074616B6520656666656374202D
:10101000616674657220726573746172742900432D
:101020006F6E74696E75696E672077697468206386
:10103000757272656E742073657474696E67732E51
:101040000032202D204E6F2C20636F6E74696E75F8
:101050006520776974682063757272656E74207399
:10106000657474696E67730031202D205965732C87
:101070002072657374617274206E6F7700526573AD
:1010800074617274206E6F7720746F206170706C61
:1010900079206368616E6765733F004368616E67BE
:1010A0006573207772697474656E20746F2045458E
:1010B00050524F4D202877696C6C207065727369AF
:1010C0007374206163726F737320726573746172DD
:1010D00074732900454550524F4D20636C65617211
:1010E00065642E2052657374617274696E672E2E6A
:1010F0002E00436C656172696E6720656E7469725B
:101100006520454550524F4D2E2E2E0045455052DC
:101110004F4D20636C6561722063616E63656C6C1A
:1011200065642E0054797065202759455327207433
:101130006F20636F6E6669726D3A20005741524EA0
:10114000494E473A20546869732077696C6C206374
:101150006F6D706C6574656C792065726173652064
:1011600074686520656E7469726520454550524FFC
:101170004D20696E636C7564696E67207365726972
:10118000616C206E756D62657221004465666175E3
:101190006C7473207772697474656E2E2052657357
:1011A00074617274696E672E2E2E004170706C79B6
:1011B000696E67206368616E67657320616E642085
:1011C000726573756D696E67206F706572617469A1
:1011D0006F6E2E2E2E004469736361726465642005
:1011E0006368616E6765732E0041010001AC38F2DF
:1011F0001F420200008138000043020000943800C2
:10120000004402000090380000450200008E3800C3
:1012100000460200008C380000470100019638109B
:101220002648010001A138621D4D0000006D2A0012
:101230000053020000581D000056020000C11C00AF
:101240000057020000B625000058020000ED230000
:1012500000540200009238000031030000482400CE
:10126000003203000048240000330300004824003B
:10127000003403000048240000556E6B6E6F776EDB
:1012800020636F6D6D616E6400303030313032300C
:101290003330343035303630373038303931303122
:1012A0003131323133313431353136313731383112
:1012B0003932303231323232333234323532363200
:1012C00037323832393330333133323333333433E6
:1012D00035333633373338333934303431343234CC
:1012E00033343434353436343734383439353035B2
:1012F00031353235333534353535363537353835A2
:10130000393630363136323633363436353636368F
:101310003736383639373037313732373337343775
:10132000353736373737383739383038313832385B
:101330003338343835383638373838383939303941
:101340003139323933393439353936393739383931
:1013500039010000000A00000064000000E80300FA
:101360000010270000A086010040420F00809698E0
:101370000000E1F50500CA9A3B4655444745302038
:1013800070733A2000666978656454696D6532202F
:1013900070733A200054696D652044696C6174690A
:1013A0006F6E2070733A200054696D656F75743AE2
:1013B000203078253032780050726F706167617428
:1013C000696F6E2044656C61792070733A20004328
:1013D000616C20506572696F64733A202564004324
:1013E0006F61727365207469636B3A20256C642E9B
:1013F0002530366C64207573656300436C6F636BD6
:101400002053706565643A20256C642E2530366C57
:1014100064204D487A00506F6C6C204368617261A3
:10142000637465723A206E6F6E6500506F6C6C204D
:101430004368617261637465723A20004368616E4B
:101440006E656C204E616D65733A2025632F2563B0
:1014500020282563290053657269616C20426175FB
:101460006420526174653A20256C750053796E636F
:101470004D6F64653A202563004F75747075742054
:10148000446563696D616C20506C616365733A20DB
:1014900025640025642028777261707320617420B0
:1014A00031652564207365636F6E6473290025645C
:1014B0002028777261707320617420256C75207309
:1014C00065636F6E64732900256420286E6F207732
:1014D000726170290054696D657374616D70205775
:1014E0007261703A20004E756C6C204F7574707587
:1014F0007400446562756700332D436F726E6572C8
:101500006564204861740054696D6520496E746596
:101510007276616C20412D3E4200506572696F64A5
:101520000042696E6172792054696D657374616DF2
:1015300070005061697265645F54696D65737461B0
:101540006D700054696D657374616D70004D6561F7
:10155000737572656D656E74204D6F64653A200019
:10156000426F6172642053657269616C204E756DC3
:101570006265723A2000454550524F4D20566572C3
:1015800073696F6E3A2025642C20426F617264206B
:1015900056657273696F6E3A20256300536F6674E7
:1015A000776172652056657273696F6E3A20006EBE
:1015B000756C6C206F7574707574206D6F64652028
:1015C0002D206E6F206461746100686561646572CE
:1015D0002028307835352C30784141292C2063681B
:1015E000616E6E656C2028312062797465292C202B
:1015F00050494373746F7020283420627974657386
:10160000292C20746F662028342062797465732930
:101610002C204352432028312062797465290042EE
:10162000696E6172792054696D657374616D7020A3
:101630006D6F6465202D20313220627974652066DB
:1016400072616D65733A0074696D65312074696DFE
:10165000653220636C6F636B312063616C31206392
:10166000616C322050494373746F7020746F662030
:1016700074696D657374616D700074696D65737400
:10168000616D70206368302C206368313B20696E87
:1016900074657276616C206368302D3E636831201A
:1016A000287365636F6E64732077697468200070B7
:1016B0006572696F6420287365636F6E6473207749
:1016C000697468200074696D6520696E746572764E
:1016D000616C206368302D3E636831202873656338
:1016E0006F6E647320776974682000706169726539
:1016F00064206368616E6E656C2D6F726465722024
:1017000074696D657374616D7020287365636F6EA5
:1017100064732077697468200020646563696D6173
:101720006C20706C61636573290074696D657374F6
:10173000616D7020287365636F6E647320776974C0
:101740006820005449434320436F6E666967757291
:101750006174696F6E3A20002323232323232323FC
:101760002323232323232323232323232300436F00
:101770007079726967687420323031362D323032B8
:1017800035204E3855522C204B395452562C204E71
:1017900048365A2C2057413859575100544150521D
:1017A00020544943432054696D657374616D7069B9
:1017B0006E6720436F756E7465720000002100240F
:1017C0000027002A002D0030003300010100000432
:1017D0000107010A0100002200250028002B002E2D
:1017E000003100340002010000050108010B010076
:1017F0000020002300260029002C002F00320000CA
:10180000010000030106010901050505050705089A
:10181000080808020202020A0A0808040404040173
:101820000101010101010103030303030303030495
:101830000707070C0C0C0C0C0C0C0C020202020625
:10184000060606060606060B0B0B0B0B0B0B0B0115
:1018500002102020080810204010204080020102C1
:101860000108040201010204081020408080402089
:1018700010080402018004020180402010080402C4
:101880000108040201010204081020408001020442
:10189000081020408000000A0B02090C0D0E0807FA
:1018A0000304010000000000000000000000000030
:1018B0000000000000000000000000000000000028
:1018C00000121110000000000000000000000000E5
:1018D00000000000000000000000004368616E6727
:1018E0006573206469736361726465642E003220DD
:1018F0002D2044697363617264206368616E67655B
:10190000730031202D204B656570206368616E6720
:101910006573004368616E676573206B6570742E34
:10192000005361766520746F20454550524F4D201D
:10193000776974682027572720616E642072657369
:101940007461727420666F72206368616E676520CF
:10195000746F2074616B65206566666563742E0024
:10196000E14711241FBECFEFD1E2DEBFCDBF00E0C3
:101970000CBF15E0A0E0B2E0E4EDF9EB00E00BBF36
:1019800002C007900D92A438B107D9F72AE0A4E865
:10199000B5E001C01D92AF31B207E1F71CE0C1EB29
:1019A000DCE000E006C021970109802FFE010E94C3
:1019B0005B5AC03BD10780E00807A9F70E948D4819
:1019C0000C94E85C0C94000020914907222361F0FC
:1019D0002FB7F89430914907313049F43DB3309333
:1019E00048073DB33DBB2FBF8CBD9DBD08952093DF
:1019F0004807FACFCF92DF92EF92FF926B017C0102
:101A0000E0915A07F0915B0782E08083C11481EE78
:101A1000D806E104F104A1F060E079E08DE390E004
:101A2000A70196010E94C959215031094109510964
:101A30005695479537952795211580E13807A8F0E9
:101A4000E0915A07F0915B07108260E874E88EE13C
:101A500090E0A70196010E94C9592150310941091E
:101A600051095695479537952795E0915607F0917E
:101A700057073083E0915807F0915907208310925F
:101A80006207E0915E07F0915F0786E08083E09156
:101A90005C07F0915D07808180618083E0915C0745
:101AA000F0915D07808188608083E0915C07F09110
:101AB0005D07808180688083E0915C07F0915D071D
:101AC00080818F7D8083FF90EF90DF90CF9008958D
:101AD0008150823108F05AC0E82FF0E08827EC5896
:101AE000F24F8F4F0C945B5A940D980D860D8C0D10
:101AF000900DC60D9B0DA10DA50DAB0DAF0DB30D3A
:101B0000B90DBD0DC60DC10DC70DCB0D8091800067
:101B10008F77809380000895809180008F7DF9CF2A
:101B200080918000877FF5CF84B58F7784BD08953D
:101B300084B58F7DFBCF8091B0008F778093B0000C
:101B400008958091B0008F7DF9CF809190008F77BC
:101B5000809390000895809190008F7DF9CF8091BF
:101B60009000877FF5CF8091A0008F778093A000B1
:101B700008958091A0008F7DF9CF8091A000877F8C
:101B8000F5CF809120018F77809320010895809177
:101B900020018F7DF9CF80912001877FF5CFCF93F2
:101BA000DF93282F30E0F901EB56F74E8491F901CD
:101BB000E15BF74ED491F901E75FF74EC491CC2376
:101BC000A1F081110E94680DEC2FF0E0EE0FFF1FD5
:101BD000E151F84EA591B491EC91ED2381E090E0B4
:101BE00009F480E0DF91CF91089580E090E0FACF92
:101BF0001F93CF93DF93282F30E0F901EB56F74E78
:101C00008491F901E15BF74ED491F901E75FF74E5A
:101C1000C491CC23A9F0162F81110E94680DEC2FDE
:101C2000F0E0EE0FFF1FEB52F84EA591B4918FB785
:101C3000F894EC91111108C0D095DE23DC938FBF8E
:101C4000DF91CF911F910895DE2BF8CFCF93DF93D3
:101C500090E0FC01E15BF74E2491875F974EFC0119
:101C600084918823D1F090E0880F991FFC01E554FE
:101C7000F84EA591B491FC01EB52F84EC591D49168
:101C800061110EC09FB7F8948C91E22FE0958E23DE
:101C90008C932881E223E8839FBFDF91CF91089541
:101CA0008FB7F894EC91E22BEC938FBFF6CF909125
:101CB0007B00977F90937B008653806480937C00A9
:101CC00080917A00806480937A0080917A0086FD0A
:101CD000FCCF809178009091790008953FB7F894F7
:101CE0008091A4069091A506A091A606B091A706A2
:101CF00026B5A89B05C02F3F19F00196A11DB11D67
:101D00003FBFBA2FA92F982F8827BC01CD01620FA2
:101D1000711D811D911D42E0660F771F881F991F5D
:101D20004A95D1F708958F929F92AF92BF92CF922A
:101D3000DF92EF92FF924B015C010E946E0E6B01ED
:101D40007C010E946E0E6C197D098E099F09683E08
:101D5000734081059105A8F321E0821A9108A1083A
:101D6000B10888EEC80E83E0D81EE11CF11C811476
:101D70009104A104B10429F7FF90EF90DF90CF9078
:101D8000BF90AF909F908F900895AF92BF92CF92E7
:101D9000DF92EF92FF920F931F93CF93DF936C012B
:101DA0007B018B01040F151FEB015E01AE18BF080C
:101DB000C017D10759F06991D601ED91FC910190BE
:101DC000F081E02DC6011995892B79F7C501DF91C6
:101DD000CF911F910F91FF90EF90DF90CF90BF9028
:101DE000AF9008952F923F924F925F926F927F92A1
:101DF0008F929F92AF92BF92CF92DF92EF92FF921B
:101E00000F931F93CF93DF93CDB7DEB7C654D1099D
:101E10000FB6F894DEBF0FBECDBF922E832E742E68
:101E2000652E562E472E382E292EA0E00E94295CC2
:101E30000CF078C08DE289A3832D0E94855B922EE1
:101E4000832E742E652E562E472E382E292ECE0127
:101E5000829627969FAF8EAF2797CE010196259643
:101E60009FAF8EAF25972596AEADBFAD2597119646
:101E70002396BFAFAEAF23978AE0A82EB12CC12C1A
:101E8000D12CE12CF12C00E010E0292D382D472D2C
:101E9000562D652D742D832D922D0E94F55A205DAF
:101EA0002596EEADFFAD25972083292D382D472DA2
:101EB000562D652D742D832D922D0E94F75A922E4A
:101EC000832E742E652E562E472E382E292E2396BD
:101ED0008EAD9FAD239725969FAF8EAF2597292D69
:101EE000382D472D562D652D742D832D922DA0E074
:101EF0000E94295C09F0B7CF2796EEADFFAD27977A
:101F00009E012F5F3F4FAF012396AEADBFAD23972C
:101F10002A173B0780F48E912396BFAFAEAF23976D
:101F20008193F1CFA0E00E94295C41F580E389A371
:101F3000AE014E5D5F4FBE016F5D7F4F461B570B7D
:101F40008AE497E00E94C50ECA5BDF4F0FB6F89493
:101F5000DEBF0FBECDBFDF91CF911F910F91FF90DC
:101F6000EF90DF90CF90BF90AF909F908F907F9039
:101F70006F905F904F903F902F900895FE01B19623
:101F80002796FFAFEEAF279768CFFC01538D448DA6
:101F9000252F30E0842F90E0821B930B541710F014
:101FA000CF96089501970895FC01918D828D981721
:101FB00061F0A28DAE0FBF2FB11D5D968C91928DF9
:101FC0009F5F9F73928F90E008958FEF9FEF08952A
:101FD000FC01918D828D981731F0828DE80FF11DF3
:101FE000858D90E008958FEF9FEF0895FC01918D0E
:101FF000228D892F90E0805C9F4F821B91098F7307
:10200000992708958AE497E00E94F60F21E0892B32
:1020100009F420E0822F0895FC01A48DA80FB92FA8
:10202000B11DA35ABF4F2C91848D90E001968F7300
:102030009927848FA689B7892C93A089B1898C911F
:10204000837080648C93938D848D981306C002886E
:10205000F389E02D80818F7D80830895EF92FF9238
:102060000F931F93CF93DF93EC0181E0888F9B8DBB
:102070008C8D98131AC0E889F989808185FF15C075
:102080009FB7F894EE89FF896083E889F989808198
:102090008370806480839FBF81E090E0DF91CF9167
:1020A0001F910F91FF90EF900895F62E0B8D10E089
:1020B0000F5F1F4F0F731127E02E8C8D8E110CC0F8
:1020C0000FB607FCFACFE889F989808185FFF5CF43
:1020D000CE010E940C10F1CFEB8DEC0FFD2FF11D06
:1020E000E35AFF4FF0829FB7F8940B8FEA89FB8980
:1020F00080818062CFCF682F8AE497E00C942E1005
:10210000682F8AE497E00C942E10CF93DF93EC01B4
:10211000888D8823B9F0AA89BB89E889F9898C91CF
:1021200085FD03C0808186FD0DC00FB607FCF7CF8B
:102130008C9185FFF2CF808185FFEDCFCE010E948B
:102140000C10E9CFDF91CF9108958AE497E00E94C7
:102150008510EAE4F7E0A289B3898C918F7E8C9395
:10216000A289B3898C91877F8C93A289B3898C9142
:102170008F778C93A289B3898C918F7D8C93828D7C
:10218000818F089580E090E0892B29F00E94021051
:1021900081110E94000080E090E0892B49F080E0EE
:1021A00090E0892B29F00E94000081110E9400001C
:1021B00080E090E0892B49F080E090E0892B29F0C5
:1021C0000E94000081110E94000080E090E0892BB5
:1021D00049F080E090E0892B29F00E9400008111F5
:1021E0000C94000008952F923F924F925F926F924D
:1021F0007F928F929F92AF92BF92CF92DF92EF9297
:10220000FF920F931F93CF93DF93CDB7DEB72F9736
:102210000FB6F894DEBF0FBECDBFFC017F876E877F
:102220005C874B871082118212821382148215827E
:10223000168217821086118612861386DB01AB2B5D
:1022400009F4D0C0DA01AB2B09F4CCC0DB018D90CE
:102250009D90AD90BC90DA014D905D906D907C901A
:10226000DB0114962C90149715963C9015971696B2
:10227000CC9016971796DC9017971896EC901897B5
:102280001996FC9019971A960C911A971B961C9107
:10229000DA0114962C91149715963C911597169681
:1022A0004C91169717965C91179718966C91189702
:1022B00019967C9119971A968C911A971B969C9156
:1022C00084149504A604B70409F4A6C0B1E0B98348
:1022D000481459046A047B040CF4A6C01982AB8527
:1022E000BC854D905D906D907C90AE85BF854D9185
:1022F0005D916D917C91441A550A660A770AAB8507
:10230000BC8514963C9014971596BC91BA83AB8506
:10231000BC851696BC91BB83AB85BC851796BC91DA
:10232000BC83AB85BC851896BC91BD83AB85BC8551
:1023300019968C9019971A969C901A971B962C9028
:10234000AE85BF851496BC91BD87AE85BF851596B9
:10235000BC91BB87AE85BF851696BC91BE83AE850A
:10236000BF851796BC91BF83AE85BF851896BC917B
:10237000B887AE85BF851996BC91B987AE85BF85F4
:102380001A96BC91BA87AE85BF851B96BC91BE8755
:10239000232D3A814B815C816D81782D892D922D81
:1023A000AD84BB84CE80DF80E884F9840A851B2F4E
:1023B0000E94205C08F441C00E94175C59016A0128
:1023C0007B018C01A981AA2309F456C04082518265
:1023D00062827382A482B582C682D782E086F18649
:1023E00002871387CF012F960FB6F894DEBF0FBE7A
:1023F000CDBFDF91CF911F910F91FF90EF90DF90B4
:10240000CF90BF90AF909F908F907F906F905F9094
:102410004F903F902F900895A1E0A98351010E9411
:10242000205C11F008F05ACF9B858C85AE85BF8566
:10243000BC87AB879E878F8752CF3A814B815C8167
:102440006D81305F4A455B4267417F4F8F4F9F4FA1
:10245000AD84BB84CE80DF80E884F9840A851E8544
:102460000E94175C59016A017B018C0121E0421A2C
:10247000510861087108A6CF9501A601B701C801EE
:10248000A0E00E94295C69F4709460945094409498
:10249000411C511C611C711C4082518262827382FA
:1024A000A1CFD301C20180959095A095B09580836E
:1024B0009183A283B38320E030E145EA54ED68EED6
:1024C00070E080E090E00E94175C248335834683AF
:1024D0005783608771878287938784CF809149076C
:1024E000882361F09FB7F8942091490780914807AD
:1024F000213019F48DBB9FBF08958FBF08950F93AE
:102500001F93CF93DF938C01C62FD42F80E591E0EA
:102510000E94E40C60E0F80187810E94F80DC0641D
:10252000CD27DC27CD270CB405FC17C0DEBD00008D
:102530000DB407FEFDCF8EB5CEBD00000DB407FE75
:10254000FDCF8EB561E0F80187810E94F80DDF9123
:10255000CF911F910F910C946E12CEBD00000DB45F
:1025600007FEFDCF8EB5DEBD00000DB407FEFDCF2A
:10257000E8CFFC01EF56FF4F408160E00C947F12E2
:102580008EBD00000DB407FEFDCF8EB50895CF922D
:10259000DF92EF92FF920F931F93CF93DF938C0103
:1025A000C62FD42EF52EE22E80E591E00E94E40C99
:1025B000F8018281803309F049C080910201877F50
:1025C000809302018C2F80680E94C012CD2DDF2DD8
:1025D000F12C80E00E94C012C82E80E00E94C01240
:1025E000D82E80E00E94C0124C2D50E070E060E0D8
:1025F000BA0155274427480F511D611D711D8D2DAE
:1026000090E0982F8827480F591F611D711D49932D
:10261000599369937993F394EF10DBCFF80182819A
:102620008033C1F4809102018860809302010E948E
:102630006E128FE090E00197F1F7DF91CF911F913B
:102640000F91FF90EF90DF90CF900895809102015D
:102650008F7EB6CF809102018061E7CF1F93CF9329
:10266000DF93EC0180E591E00E94E40C60E08F8153
:102670000E94F80D82E00E94C01280E00E94C01209
:10268000182F61E08F810E94F80D0E946E12412F79
:1026900062E0CE01DF91CF911F910C947F122F92B7
:1026A0003F924F925F926F927F928F929F92AF92E2
:1026B000BF92CF92DF92EF92FF920F931F93CF932F
:1026C000DF93CDB7DEB7AA970FB6F894DEBF0FBE83
:1026D000CDBF1C0123E0AE014F5F5F4F60E10E9460
:1026E000C71289819A81AB81BC81F101838B948B64
:1026F000A58BB68B8D819E81AF81B885878F90A386
:10270000A1A3B2A389859A85AB85BC85878B908F61
:10271000A18FB28F22E0AE014F5F5F4F6BE1C1012D
:102720000E94C712A980BA80CB80DC80D101939629
:10273000AD92BD92CD92DC9296974D805E806F8077
:1027400078844D865E866F86788A97964D925D92E4
:102750006D927C929A9753964D905D906D907C907F
:1027600056974BA25CA26DA27EA257969C9057975B
:102770005896BC91B98FF101818CE28C478C50A0A6
:1027800061A072A0E059FF4FF08001811281B381F6
:10279000648175812F2D302F412F5B2F868197818A
:1027A000A0E00E94295C09F07FC1998AF98DFA8B1B
:1027B0008B8AEC8AE0904206ED8EF0904306FE8E06
:1027C0008090440690904506009146060F8F109128
:1027D000470618A32091480629A3309149063AA339
:1027E000A3019201B701C4010E944B5AF101E858BC
:1027F000FF4F00811181228133812B013C01401A5E
:10280000510A620A730A498E5A8E6B8E7C8E7097BB
:1028100080819181A281B38120E432E44FE050E0D5
:10282000281B390B4A0B5B0B8091400690914106A7
:1028300001972C01990F660877084114510461042F
:10284000710421F4412C512C320143946D857E8515
:102850008F8598896A197B098C099D090E94BB5A4A
:1028600069014FA358A769A77AA75C01C301B20108
:1028700022E030E040E050E00E94975979018A015F
:10288000550F220B322FA9012D873E874F87588B7A
:1028900096014FA158A569A57AA5C5015701680100
:1028A000ED84FE2C0E2D1E2D0E94025C6301520150
:1028B000DD0CAA08BA2C6501AD86BE86CF86D88A03
:1028C00052016301ED84FE2C0E2D1E2D0E94F75A3D
:1028D0002D873E874F87588B4D845E846F84788820
:1028E00045284628472841F4412C512C3201439475
:1028F0004D865E866F86788A8BA19CA1ADA1BEA114
:1029000049885A886B887C8884199509A609B70973
:102910002C013D01770C4408542C3201AD8CBE8C47
:102920006401EF8CF8A009A11AA19C01AD01642DEE
:10293000742D842D942D0E94635A722E832E942E12
:10294000B52FF62FE72F582E692EA0E00E94295CA4
:1029500009F453C04D855E856F85788976956795B6
:10296000579547955A016B01E12CF12C8701498B52
:10297000BA8A6B8BDC8AED8AFE8A0F8B188F10E483
:10298000A12E02E4B02E4FE0C42ED12CE12CF12C6C
:1029900000E010E0492D5B2F6F2F7E2F0E94635ABD
:1029A00059016A017B018C0129893A894B895C892B
:1029B00060E070E080E090E00E94025CCD84DE8404
:1029C000EF84F88856016701E12CF12C8701A98A70
:1029D000BA8ACB8ADC8AED8AFE8A0F8B188FE12CAB
:1029E000F12C00E010E00E94F75A722E832E942EF4
:1029F000B52FF62FE72F582E692EC98CDA8CEB8C69
:102A0000FC8CFF0CCC08DC2C7601298D3A8D4B8D8B
:102A10005C8D6C2D7C2D8C2D9C2DA72CB82CC92C5D
:102A2000DB2EEF2EFE2E052D162D0E94025CD1010D
:102A30009B962C939B979C963C939C979D964C932E
:102A40009D979E965C939E979F966C939F97D0962A
:102A50007C93D097D1968C93D197D2969C93C101B9
:102A60000E942E13F10123A534A545A556A567A5FF
:102A700070A981A992A9AA960FB6F894DEBF0FBEDD
:102A8000CDBFDF91CF911F910F91FF90EF90DF901D
:102A9000CF90BF90AF909F908F907F906F905F90FE
:102AA0004F903F902F900895F98A0A8B1B8BBC8B17
:102AB00081CECF92DF92EF92FF920F931F93CF932D
:102AC000DF93CDB7DEB72C970FB6F894DEBF0FBEFD
:102AD000CDBF8C010E944F13D8019B962C939B97DE
:102AE0009C963C939C979D964C939D979E965C9349
:102AF0009E979F966C939F97D0967C93D097D196F4
:102B00008C93D197D2969C9369017A01C8010E9457
:102B1000B91285E589838AEA8A83F801E057FF4F75
:102B200080818B83F894F80173856485558546858B
:102B300087858089818982899B01CA0178943C8339
:102B40002D839E838F83C886D986EA86FB86FE0105
:102B50003396AE01445F5F4F80E06CE8E417F50701
:102B600081F09191892798E0282F30E035952795BD
:102B700080FF05C0822F86279150B1F7EFCF822FBB
:102B8000FBCF8C878AE497E00E94C50F0C97D4F3A3
:102B90004CE050E0BE016F5F7F4F8AE497E00E94F7
:102BA000C50ED8011B967C911B971C966C911C97A7
:102BB0001D965C911D971E964C911E971F963C91F9
:102BC0001F9750962C91509751969C9151975296E1
:102BD0008C915297F801E058FF4F708361835283C4
:102BE00043833483258396838783E554F109DB96F9
:102BF0002C913181428153816481758186819781D5
:102C0000A1E00E940B5CD801DB962C9331834283B8
:102C10005383648375838683978381E02C960FB6F4
:102C2000F894DEBF0FBECDBFDF91CF911F910F9102
:102C3000FF90EF90DF90CF9008952F923F924F92A8
:102C40005F926F927F928F929F92AF92BF92CF923C
:102C5000DF92EF92FF920F931F93CF93DF93CDB745
:102C6000DEB764970FB6F894DEBF0FBECDBF9A8B68
:102C7000898B280139014A011B01DC019B968C914B
:102C80009B97D3968C93D3979C968C919C97D49634
:102C90008C93D4979D968C919D97D5968C93D59730
:102CA0009E968C919E97D6968C93D6979F968C9154
:102CB0009F97D7968C93D797D0968C91D097D8968C
:102CC0008C93D897D1968C91D197D9968C93D9978C
:102CD000D2968C91D297DA968C93DA97AC5ABF4FF2
:102CE000E989FA89E85BFF4FFC83EB838CE0019074
:102CF0000D928A95E1F789899A890E944F13A989D3
:102D0000BA899B962C939B979C963C939C979D96F7
:102D10004C939D979E965C939E979F966C939F97DE
:102D2000D0967C93D097D1968C93D197D2969C9342
:102D3000D297CD010E94B912F894E989FA892385C6
:102D40003485458556856785708981899289E058E3
:102D5000FF4FA080B180C280D380E480F5800681DF
:102D600017812083318342835383648375838683F1
:102D7000978378940E94175C52016301740181016A
:102D80000E94635AA989BA899B96AC909B979C969E
:102D9000BC909C979D96CC909D979E96DC909E971C
:102DA0009F96EC909F97D096FC90D097D1960C91DF
:102DB000D197D2961C91D2970E94175CD396AC9073
:102DC000D397D496BC90D497D596CC90D597D696D9
:102DD000DC90D697D796EC90D797D896FC90D8975A
:102DE000D9960C91D997DA961C910E94025C522ECA
:102DF000632E742E852E962E7983482EB92FA0E04F
:102E00000E94295C0CF452C0E989FA89E45BFF4F07
:102E1000A080B180C280D380E480F58006811781D4
:102E20000E94025C208331834283538364837583D1
:102E300086839783E080F18002811381C480D580EE
:102E4000B681B7809701A801B6018B2F9B2D2F3F2C
:102E5000AFE03A07A5EA4A07A4ED5A07A8EE6A07C9
:102E600071058105910509F008F475C03051454A96
:102E7000544D684E71098109910920833183428341
:102E800053836483758386839783AB81BC814D9123
:102E90005D916D917C9113974F5F5F4F6F4F7F4FA7
:102EA0004D935D936D937C931397C4CF7981842D5B
:102EB0009B2F0E94855B29873A874B875C876D87AC
:102EC0007E878F87988B29883A88ECE42E0E311CF8
:102ED000F101F081FB8BF101F181FC8BF101A28109
:102EE000F381FA83F101F481FD83F101F581FE8321
:102EF000F101F681FF83F101F781F887AB88BC8887
:102F0000CA2EDA80ED80FE800F811F2F0E94205C88
:102F100011F008F05BC0252D362D472D582D692D59
:102F20007981842D9B2F0E94025CD1012C931196F4
:102F30003C93119712964C93129713965C931397A8
:102F400014966C93149715967C93159716968C93FC
:102F5000169717969C93E989FA89E95BFF4F81E000
:102F60008083E989FA89FB96A989BA89DB962C9135
:102F70003181428153816481758186819781A1E08D
:102F80000E940B5CA989BA89DB962C93318342831A
:102F90005383648375838683978364960FB6F8940E
:102FA000DEBF0FBECDBFDF91CF911F910F91FF907C
:102FB000EF90DF90CF90BF90AF909F908F907F90D9
:102FC0006F905F904F903F902F90089529853A859C
:102FD0004B855C856D857E858F859889AB88BC889F
:102FE000DA80ED80FE800F8118850E94175C290130
:102FF0003A014B0189839A83A12C20E1B22E35EA54
:10300000C32E44EDD42E58EEE52EF12C00E010E056
:103010009201A3010E94285BA1E00E940B5C590170
:103020006A01EB81FC8180819181A281B3818A193F
:103030009B09AC09BD0980839183A283B383A12C32
:1030400060E1B62E75EAC72EE4EDDE2EF8EEEF2E27
:10305000F12C00E010E09201A301B40189819A8172
:103060000E94265B59016A017B018C0120E030E15E
:1030700045EA54ED68EE70E080E090E00E94175C55
:1030800054CFCF93DF93EC010E942E13FE01EF5635
:10309000FF4F40814E7F60E0CE010E947F126AE0C8
:1030A00070E080E090E00E94930ECE010E942E130B
:1030B000CE010E94B9121B8A1C8A1D8A1E8A1F8A91
:1030C000188E198E1A8E1B8E1C8E1D8E1E8E1F8EB4
:1030D00018A219A21AA21BA21CA21DA21EA21FA204
:1030E00018A619A61AA61BA61CA61DA61EA61FA6D4
:1030F00018AA19AA1AAA1BAA1CAA1DAA1EAA1FAAA4
:1031000018AE19AE1AAEFE01ED5BFF4F10821182B0
:1031100012821382349610823196108211821282AA
:1031200013823496108211821282138214821582C5
:103130001682178238961082118212821382349678
:1031400010821182128213821482158216821782D3
:10315000B89610821182128213821482158216820E
:10316000178238961082118212821382C457DF4F61
:10317000188219821A821B82DF91CF9108952091C3
:103180008706309188064091890650918A066091A1
:103190008B0670918C0680918D0690918E06A1E031
:1031A0000E940B5C20938706309388064093890623
:1031B00050938A0660938B0670938C0680938D06DD
:1031C00090938E06089570918706609188065091BD
:1031D000890640918A0630918B0620918C06909149
:1031E0008D0680918E06E7EEF7E07387648755873A
:1031F00046873787208B918B828B08957091870645
:10320000609188065091890640918A0630918B061C
:1032100020918C0690918D0680918E06E5E8F8E06D
:1032200070836183528343833483258396838783AA
:1032300008952F923F924F925F926F927F928F925A
:103240009F92AF92BF92CF92DF92EF92FF920F9335
:103250001F93CF93DF93CDB7DEB72C970FB6F894BB
:10326000DEBF0FBECDBF29833A834B835C836D8362
:103270007E838F8398871801FA86E98680EAA82ED4
:1032800097EFB92E66ECC62E70E1D72EE12CF12C0B
:1032900000E010E060E070E080E090E00E94635A9F
:1032A00000E10E94E75B29013A014B018C879B8773
:1032B00029813A814B815C816D817E818F819885E6
:1032C00000E20E94E75B00E00E94635A00E10E9476
:1032D000CC5B59016A017B018C019201A301B4010D
:1032E0008C859B850E94025C00E20E94E75B422E77
:1032F000532E642E752EA301920160E472E48FE0D8
:1033000090E00E944B5A29813A814B815C81261BB7
:10331000370B480B590BDA01C901803432E49307AB
:103320003FE0A307B10548F04FEF441A540A640A7E
:10333000740A80549244AF40B109F1014082518235
:1033400062827382E985FA8580839183A283B38345
:103350002C960FB6F894DEBF0FBECDBFDF91CF9194
:103360001F910F91FF90EF90DF90CF90BF90AF90A3
:103370009F908F907F906F905F904F903F902F9095
:103380000895DB0141505109FC012491222349F0A9
:103390000196FD01E61BF70BE417F50710F42D93DA
:1033A000F3CF1C920895CF93DF93DC01FB01EA0178
:1033B0008991AE01208131818823E1F022303105ED
:1033C000C8F02D913C911197C901019611969C93DB
:1033D0008E93CE010197EC018881E9018883CD911C
:1033E000DC9111971882208131812150310931837C
:1033F0002083DDCF81E02230310508F480E0DF91C9
:10340000CF9108954F925F926F927F92AF92BF9249
:10341000CF92DF92EF92FF920F931F93CF93DF93A0
:1034200000D000D000D01F921F92CDB7DEB78C0124
:103430007B0157FF21C0DB018D919C91029708F41D
:1034400057C0D801ED91FC911197CF0101961196CB
:103450009C938E938DE28083ED91FC911082FB0111
:10346000808191810197918380835095409530951B
:1034700021953F4F4F4F5F4FCA01B9011B866E0127
:10348000FBE0CF0ED11C2AE0422E512C612C712C76
:103490009E012F5F3F4F5901A30192010E94C9591C
:1034A000605DD6016E936D01B901CA0161157105A8
:1034B0008105910519F0AA16BB0671F7A601B7019F
:1034C000C8010E94D3192B960FB6F894DEBF0FBE29
:1034D000CDBFDF91CF911F910F91FF90EF90DF90C3
:1034E000CF90BF90AF907F906F905F904F90089576
:1034F00080E0E9CFCF93DF93EC01DB012D913C918C
:10350000119722303105D0F0FA0184914F5F5F4F5F
:103510008823A1F0E881F9819F012F5F3F4F398314
:1035200028838083E881F98110822D913C91119745
:103530002150310911963C932E93E0CF81E0223047
:10354000310508F480E0DF91CF910895AF92BF92EA
:10355000CF92DF92EF92FF920F931F9380919E067E
:1035600081116FC02091BB093091BC094091BD0908
:103570005091BE096091BF097091C009A0903309B4
:10358000B0903409C0903509D0903609E0903709E1
:10359000F09038090091390910913A098091C109D8
:1035A0009091C2090E94205C09F04BC02091C30990
:1035B0003091C4094091C5095091C6096091C7096D
:1035C0007091C809A0903B09B0903C09C0903D099A
:1035D000D0903E09E0903F09F090400900914109E8
:1035E000109142098091C9099091CA090E94205CFA
:1035F00041F52091CB093091CC09809143099091FC
:10360000440928173907E9F49091D80980915009A5
:10361000981317C09091D90980915109981311C03E
:1036200081E02091D30990914B09291301C080E0DA
:103630001F910F91FF90EF90DF90CF90BF90AF90D0
:10364000089581E0F5CF88E8E5E9F9E0ADE0B9E07B
:1036500001900D928A95E1F7109293060895082E35
:10366000000C990B0E947B108AE497E00C94851063
:10367000CF92DF92EF92FF920F931F93CF93DF933E
:103680008C016B01D0E0C0E08AE497E00E94F60F65
:10369000892B39F461E070E080E090E00E94930EA5
:1036A000F3CF8AE497E00E94D40F8D309105B1F4F6
:1036B000209731F08DE00E942F1B8AE00E942F1B83
:1036C000F801EC0FFD1F1082CE01DF91CF911F9109
:1036D0000F91FF90EF90DF90CF9008958A30910581
:1036E00039F38830910519F08F37910569F42097E7
:1036F00059F2219788E00E942F1B80E20E942F1B25
:1037000088E00E942F1BC0CF7E012FEFE21AF20A41
:10371000EC14FD0408F0B8CFC00FD11F88830E94BD
:103720002F1BE701B1CF9EEF980F923008F4A5C090
:103730009EEE980F943008F4A0C090E0FC01E15B8D
:10374000F74E2491FC01E75FF74E3491433009F0C6
:1037500038C0323031F54091A705422B4093A70580
:10376000835D9B4FFC01A491323009F043C0B0E06F
:10377000AA0FBB1FAA56BA4F6D937C93E3EFF7E1F4
:10378000A591B4918C918093A8058BE690E09093DD
:10379000850580938405809168008160809368002E
:1037A0004AC03A3031F44091B905422B4093B905F3
:1037B000D7CF3B30A9F64091CC05422B4093CC05A6
:1037C000CFCF323031F44091A605422B4093A6056D
:1037D000C7CF3A3031F44091B805422B4093B80539
:1037E000BFCF3B3009F0BCCF4091CB05422B40937B
:1037F000CB05B6CF3A3039F5B0E0AA0FBB1FA755BD
:10380000BA4F6D937C93E3E0F8E1A591B4918C916C
:103810008093BA058CE690E09093850580938405AB
:10382000809168008260809368008091B705822B48
:103830008093B705220FA0918405B0918505EC9186
:103840002E2B2C9308953B30B1F7B0E0AA0FBB1F8D
:10385000A554BA4F6D937C93E5E0F8E1A591B4913E
:103860008C918093CD058DE690E0909385058093B3
:10387000840580916800846091CF9FB7F89483306D
:1038800069F18231A1F0823039F570938F05609330
:103890008E05EC9880916A008C7F80936A008091FD
:1038A0006A00482B40936A00E49AEC9A15C0709322
:1038B0008D0560938C05EB98809169008F738093E0
:1038C000690080916900F0E44F9FA0011124482B0A
:1038D00040936900E39AEB9A9FBF08957093910516
:1038E00060939005ED9880916A00837F80936A00D1
:1038F00080916A0024E0429FA0011124482B40934C
:103900006A00E59AED9AE8CFFC0101900020E9F702
:103910003197AF01481B590BBC018AE497E00C9426
:10392000C50ECF93DF93D0E0C0E0009719F00E945E
:10393000841CEC0184E492E00E94841C8C0F9D1F87
:10394000DF91CF9108950C94841C87E492E00E944B
:10395000A31C8BED92E00E94A31C8AE497E00C94D8
:103960008510CF93DF93EC0187E492E00E94A31CC3
:10397000CE010E94911C8AE497E0DF91CF910C94D4
:1039800085100F931F93CF93DF93CDB7DEB7C45845
:10399000D1090FB6F894DEBF0FBECDBF19828E01DC
:1039A0000F5F1F4FCF57DF4F19830883C158D04097
:1039B00080E890E0CD57DF4F99838883C358D0408B
:1039C0004AE452E0BE016D577F4FCE018F579F4FA3
:1039D0000E94D31941E252E0BE016D577F4FCE01E4
:1039E0008F579F4F0E94D3194DE552E0BE016D578E
:1039F0007F4FCE018F579F4F0E94D31949E152E06C
:103A0000BE016D577F4FCE018F579F4F0E94D31934
:103A1000CD57DF4F88819981C358D040029720F15C
:103A2000CF57DF4FE881F981C158D040CF010196CF
:103A3000CF57DF4F99838883C158D04089E2808374
:103A4000CF57DF4FE881F981C158D0401082CD5760
:103A5000DF4F88819981C358D0400197CD57DF4F00
:103A600099838883C358D04040E652E0BE016D5729
:103A70007F4FCE018F579F4F0E94D3194EE256E0E1
:103A8000BE016D577F4FCE018F579F4F0E94D319B4
:103A9000C8010E94B11C81E0CC57DF4F0FB6F894EB
:103AA000DEBF0FBECDBFDF91CF911F910F91089563
:103AB00086E492E00E94B11C86E492E00E94B11C70
:103AC00081E00895CF93DF93CDB7DEB7C058D10919
:103AD0000FB6F894DEBF0FBECDBF86E492E00E9421
:103AE000B11C40E850E0BE016F5F7F4F86E59AE071
:103AF0000E94C119CE0101960E94B11C40E850E01D
:103B0000BE016F5F7F4F88E49AE00E94C119CE0129
:103B100001960E94B11C40E850E0BE016F5F7F4FEC
:103B200089E39AE00E94C119CE0101960E94B11C5E
:103B300040E850E0BE016F5F7F4F8AE29AE00E944A
:103B4000C119CE0101960E94B11C40E850E0BE01AF
:103B50006F5F7F4F8BE19AE00E94C119CE01019601
:103B60000E94B11C40E850E0BE016F5F7F4F81E0D2
:103B70009AE00E94C119CE0101960E94B11C40E852
:103B800050E0BE016F5F7F4F81EF99E00E94C11945
:103B9000CE0101960E94B11C86E492E00E94B11C05
:103BA000C058DF4F0FB6F894DEBF0FBECDBFDF9118
:103BB000CF9108950F931F93CF93DF938C0187E4E8
:103BC00092E00E94A31CE801FE01849121968823C3
:103BD00031F0082E000C990B0E947B10F5CF84E485
:103BE00092E00E94841C8AE497E0DF91CF911F91BC
:103BF0000F910C94851080919E06811123C00E9424
:103C0000A61A882351F087E096E00E94DA1D68EE3C
:103C100073E080E090E00C94930E809193068823EB
:103C200071F083E996E00E94DA1D109293068DE60A
:103C300096E00E94DA1D8CE396E00C94DA1D8DE686
:103C400096E0FBCF0895CF93DF939C01D9019C911F
:103C50002F5F3F4F9032D1F39930C1F3FD010190B6
:103C60000020E9F73197EF01AE17BF0728F48291E2
:103C70008032C9F38930B9F31882CD01DF91CF9139
:103C80000895CF93C82F88EC96E00E94B11C81E282
:103C900099E10E94DA1D86E492E00E94B11CC111F4
:103CA00007C083E199E10E94DA1D81E0CF91089578
:103CB00082E099E10E94DA1D8EEE98E10E94DA1D01
:103CC0000E94A51C8AE497E00E94F60F18161906B8
:103CD0002CF48AE497E00E94D40FF4CF60E270E005
:103CE00088EA96E00E94381B88EA96E00E94231E2C
:103CF000FC0180818233A9F68BED98E10E94DA1DE8
:103D000080E0D4CF8F929F92AF92BF92CF92DF92FA
:103D1000EF92FF920F931F93CF93DF93CDB7DEB750
:103D2000A1970FB6F894DEBF0FBECDBF6C01990FFF
:103D3000EE08FF08F7FE3FC08DE20E9480108C0164
:103D400022273327A9012C193D094E095F0919A221
:103D5000CE0181967C019AE0892E912CA12CB12C68
:103D6000CA01B901A50194010E94C959605DF7011A
:103D700062937F01211531054105510589F790E0D6
:103D800080E0309719F0CF010E94841C800F911FB2
:103D9000A1960FB6F894DEBF0FBECDBFDF91CF91D5
:103DA0001F910F91FF90EF90DF90CF90BF90AF9059
:103DB0009F908F900895A701960119A28E010F5D23
:103DC0001F4F8AE0C82ED12CE12CF12CCA01B90179
:103DD000A70196010E94C959605DF80162938F01A5
:103DE000211531054105510589F790E080E03097B4
:103DF00079F2CF010E94841CCBCF2F923F924F9239
:103E00005F926F927F928F929F92AF92BF92CF926A
:103E1000DF92EF92FF920F931F93CF93DF93CDB773
:103E2000DEB764970FB6F894DEBF0FBECDBF29830F
:103E30003A834B835C8369877A878B879C872AA523
:103E40002D833BA53E838CA58F83EDA5E887FEA53A
:103E5000FD872FA52E8738A93F8789A9888B2AA897
:103E60003BA84CA85DA8EEA9E98BFFA9FA8B28AD69
:103E70002B8B39AD3C8B6AAC7BAC8CAC9DAC8EADE6
:103E80009FAD5F924F923F922F92E885EF93FF8113
:103E9000FF932E812F933D813F93DF92CF92BF926C
:103EA000AF92EC81EF93FB81FF932A812F933981AD
:103EB0003F939F938F9385EB96E09F938F9388EC2E
:103EC00096E09F938F930E94845588EC96E00E9421
:103ED000B11C86E492E00E94B11C82E099E10E944C
:103EE000DA1D8EEE98E10E94DA1D0E94A51C60E8A2
:103EF00070E088EC96E00E94381B88EC96E00E9407
:103F0000231E0FB6F894DEBF0FBECDBFFC0120818B
:103F1000223309F043C001900020E9F79F012250AD
:103F2000310928173907D1F52981F30120833A8116
:103F300031838B8182832C812383398534838A85E5
:103F400085832B8526833C853783F401A082B1824B
:103F5000C282D382E482F58206831783109293068D
:103F60008BED98E10E94DA1D80E064960FB6F8941C
:103F7000DEBF0FBECDBFDF91CF911F910F91FF909C
:103F8000EF90DF90CF90BF90AF909F908F907F90F9
:103F90006F905F904F903F902F9008952D81F30187
:103FA00020833E8131838F818283288523833D85D1
:103FB00034838E8585832F85268338893783F40162
:103FC0002082318242825382298924833A8935832F
:103FD0008B8986832C89278383E199E10E94DA1DEE
:103FE00081E0C3CFCF93DF93CDB7DEB7C058D109FF
:103FF0000FB6F894DEBF0FBECDBF86E492E00E94FC
:10400000B11C40E850E0BE016F5F7F4F86EE99E043
:104010000E94C119CE0101960E94B11C40E850E0F7
:10402000BE016F5F7F4F87ED99E00E94C119CE01FD
:1040300001960E94B11C40E850E0BE016F5F7F4FC7
:1040400081EC99E00E94C119CE0101960E94B11C39
:1040500040E850E0BE016F5F7F4F8BEA99E00E941D
:10406000C119CE0101960E94B11C40E850E0BE018A
:104070006F5F7F4F81E999E00E94C119CE010196DF
:104080000E94B11C40E850E0BE016F5F7F4F85E8A1
:1040900099E00E94C119CE0101960E94B11C40E82E
:1040A00050E0BE016F5F7F4F81E799E00E94C11928
:1040B000CE0101960E94B11C40E850E0BE016F5F46
:1040C0007F4F86E699E00E94C119CE0101960E94B9
:1040D000B11C40E850E0BE016F5F7F4F85E599E07D
:1040E0000E94C119CE0101960E94B11C86E492E0A3
:1040F0000E94B11C40E850E0BE016F5F7F4F86E434
:1041000099E00E94C119E091B9096EE379E0E830C5
:1041100038F4F0E0EE0FFF1FE75FFD4F6081718123
:10412000CE0101960E944655CE0101960E94B11C17
:1041300086E492E00E94B11CC058DF4F0FB6F8949D
:10414000DEBF0FBECDBFDF91CF910895EF92FF92FA
:104150000F931F93CF93DF938B010C5F1F4FEB01E6
:104160007C01E61AF70AC7018C0F9D1F0E94815936
:104170008993C017D107B9F784E090E0DF91CF9120
:104180001F910F91FF90EF9008952F923F924F92C1
:104190005F926F927F928F929F92AF92BF92CF92D7
:1041A000DF92EF92FF920F931F93CF93DF9300D094
:1041B0001F921F92CDB7DEB76B015D834C8323ED59
:1041C0003DE442E650E10E94CA5A06E20E94E75BE3
:1041D000190128EE33E0229EC001239E900D329EED
:1041E000900D11249601281B390B3A8329838DECFD
:1041F000A82E9CECB92E2CECC22E3CECD32EE12C3C
:10420000F12C00E010E0910140E050E060E070E04F
:1042100080E090E00E94635A03E20E94E75B2B83F8
:10422000E981FA8100E09F0140E050E060E070E049
:1042300080E090E00E94635A03E20E94E75B122F45
:10424000FB816F2F70E0660F771F67577D4E42E04E
:1042500050E08C819D810E943D5520E3220E0AE0B2
:104260003B81309F20181124EC81FD812282612F37
:1042700070E0660F771F67577D4E42E050E0CF0138
:1042800003960E943D558981805D109F80191124FD
:10429000EC81FD8185830F900F900F900F900F9010
:1042A000DF91CF911F910F91FF90EF90DF90CF9012
:1042B000BF90AF909F908F907F906F905F904F9046
:1042C0003F902F900895CF92DF92EF92FF920F933D
:1042D0001F93CF93DF9300D000D01F921F92CDB7D2
:1042E000DEB76801FE0135967F018E010F5F1F4F1B
:1042F0000E94191969817A818B819C81A6010E9493
:10430000C520A6014A5F5F4F6D817E818F819885B0
:104310000E94C52028960FB6F894DEBF0FBECDBF11
:10432000DF91CF911F910F91FF90EF90DF90CF9091
:1043300008952F923F924F925F926F927F928F9249
:104340009F92AF92BF92CF92DF92EF92FF920F9324
:104350001F93CF93DF93CDB7DEB76B970FB6F8946B
:10436000DEBF0FBECDBF1C015E8B4D8B822E452B59
:1043700009F4CAC180914A06882341F09090010255
:10438000F0900002011113C0F12C14C08091D109EA
:104390009091D2096CE0962E8D3091051CF497FD1A
:1043A00080E0982EF12C002351F0F090CF0929E005
:1043B0002F1550F38CE0891510F45CE0952EAD8933
:1043C000BE894D905D906D907C90810177FE0DC00F
:1043D0000F5F1F4F8DE2F1018083709460945094C1
:1043E0004094411C511C611C711C498A5A8A6B8A79
:1043F0007C8A8FEF8F0D893008F0C9C08F2D90E037
:10440000988F8F8BFC01EE0FFF1FEE0FFF1FEF5AEF
:10441000FC4E2591359145915491C301B2010E9402
:10442000C959B62EE72E6C01698FA72E8A8FDB8EB5
:104430004AE0442E512C612C712CA30192010E9460
:10444000C959605D698B92E0F91264C0205DD801A2
:104450002C9311966C936801F2E0CF0ED11CED897C
:10446000FE899920C1F02601BFEF4B1A5B0A8EE24C
:10447000D6018C9324813581468157816085718571
:1044800082859385BCE09B1201C182010E94632159
:10449000EDE0CE0ED11C882D8F7D09F42CC180E279
:1044A000D6018C9383E611968C93119788E6129629
:1044B0008C93129713968C9213978DE014968C938D
:1044C00014978AE015968C93B6E0CB0ED11C86012A
:1044D00002191309A801B1018AE497E00E94C50EF0
:1044E000C8016B960FB6F894DEBF0FBECDBFDF914B
:1044F000CF911F910F91FF90EF90DF90CF90BF90E1
:10450000AF909F908F907F906F905F904F903F9073
:104510002F90089523E0F2121AC06B2D7E2DC60154
:1045200024E630E040E050E00E94C959205DD80107
:104530002C93A30192010E94C959205DF8012183A7
:1045400029892283680183E0C80ED11C88CFCF88D7
:10455000D88CC00ED11E76012AE0422E512C612C3F
:10456000712C91E0E91AF108698D7A2D8A8D9B8D65
:10457000A30192010E94C959605DD7016C93298FF4
:10458000A32E4A8F5B8F0E151F0559F768CFBAE02F
:104590004B165104610471044CF46801EFEFCE1A1C
:1045A000DE0A80E3840DD8018C9359CF8AE0A82ECF
:1045B000B12CC12CD12CC301B201A60195010E94DE
:1045C000C95990E3F92EF60EB4E64B165104610476
:1045D00071045CF4205DF80120836801F2E0CF0EE5
:1045E000D11CD8011196FC923ACFB8EE4B16B3E02D
:1045F0005B0661047104D0F4C301B20124E630E02B
:1046000040E050E00E94C959205DF8012083A601D6
:1046100095010E94C959205DD80111962C9368011B
:10462000B3E0CB0ED11CF801F28219CFCE01019676
:104630005C01D12CC12C7C019FEFC91AD90A698970
:104640007A898B899C892AE030E040E050E00E9422
:10465000C959605DD5016D935D01298B3A8B4B8BF8
:104660005C8B89899A89AB89BC89892B8A2B8B2B96
:1046700019F7F801C601019730F0D701A80FB91F4B
:104680002C912193F8CFC00ED11EE9CE692C712C4C
:10469000F6E0F91598F0DE011D967D018E010F5FA1
:1046A0001F4F0E94191969817A818B819C81A20117
:1046B0000E94C5206201C60CD71CEDCEFE013D96BE
:1046C0007F018E010F5F1F4F0E94191969817A8146
:1046D0008B819C81A2010E94C520F7E0CF0ED11CE6
:1046E0006D857E858F859889A6010E94C52026E06C
:1046F000621A7108E0CF8DE0F60180838AE0818341
:10470000F2E0CF0ED11CE3CE0FEF1FEFE9CECF9238
:10471000DF92EF92FF920F931F93CF93DF931F923D
:104720001F92CDB7DEB78B01BE016F5F7F4F0E9436
:10473000D6536B017C01E981FA81808181112CC003
:1047400020E030E0A901C701B6010E94B45587FD01
:1047500023C029EA3FE543E658E5C701B6010E94B8
:10476000465A1816CCF0C701B6010E94FA59F80152
:104770002083318342835383648375838683978345
:1047800081E00F900F90DF91CF911F910F91FF90DB
:10479000EF90DF90CF90089580E0F3CFEF92FF92FB
:1047A0000F931F93CF93DF937C018B01D0E0C0E088
:1047B000F80161918F01C7018C0F9D1F0E948959DB
:1047C0002196C430D105A1F784E090E0DF91CF912C
:1047D0001F910F91FF90EF900895CF93DF938CE39B
:1047E00091E10E94DA1D86E492E00E94B11C84E20D
:1047F00091E10E94DA1D0E94A51C60E870E088EC3F
:1048000096E00E94381B88EC96E00E94231E61E728
:1048100072E00E945C5CEC01892BA9F482EF90E1CC
:104820000E94DA1D6FEFCE010E9489592196C115B1
:1048300080E1D807B9F784ED90E10E94DA1D80E0AD
:10484000DF91CF9108958CE091E10E94DA1D81E023
:10485000F7CFEF92FF920F931F93CF93DF937C01DB
:104860008B01D0E0C0E0F80161918F01C7018C0F8E
:104870009D1F0E9489592196C838D105A1F788E863
:1048800090E0DF91CF911F910F91FF90EF900895ED
:10489000CF93DF93CDB7DEB7C858D1090FB6F894E0
:1048A000DEBF0FBECDBF8233B1F08333B9F08133A9
:1048B00009F05AC186ED91E10E94DA1D109293062B
:1048C00080E0C857DF4F0FB6F894DEBF0FBECDBFF4
:1048D000DF91CF9108958BEA91E1EECF8DE089834E
:1048E00041E150E061E272E0CE0102960E946C5C10
:1048F00084E48B8B41E150E06EE276E0CE01449699
:104900000E946C5C1DA21EA280E88FA386E988A786
:1049100088E989A71AA61BA61CA61DA61EA61FA667
:1049200081EE88AB85EF89AB85E08AAB1BAA1CAA18
:104930001DAA1EAA84E190E098AF8FAB85E090E0BD
:104940009AAF89AF1CAE1BAE8BE090E09EAF8DAFEF
:1049500080E58FAF80E092ECA1E0B0E024968CAFD0
:104960009DAFAEAFBFAF249781E427968FAF279757
:1049700082E428968FAF289783E429968FAF2997F2
:104980002A961FAE2A972B961FAE2B972C961FAEFA
:104990002C972D961FAE2D972E961FAE2E972F96E5
:1049A0001FAE2F9760961FAE609761961FAE6197FE
:1049B00062961FAE629763961FAE639764961FAEB2
:1049C000649765961FAE659766961FAE6697679665
:1049D0001FAE679768961FAE689769961FAE699776
:1049E00082E525968FAF259726968FAF269794EC74
:1049F0006A969FAF6A9789E06B968FAF6B976C96BC
:104A00001FAE6C976D961FAE6D976E961FAE6E972C
:104A10006F961FAE6F97A0961FAEA097A1961FAE80
:104A2000A197A2969FAFA297A3968FAFA397A496A4
:104A30001FAEA497A5961FAEA597A6961FAEA697E4
:104A4000A7961FAEA797A8961FAEA897A9961FAEC8
:104A5000A997AA961FAEAA97AB961FAEAB97AC9636
:104A60001FAEAC97AD961FAEAD97AE961FAEAE978C
:104A7000AF961FAEAF97E0961FAEE097E1961FAEE0
:104A8000E197E2961FAEE297E3961FAEE397E496B6
:104A90001FAEE497E5961FAEE597E6961FAEE69744
:104AA000E7961FAEE797E8961FAEE897E9961FAE28
:104AB000E997EA961FAEEA97EB961FAEEB97EC9656
:104AC0001FAEEC97ED961FAEED97EE961FAEEE97EC
:104AD000EF961FAEEF97C158DF4F1882CF57D040E7
:104AE000C058DF4F1882C058D040CF57DF4F1882D0
:104AF000C158D040CE57DF4F1882C258D040CD5752
:104B0000DF4F1882C358D040CC57DF4F1882C458AB
:104B1000D040CB57DF4F1882C558D040CA57DF4F1F
:104B20001882C658D040C957DF4F1882C758D040A6
:104B3000C857DF4F1882C858D04088E8FE01319628
:104B4000A5E9B9E001900D928A95E1F765E979E070
:104B500090E080E00E9429248BE891E10E94DA1D18
:104B600081E080939E06ACCE81E0ABCE1F93CF93C5
:104B7000DF9300D000D01F921F92CDB7DEB7142F65
:104B800065E979E090E080E00E9429241092930684
:104B90008BE990E10E94DA1D1123F1F186E492E0A5
:104BA0000E94B11C8DE790E10E94DA1D88E690E139
:104BB0000E94DA1D81E490E10E94DA1D86E492E011
:104BC0000E94B11C0E94A51C68E070E0CE01019615
:104BD0000E94381BCE0101960E94231E65E772E0F9
:104BE0000E945C5C892B79F481E080939E0610E042
:104BF000812F28960FB6F894DEBF0FBECDBFDF9190
:104C0000CF911F9108958FE190E10E94DA1D86EF08
:104C10009FE00E94DA1DECCF81E080939E06E8CFF2
:104C20002F923F924F925F926F927F928F929F92BC
:104C3000AF92BF92CF92DF92EF92FF920F931F93AA
:104C4000CF93DF93CDB7DEB7C758D1090FB6F8942D
:104C5000DEBF0FBECDBF86E492E00E94B11C40E8EB
:104C600050E09E012F5F3F4F4901B9018CE49BE06A
:104C70000E94C119C4010E94B11C40E850E0B40177
:104C80008AE29BE00E94C11985E9682E89E0782EAE
:104C9000F30126A037A040A451A4F2A5CD57DF4FC1
:104CA000F883C358D040F301F3A5CC57DF4FF88306
:104CB000C458D040F301F4A5CB57DF4FF883C55853
:104CC000D040F301F5A5CA57DF4FF883C658D0404E
:104CD000F40101900020E9F731979F012819390963
:104CE000CF57DF4F39832883C158D04090E4A92E95
:104CF00022E4B22E3FE0C32ED12CE12CF12C00E0B7
:104D000010E09101A201CD57DF4F6881C358D04018
:104D1000CC57DF4F7881C458D040CB57DF4F8881C4
:104D2000C558D040CA57DF4F9881C658D0400E941E
:104D3000F55A5F934F933F932F939101A201CD5763
:104D4000DF4F6881C358D040CC57DF4F7881C458BB
:104D5000D040CB57DF4F8881C558D040CA57DF4F6E
:104D60009881C658D0400E94F75A5F934F933F9363
:104D70002F9387E792E09F938F9340E8442E512C26
:104D8000C201CF57DF4FE881F981C158D0408E1B57
:104D90009F0B9F938F93CF01880D991D9F938F93A6
:104DA0000E947B5CC4010E94B11C40E850E0B40149
:104DB00089E09BE00E94C119F30126A437A4F0A961
:104DC000CF57DF4FF883C158D040F301F1A9CD5739
:104DD000DF4FF883C358D040F301F2A9CC57DF4F1F
:104DE000F883C458D040F301F3A9CB57DF4FF883C1
:104DF000C558D040F301F4A9CA57DF4FF883C6580D
:104E0000D040F301F5A9C957DF4FF883C758D04008
:104E1000F40101900020E9F731973F016818790803
:104E20009101CF57DF4F4881C158D040CD57DF4F58
:104E30005881C358D040CC57DF4F6881C458D04008
:104E4000CB57DF4F7881C558D040CA57DF4F888194
:104E5000C658D040C957DF4F9881C758D0400E94EC
:104E6000F55A5F934F933F932F939101CF57DF4FA5
:104E70004881C158D040CD57DF4F5881C358D040EA
:104E8000CC57DF4F6881C458D040CB57DF4F788173
:104E9000C558D040CA57DF4F8881C658D040C9573F
:104EA000DF4F9881C758D0400E94F75A5F934F93C5
:104EB0003F932F9386E892E09F938F93C2018619C8
:104EC00097099F938F93C401860D971D9F938F938E
:104ED0000E947B5CC4010E94B11C40E850E0B40118
:104EE0008EED9AE00E94C119F40101900020E9F7CB
:104EF0003197CF0188199909E5EEF9E023812F93C5
:104F000022812F9321812F9320812F93EDEDF9E0C2
:104F100023812F9322812F9321812F9320812F93FF
:104F200006E912E01F930F939201281B390B3F9360
:104F30002F93880D991D9F938F930E947B5C0FB6D2
:104F4000F894DEBF0FBECDBFC4010E94B11C40E883
:104F500050E0B4018AEB9AE00E94C119F40101907B
:104F60000020E9F73197CF0188199909E5EFF9E0B9
:104F700023812F9322812F9321812F9320812F939F
:104F8000EDEEF9E023812F9322812F9321812F933E
:104F900020812F931F930F939201281B390B3F936E
:104FA0002F93880D991D9F938F930E947B5CC40162
:104FB0000E94B11C40E850E0B40186E99AE00E94EA
:104FC000C119F40101900020E9F73197CF01881948
:104FD0009909E5E0FAE023812F9322812F93218123
:104FE0002F9320812F93EDEFF9E023812F932281DE
:104FF0002F9321812F9320812F931F930F93920141
:10500000281B390B3F932F93880D991D9F938F93E6
:105010000E947B5CC4010E94B11C40E850E0B401D6
:1050200086E79AE00E94C119F40101900020E9F797
:105030003197CF0188199909E5E1FAE023812F938F
:1050400022812F9321812F9320812F93EDE0FAE08D
:1050500023812F9322812F9321812F9320812F93BE
:105060001F930F93481A590A5F924F92880D991D0A
:105070009F938F930E947B5C0FB6F894DEBF0FBEA8
:10508000CDBFC4010E94B11C86E492E00E94B11C15
:10509000C957DF4F0FB6F894DEBF0FBECDBFDF910B
:1050A000CF911F910F91FF90EF90DF90CF90BF9025
:1050B000AF909F908F907F906F905F904F903F90B8
:1050C0002F900895CF92DF92EF92FF920F931F934C
:1050D000CF93DF93CDB7DEB7C058D1090FB6F894A0
:1050E000DEBF0FBECDBF86E492E00E94B11C40E857
:1050F00050E08E010F5F1F4FB80185E299E00E94DA
:10510000C119C8010E94B11C40E850E0B8018FE00D
:1051100099E00E94C119E091B9096EE379E0E830A5
:1051200038F4F0E0EE0FFF1FE75FFD4F6081718103
:10513000C8010E94465567EB72E0C8010E94465CB8
:10514000C8010E94B11C40E850E0B80188EE98E028
:105150000E94C119E091CF09F091D0091E161F06D7
:105160000CF481C16DE277E08EEC95E00E94515520
:10517000F80101900020E9F73197E01BF10B8EEC6C
:1051800095E09F938F938091D0098F938091CF0961
:105190008F938FE992E09F938F9380E8E82EF12C14
:1051A000C7018E1B9F0B9F938F93E00FF11FFF93FF
:1051B000EF930E947B5CC8010E94B11C40E850E064
:1051C000B80181EC98E00E94C119F801019000201B
:1051D000E9F73197E01BF10B8091D2098F93809111
:1051E000D1098F9385EA92E09F938F93C7018E1B1D
:1051F0009F0B9F938F93E00FF11FFF93EF930E94FC
:105200007B5CC8010E94B11C40E850E0B8018EE907
:1052100098E00E94C119F80101900020E9F7319748
:10522000E01BF10B8091D309282F082E000C330BC3
:105230003F938F9399EAC92E92E0D92EDF92CF92B5
:10524000C7018E1B9F0B9F938F93E00FF11FFF935E
:10525000EF930E947B5CC8010E94B11C40E850E0C3
:10526000B8018FE798E00E94C119F8010190002071
:10527000E9F73197CF01801B910B2091DC09422F78
:10528000022E000C550B5F932F932091DB09422FC8
:10529000022E000C550B5F932F932091DA09422FB9
:1052A000022E000C550B5F932F932DEA32E03F93B3
:1052B0002F939701281B390B3F932F93800F911F3A
:1052C0009F938F930E947B5C0FB6F894DEBF0FBE56
:1052D000CDBFC8010E94B11C40E850E0B8018FE585
:1052E00098E00E94C1198091BA09882309F4EFC09F
:1052F000F80101900020E9F73197E01BF10B282F0E
:10530000082E000C330B3F938F93DF92CF92EE1A4F
:10531000FF0AFF92EF92E00FF11FFF93EF930E94BD
:105320007B5C0FB6F894DEBF0FBECDBFC8010E94F4
:10533000B11C40E850E0B80183E498E00E94C11934
:10534000C8010E94B11C40E850E0B80181E298E039
:105350000E94C119F80101900020E9F73197E01B84
:10536000F10B8091D7098F938091D6098F9380910B
:10537000D5098F938091D4098F9389EB92E09F9305
:105380008F9380E890E08E1B9F0B9F938F93E00F8D
:10539000F11FFF93EF930E947B5CC8010E94B11C38
:1053A00086E492E00E94B11C40E850E0B80188E039
:1053B00098E00E94C119C8010E94B11C40E850E069
:1053C000B80182EF97E00E94C119C8010E94B11C88
:1053D00040E850E0B80188ED97E00E94C119C8018B
:1053E0000E94B11C40E850E0B80182EA97E00E94B8
:1053F000C119C8010E94B11C86E492E00E94B11C50
:1054000040E850E0B80185E897E00E94C119C80162
:105410000E94B11C40E850E0B8018EE597E00E9480
:10542000C119C8010E94B11C40E850E0B80188E3EE
:1054300097E00E94C119C8010E94B11C0FB6F894F0
:10544000DEBF0FBECDBFC058DF4F0FB6F894DEBF32
:105450000FBECDBFDF91CF911F910F91FF90EF90C5
:10546000DF90CF900895EA30F105F4F4EE0FFF1FBE
:10547000EE0FFF1FEB5FF84F85919591A591B491C9
:10548000BF93AF939F938F938DEE96E09F938F93EF
:105490008EEC95E09F938F930E9484550FB6F894FD
:1054A000DEBF0FBECDBF64CEFF93EF9384ED96E0D9
:1054B0009F938F938EEC95E09F938F930E948455DA
:1054C0000F900F900F900F900F900F9051CE69E5B5
:1054D00078E0C8010E94465529CF0E94622881E0E9
:1054E00008952F923F924F925F926F927F928F9288
:1054F0009F92AF92BF92CF92DF92EF92FF920F9363
:105500001F93CF93DF93CDB7DEB762970FB6F894B2
:10551000DEBF0FBECDBFFC01892BD1F480E06296C7
:105520000FB6F894DEBF0FBECDBFDF91CF911F91B4
:105530000F91FF90EF90DF90CF90BF90AF909F9032
:105540008F907F906F905F904F903F902F90089535
:10555000E114F10411F0D7011C92DF010D9000203D
:10556000E9F711974D018E1A9F0AB2E08B1691044C
:1055700099F480818F3281F08181803269F081E0FD
:10558000D9018C93DB018C938081DA018C9381812A
:10559000F801808381E0C3CF2601180159015A8B9D
:1055A000498B3B018F016FE270E0CF010E94515C9B
:1055B0006C01892BC9F460E270E0C8010E94515C63
:1055C0006C01892B89F48A94892809F0A7CF81E09E
:1055D000D5018C93F3018083D8018C91F1018083F4
:1055E000A989BA898C93D6CF0C151D0509F497C0EB
:1055F0004601801A910AB0E18B16910418F09FE0E1
:10560000892E912CA401B801CE0101960E943D5C27
:10561000E1E0F0E0EC0FFD1FE80DF91D1082CE0176
:1056200001960E94231EFC0101900020E9F79F01D2
:10563000225031092817390709F071C0DC018C911B
:10564000E989FA89808381E0D3018C93D601119690
:105650008C91882309F489C0BFEFCB1ADB0A6FE273
:1056600070E0C6010E94515C8C01009709F460C093
:10567000E114F10409F45CC04114510409F458C068
:105680004C018C189D08E0E18E16910418F08FE013
:10569000882E912CA401B601CE0101960E943D5C9A
:1056A000E1E0F0E0EC0FFD1FE80DF91D1082CE01E6
:1056B00001960E94231EDC010D900020E9F79D0158
:1056C000225031092817390769F5FC018081D10181
:1056D0008C9381E0F5018083F8018181882329F191
:1056E000B8016F5F7F4F40E150E0CE0101960E940C
:1056F0007055CE0101960E94231EDC010D90002002
:10570000E9F79D01225031092817390771F4FC018E
:105710008081D2018C9381E0F701808300CFF30177
:10572000108294CFD5011C92D7CFD7011C9232CFD3
:1057300040E150E0B601CE0101960E947055CE01C5
:1057400001960E94231EFC0101900020E9F79F01B1
:10575000225031092817390741F4DC018C91F101FD
:10576000808381E0D5018C93DACEF501108212CFCF
:105770002F923F924F925F926F927F928F929F9261
:10578000AF92BF92CF92DF92EF92FF920F931F934F
:10579000CF93DF93CDB7DEB7CF5BD1090FB6F894C7
:1057A000DEBF0FBECDBF5B01942E790130E020E05B
:1057B0000217130709F49DC2F7019491A701435DF5
:1057C0005F4F891721F02F5F3F4F7A01F1CFE1142E
:1057D000F10409F48EC23196149134964590559097
:1057E00065907490F7013D962591359145915491BE
:1057F000CF55DF4F288339834A835B83C15AD0401A
:10580000F701B396E491F701B596459155916591ED
:105810007491F7013396C590D490F701B1968591B4
:105820009491153009F02FC1F7017D9685919491DF
:1058300039E0893B930709F097C01091B90940936B
:10584000B909141325C041E0CF55DF4F4883C15A31
:10585000D040CF55DF4F8881C15AD040C154DF4F6F
:105860000FB6F894DEBF0FBECDBFDF91CF911F9171
:105870000F91FF90EF90DF90CF90BF90AF909F90EF
:105880008F907F906F905F904F903F902F900895F2
:1058900081E0809393061092C80688EC96E02396E8
:1058A0009FAF8EAF239780E890E09A83898344EF7F
:1058B00055E0BE016F5F7F4FCE018F5B9F4F0E940F
:1058C0007A1AE091B9094EE359E0E83038F4F0E093
:1058D000EE0FFF1FE75FFD4F40815181BE016F5FFB
:1058E0007F4FCE018F5B9F4F0E947A1A88EC96E023
:1058F0000E94B11C992009F4C3C086E492E00E9482
:10590000B11C83EE95E00E94DA1D8FEC95E00E94B9
:10591000DA1D0E94A51C60E870E088EC96E00E9409
:10592000381B88EC96E00E94231EDC012C91223368
:1059300009F0A6C0FC0101900020E9F79F01225068
:1059400031092817390709F09BC01093B909109243
:1059500093068CEB95E00E94DA1DF1E0CF55DF4F06
:10596000F883C15AD04075CF845D994009F06BCF60
:10597000C090D409D090D509E090D609F090D7090D
:105980004093D4095093D5096093D6097093D709F1
:105990004C155D056E057F0509F455CF81E08093B8
:1059A00093061092C80688EC96E023969FAF8EAFC0
:1059B000239780E890E09A83898349E955E0BE0106
:1059C0006F5F7F4FCE018F5B9F4F0E947A1AA701B6
:1059D0009601BE016F5F7F4FCE018F5B9F4F0E948C
:1059E000021A42E955E0BE016F5F7F4FCE018F5B27
:1059F0009F4F0E947A1A2091D4093091D509409185
:105A0000D6095091D709BE016F5F7F4FCE018F5BE2
:105A10009F4F0E94021A88EC96E00E94B11C9920C8
:105A200079F186E492E00E94B11C83EE95E00E9439
:105A3000DA1D8FEC95E00E94DA1D0E94A51C60E83B
:105A400070E088EC96E00E94381B88EC96E00E949B
:105A5000231EDC012C91223399F4FC0101900020DB
:105A6000E9F79F01225031092817390749F4C092FC
:105A7000D409D092D509E092D609F092D70967CF20
:105A80008EEA95E068CFA114B10421F0D5018C9184
:105A9000811129C087E492E00E94A31CF601849141
:105AA000FFEFCF1ADF0A882331F0082E000C990B84
:105AB0000E947B10F3CF8AE497E00E94851060E893
:105AC00070E088EC96E00E94381B88EC96E00E941B
:105AD000231E5C01DC018C91882309F4B4CEA1144F
:105AE000B10409F4B0CEA301920160E070E0CB01F3
:105AF000CB55DF4F4882C55AD040CA55DF4F388357
:105B0000C65AD040C955DF4F6882C75AD040C855E1
:105B1000DF4F5883C85AD040C755DF4F6883C95AF2
:105B2000D040C655DF4F7883CA5AD040C555DF4FA5
:105B30008883CB5AD040C455DF4F9883CC5AD0408D
:105B4000CF55DF4F688179818A819B81C15AD040CE
:105B5000AB01BC0180E090E0DC01C355DF4F48831E
:105B6000CD5AD040C255DF4F5883CE5AD040C15590
:105B7000DF4F6883CF5AD040C055DF4F7883C05B7A
:105B8000D040CF54DF4F8883C15BD040CE54DF4F2D
:105B90009883C25BD040CD54DF4FA883C35BD04015
:105BA000CC54DF4FB883C45BD040F7017D9625907D
:105BB0003490CF57DF4F1882C158D040CE57DF4FB7
:105BC0001882C258D040CD57DF4F1882C358D040FA
:105BD000CC57DF4F1882C458D040CB57DF4F1882C4
:105BE000C558D040CA57DF4F1882C658D040C95751
:105BF000DF4F1882C758D040C857DF4F1882C858A7
:105C0000D040C757DF4F1882C958D040C657DF4F22
:105C10001882CA58D040C557DF4F1882CB58D040A1
:105C2000C457DF4F1882CC58D040C357DF4F18827B
:105C3000CD58D040C257DF4F1882CE58D040C15700
:105C4000DF4F1882CF58D040C057DF4F1882C0595D
:105C5000D040CF56DF4F1882C159D040CE56DF4FCB
:105C60001882C259D040CD56DF4F1882C359D04058
:105C7000CC56DF4F1882C459D040CB56DF4F188224
:105C8000C559D040CA56DF4F1882C659D040C956B0
:105C9000DF4F1882C759D040C856DF4F1882C85905
:105CA000D040C756DF4F1882C959D040C656DF4F83
:105CB0001882CA59D040C556DF4F1882CB59D04000
:105CC000C456DF4F1882CC59D040C356DF4F1882DC
:105CD000CD59D040C256DF4F1882CE59D040123035
:105CE00009F43AC260F4112309F4A9C0113009F48F
:105CF000DCC1CF55DF4F1882C15AD040AACD133036
:105D000009F41AC41430A9F72AED221629E0320644
:105D100009F0DBC5AE0143565F4F6A01BE01625612
:105D20007F4F7B018E0106561F4F9E0124563F4F29
:105D30004450510963507109C5010E94712ACF5521
:105D4000DF4F8883C15AD040882309F49FC1F09067
:105D5000DA090091DB091091DC09C556DF4F888113
:105D6000CB59D040882339F0C756DF4F8881C959B5
:105D7000D0408093DA09C456DF4F8881CC59D04097
:105D8000882339F0C656DF4F8881CA59D0408093A6
:105D9000DB09C256DF4F8881CE59D040882339F0C5
:105DA000C356DF4F8881CD59D0408093DC0981E014
:105DB000809393068091DC09282F082E000C330B6A
:105DC0003F938F938091DB09282F082E000C330B13
:105DD0003F938F938091DA09282F082E000C330B04
:105DE0003F938F93812F012E000C990B9F931F934C
:105DF000802F002E000C990B9F930F938F2D0F2C4B
:105E0000000C990B9F93FF928AE794E09F938F93E6
:105E100088EC96E09F938F930E948455892D0E9471
:105E2000411E0FB6F894DEBF0FBECDBF81110BCD62
:105E3000F092DA090093DB091093DC09D0C5D50193
:105E40008C91882309F422C18B3219F08D3209F02C
:105E500081C0B1E0CF55DF4FB883C15AD0408D32F9
:105E600029F0CF55DF4F1882C15AD040EFEFAE1A5C
:105E7000BE0AD5018C91882309F408C1CB54DF4FA9
:105E8000B982A882C55BD040F0E0E0E0512C712CD3
:105E9000C954DF4F1882C75BD040C854DF4F188207
:105EA000C85BD040812C412CCB54DF4FA881B981F5
:105EB000C55BD0406D90CB54DF4FB983A883C55BE1
:105EC000D040662009F44CC080ED860D8A3008F081
:105ED000DDC0AAE0AA2EB12CC12CD12CE12CF12CD2
:105EE00000E010E02F2F3E2F452D572DC954DF4FD6
:105EF0006881C75BD040C854DF4F7881C85BD04011
:105F0000882D942D0E94635A59016A017B018C01EE
:105F1000062C000C7708B0E36B1A7108972D990FC7
:105F2000990B9301492F592F692F792F892F0E949F
:105F3000025CF22FE32F542E752EC954DF4F688375
:105F4000C75BD040C854DF4F7883C85BD040882EF1
:105F5000492EAACFCF55DF4F1882C15AD04089CFE2
:105F6000CF55DF4F2881C15AD040222311F12F2F66
:105F70003E2F452D572DC954DF4F6881C75BD04058
:105F8000C854DF4F7881C85BD040882D942D0E9483
:105F9000855BF22FE32F542E752EC954DF4F688393
:105FA000C75BD040C854DF4F7883C85BD040882E91
:105FB000492ECF57DF4FF883C158D040CE57DF4F1F
:105FC000E883C258D040CD57DF4F5882C358D040E5
:105FD000CC57DF4F7882C458D040C954DF4FA881D6
:105FE000C75BD040CB57DF4FA883C558D040C854BB
:105FF000DF4FB881C85BD040CA57DF4FB883C6585F
:10600000D040C957DF4F8882C758D040C857DF4FAC
:106010004882C858D040CB55DF4F2881C55AD04060
:10602000CA55DF4F3881C65AD040C955DF4F488125
:10603000C75AD040C855DF4F5881C85AD04060E099
:1060400070E080E090E0AF2EBE2EC52CD72C7D01F5
:10605000082D142D0E94205C09F0C4F4C355DF4FB5
:106060002881CD5AD040C255DF4F3881CE5AD0401A
:10607000C155DF4F4881CF5AD040C055DF4F5881BE
:10608000C05BD0400E94205C0CF0ADC48AE895E073
:106090000E94DA1D86E492E00E94B11C71E0CF55A7
:1060A000DF4F7883C15AD040D4CBF5010190002056
:1060B000E9F7CF0102978A159B0541F7D5018C912D
:1060C000082E000C990B0E94355C182FB7016B5EEF
:1060D0007F4F48E050E0CE0101960E943D558981F6
:1060E000882351F0612F012E000C770BCE01019611
:1060F0000E94515C892B51F263ED261669E0360649
:1061000009F0E1C40091D3091093D30981E0809391
:106110009306812F012E000C990B9F931F93802FC4
:10612000002E000C990B9F930F9388E395E09F93AB
:106130008F9388EC96E09F938F930E948455892DCE
:106140000E94411E0FB6F894DEBF0FBECDBF811175
:106150007ACB0093D30974C4F5018081882309F4B4
:1061600095CFBE016F577F4FC5010E948723CF5542
:10617000DF4F8883C15AD040882309F487CFCF5797
:10618000DF4F6880C158D040CE57DF4F7880C2586B
:10619000D040CD57DF4F8880C358D040CC57DF4F19
:1061A0009880C458D040CB57DF4FB881C558D040F5
:1061B000CA57DF4FA881C658D040C957DF4FF88172
:1061C000C758D040C857DF4FE881C858D040930126
:1061D000A4016B2F7A2F8F2F9E2FCB55DF4FA880D6
:1061E000C55AD040CA55DF4FB880C65AD040C955AD
:1061F000DF4FC880C75AD040C855DF4FD880C85A33
:10620000D040E12CF12C00E010E00E94205C0CF466
:106210003DCFC355DF4FA880CD5AD040C255DF4F88
:10622000B880CE5AD040C155DF4FC880CF5AD04039
:10623000C055DF4FD880C05BD0400E94205C11F079
:106240000CF024CF2BEB221629E0320609F08EC485
:106250003090BB09CB55DF4F3882C55AD0404090B3
:10626000BC09C355DF4F4882CD5AD0405090BD097C
:10627000CB54DF4F5882C55BD0403090BE09C95423
:10628000DF4F3882C75BD0402090BF093090C009F3
:106290004090C1095090C2096092BB097092BC093C
:1062A0008092BD099092BE09B093BF09A093C00926
:1062B000F093C109E093C20981E08093930650E412
:1062C000A52E62E4B62E7FE0C72ED12CE12CF12C56
:1062D00000E010E0CB55DF4F2881C55AD040C355B0
:1062E000DF4F3881CD5AD040CB54DF4F4881C55B5A
:1062F000D040C954DF4F5881C75BD040B101C201C3
:106300000E94F55A5F934F933F932F93CB55DF4FE6
:106310002881C55AD040C355DF4F3881CD5AD0406F
:10632000CB54DF4F4881C55BD040C954DF4F588103
:10633000C75BD040B101C2010E94F75A5F934F93EF
:106340003F932F932EED32E03F932F931F9250E215
:106350005F93BE016F5B7F4FC156DF4F79836883C8
:10636000CF59D0407F936F930E947B5CCF57DF4F14
:106370007881C158D040C854DF4F7883C85BD04083
:10638000CE57DF4F8881C258D040C754DF4F888333
:10639000C95BD040CD57DF4F8880C358D040CC5721
:1063A000DF4F9880C458D040CB57DF4F9881C558F5
:1063B000D040C654DF4F9883CA5BD040CA57DF4FE6
:1063C000A881C658D040C554DF4FA883CB5BD040CE
:1063D000C957DF4F6880C758D040C857DF4F788013
:1063E000C858D040272F382FA401692F7A2FC30116
:1063F0000E94F55A5F934F933F932F93C854DF4FFA
:106400002881C85BD040C754DF4F3881C95BD0407A
:10641000A401C654DF4F6881CA5BD040C554DF4F2A
:106420007881CB5BD040C3010E94F75A5F934F93B2
:106430003F932F93EEEDF2E0FF93EF931F9230E244
:106440003F938E010F5F1F4F1F930F930E947B5C42
:106450001F930F93C056DF4F4881C05AD0404F93CF
:10646000C156DF4F5881CF59D0405F9383E295E00A
:106470009F938F9388EC96E09F938F930E9484550F
:106480000FB6F894DEBF0FBECDBF88EC96E00E9439
:10649000B11C86E492E00E94B11C83EE95E00E945C
:1064A000DA1D8FEC95E00E94DA1D0E94A51C60E8C1
:1064B00070E088EC96E00E94381B88EC96E00E9421
:1064C000231EDC012C91223309F029C5FC01019027
:1064D0000020E9F79F01225031092817390709F0F8
:1064E0001EC5CB55DF4FF881C55AD040F093BB098C
:1064F000C355DF4F2881CD5AD0402093BC09CB54DF
:10650000DF4F3881C55BD0403093BD09C954DF4FA0
:106510004881C75BD0404093BE092092BF093092AA
:10652000C0094092C1095092C209109293068CEBA7
:1065300095E00E94DA1D8DC9D5018C91882309F45C
:10654000A5CD6FE270E0C5010E94515C8C01892BE2
:1065500049F460E270E0C5010E94515C8C01892B16
:1065600009F494CD7801EA18FB08B0E4EB16F104C5
:1065700008F08CCDA701B501CE018F5B9F4F0E9423
:106580006C5CE1E4F0E0EC0FFD1FEE0DFF1D1082EE
:10659000B8016F5F7F4FCE0101960E94655C229625
:1065A0008FAD2297882309F471CDBE0167577F4FC5
:1065B000CE018F5B9F4F0E948723882309F466CD0D
:1065C0008981882309F462CDBE016F567F4FCE01C9
:1065D00001960E948723CF55DF4F8883C15AD04050
:1065E000882309F453CDC757DF4FE881C958D040FD
:1065F000CB54DF4FE883C55BD040C657DF4FF881EF
:10660000CA58D040C954DF4FF883C75BD040C55744
:10661000DF4F4880CB58D040C854DF4F4882C85B1A
:10662000D040C457DF4F5880CC58D040C754DF4FBC
:106630005882C95BD040C357DF4FA881CD58D040A6
:10664000C654DF4FA883CA5BD040C257DF4FB88122
:10665000CE58D040C554DF4FB883CB5BD040C15734
:10666000DF4FE881CF58D040C454DF4FE883CC5B84
:10667000D040C057DF4FF881C059D040C354DF4FDE
:10668000F883CD5BD040CB54DF4F2881C55BD04031
:10669000C954DF4F3881C75BD040A201BD01CF0193
:1066A000CB55DF4FA880C55AD040CA55DF4FB880C0
:1066B000C65AD040C955DF4FC880C75AD040C855C8
:1066C000DF4FD880C85AD040E12CF12C00E010E018
:1066D0000E94205C0CF4DACCC355DF4FA880CD5A61
:1066E000D040C255DF4FB880CE5AD040C155DF4FA1
:1066F000C880CF5AD040C055DF4FD880C05BD04053
:106700000E94205C11F00CF0C1CCCF56DF4FE88125
:10671000C159D040CE56DF4FF881C259D040CD5636
:10672000DF4FA881C359D040CC56DF4FB881C45940
:10673000D040CB56DF4F9880C559D040CA56DF4F66
:106740008880C659D040C956DF4F7880C759D0409D
:10675000C856DF4F6880C859D0409F01AD01692DF0
:10676000782D872D962DCB55DF4FA880C55AD04068
:10677000CA55DF4FB880C65AD040C955DF4FC880D0
:10678000C75AD040C855DF4FD880C85AD0400E9461
:10679000205C0CF47BCCC355DF4FA880CD5AD04091
:1067A000C255DF4FB880CE5AD040C155DF4FC880A8
:1067B000CF5AD040C055DF4FD880C05BD0400E9438
:1067C000205C11F00CF062CC3DED231639E033066D
:1067D00009F0A8C32091DD093091DE094091DF095D
:1067E0005091E0096091E1097091E2098091E3091B
:1067F0009091E40915EE212E19E0312EA090E509C3
:10680000B090E609C090E709D090E809E090E90966
:10681000F090EA090091EB091091EC09552453948A
:10682000509293060F2EFBEF4F2EF2E05F2EF02DCD
:106830005F924F923F922F920F2EFDED4F2EF9E077
:106840005F2EF02D5F924F926F927F928F929F9268
:10685000BF93AF93FF93EF93C354DF4F4880CD5B5B
:10686000D0404F92C454DF4F5880CC5BD0405F92F1
:10687000C554DF4FA881CB5BD040AF93C654DF4FE8
:10688000B881CA5BD040BF93C754DF4FE881C95B72
:10689000D040EF93C854DF4FF881C85BD040FF93DE
:1068A000C954DF4F3880C75BD0403F92CB54DF4F95
:1068B0004880C55BD0404F920E94FD1E0FB6F894F1
:1068C000DEBF0FBECDBF0C94292CD12CC12CF12CD6
:1068D000E12C8E0106561F4F9E0124563F4FAE01FC
:1068E00047565F4FBE0165567F4FC5010E94712A12
:1068F000CF55DF4F8883C15AD040882309F4C6CBD7
:10690000F8ED2F16F9E03F0611F00C94232C0091BE
:10691000D8091091D909C556DF4F8881CB59D0408D
:10692000882339F0C756DF4F8881C959D0408093FA
:10693000D809C456DF4F8881CC59D040882339F01C
:10694000C656DF4F8881CA59D0408093D90981E06B
:10695000809393068091D809863421F08091D909DB
:10696000863441F485EC94E00E94DA1D86E492E0DE
:106970000E94B11C8091D909282F082E000C330BDE
:106980003F938F938091D809282F082E000C330B4A
:106990003F938F93812F012E000C990B9F931F9390
:1069A000802F002E000C990B9F930F9387EA94E0A1
:1069B0009F938F9388EC96E09F938F930E948455CA
:1069C000892D0E94411E0FB6F894DEBF0FBECDBFC9
:1069D00081110C94232C0093D8091093D90910929B
:1069E00093060C94292C8FEC281689E0380691F533
:1069F0000091CF091091D009F093CF09E093D0090D
:106A000091E090939306EF93FF931F930F938FE67C
:106A100095E09F938F9388EC96E09F938F930E94CD
:106A20008455892D0E94411E0FB6F894DEBF0FBE1B
:106A3000CDBF81110C94232C0093CF091093D00962
:106A400010929306B1E0CF55DF4FB883C15AD040C2
:106A50000C94292C21ED221629E0320611F00C9419
:106A6000232C0091D1091091D209F093D109E09320
:106A7000D20991E090939306EF93FF931F930F93A6
:106A800081E595E09F938F9388EC96E09F938F9399
:106A90000E948455892D0E94411E0FB6F894DEBFD6
:106AA0000FBECDBF81110C94232C0093D1091093FC
:106AB000D2091092930651E0CF55DF4F5883C15A47
:106AC000D0400C94292CEAEB2E16E9E03E0611F09A
:106AD0000C94232C0091BA091D3209F410E0109394
:106AE000BA0981E0809393066EEB72E088EC96E041
:106AF0000E94655C002361F1E8ECF6E0DF010D9097
:106B00000020E9F711970C9301900020E9F710821B
:106B100069ED72E088EC96E00E94465C1123F9F082
:106B2000E8ECF6E0DF010D900020E9F711971C93E7
:106B300001900020E9F71082892D0E94411E8111E9
:106B40000C94232C0093BA09109293060C94AD2C4C
:106B500064ED72E088EC96E00E94465CD9CF64ED6B
:106B600072E088EC96E00E94465CE6CF53EC251676
:106B700059E0350611F00C94232C3090C309CB5505
:106B8000DF4F3882C55AD0404090C409C355DF4F0B
:106B90004882CD5AD0405090C509CB54DF4F58821F
:106BA000C55BD0403090C609C954DF4F3882C75BFF
:106BB000D0402090C7093090C8094090C909509032
:106BC000CA096092C3097092C4098092C509909263
:106BD000C609B093C709A093C809F093C909E09307
:106BE000CA0981E08093930680E4A82E92E4B92E2E
:106BF0002FE0C22ED12CE12CF12C00E010E0CB557F
:106C0000DF4F2881C55AD040C355DF4F3881CD5A58
:106C1000D040CB54DF4F4881C55BD040C954DF4FD3
:106C20005881C75BD040B101C2010E94F75A922E31
:106C3000832E742E652E30ECA32E4DEBB42E50EF28
:106C4000C52EDD24DA94EE24EA94FF24FA940FEFA3
:106C50001FEF292D382D472D562D0E94635ACB55F5
:106C6000DF4FA880C55AD040C355DF4FB880CD5AFA
:106C7000D040CB54DF4FC880C55BD040C954DF4FF4
:106C8000D880C75BD040710182010E94025C5F9393
:106C90004F933F932F936F927F928F929F922CEE00
:106CA00032E03F932F931F9250E25F93BE016F5BE0
:106CB0007F4FC156DF4F79836883CF59D0407F9390
:106CC0006F930E947B5CCF57DF4F7881C158D040D3
:106CD000C854DF4F7883C85BD040CE57DF4F8881E0
:106CE000C258D040C754DF4F8883C95BD040CD57CE
:106CF000DF4F9881C358D040C654DF4F9883CA5B9A
:106D0000D040CC57DF4FA881C458D040C554DF4F86
:106D1000A883CB5BD040CB57DF4FB881C558D0405C
:106D2000C454DF4FB883CC5BD040CA57DF4FE881F3
:106D3000C658D040C354DF4FE883CD5BD040C9571D
:106D4000DF4FF881C758D040C254DF4FF883CE5B85
:106D5000D040C857DF4F2881C858D040C154DF4FBA
:106D60002883CF5BD04060E4A62E12E4B12E0FE062
:106D7000C02ED12CE12CF12C00E010E0272F382F71
:106D8000492F5A2F6B2F7E2F8F2FC154DF4F9881A1
:106D9000CF5BD0400E94F75A922E832E742E652E20
:106DA00020ECA22E3DEBB32E40EFC42EDD24DA946E
:106DB000EE24EA94FF24FA940FEF1FEF292D382DCB
:106DC000472D0E94635AC854DF4FA880C85BD0404B
:106DD000C754DF4FB880C95BD040C654DF4FC8806E
:106DE000CA5BD040C554DF4FD880CB5BD040C45481
:106DF000DF4FE880CC5BD040C354DF4FF880CD5BE1
:106E0000D040C254DF4F0881CE5BD040C154DF4F29
:106E10001881CF5BD0400E94025C5F934F933F93F9
:106E20002F936F927F928F929F924CEE52E05F93DE
:106E30004F931F9270E27F938E010F5F1F4F1F933E
:106E40000F930E947B5C1F930F93C056DF4F888186
:106E5000C05AD0408F93C156DF4F9881CF59D04050
:106E60009F9388E095E09F938F9388EC96E09F93A3
:106E70008F930E9484550FB6F894DEBF0FBECDBF2E
:106E800088EC96E00E94B11C86E492E00E94B11C5E
:106E900083EE95E00E94DA1D8FEC95E00E94DA1DEA
:106EA0000E94A51C60E870E088EC96E00E94381B08
:106EB00088EC96E00E94231EFC012081223379F5A4
:106EC000DC010D900020E9F79D01225031092817BF
:106ED000390729F5CB55DF4FB881C55AD040B0935B
:106EE000C309C355DF4FE881CD5AD040E093C409B0
:106EF000CB54DF4FF881C55BD040F093C509C9542E
:106F0000DF4F2881C75BD0402093C6092092C70974
:106F10003092C8094092C9095092CA0906CB8EEA3C
:106F200095E007CB3DEE231639E0330609F075C036
:106F30002091ED093091EE094091EF095091F0094F
:106F40006091F1097091F2098091F309CB55DF4FFF
:106F50008883C55AD0409091F409A090F509B0906B
:106F6000F609C090F709D090F809E090F909F0907F
:106F7000FA090091FB091091FC0955245394509291
:106F8000930685E0482E83E0582E5F924F9285EF5E
:106F9000482E89E0582E5F924F923F922F926F9227
:106FA0007F928F929F92BF93AF93FF93EF93C354BF
:106FB000DF4FA881CD5BD040AF93C454DF4FB88181
:106FC000CC5BD040BF93C554DF4FE881CB5BD04052
:106FD000EF93C654DF4FF881CA5BD040FF93C7548C
:106FE000DF4F3880C95BD0403F92C854DF4F4880A4
:106FF000C85BD0404F92C954DF4F5880C75BD04028
:107000005F92CB54DF4FA881C55BD040AF93CB5587
:10701000DF4F8881C55AD0404FCC2DEF221629E092
:107020003206A1F52091FD093091FE094091FF093A
:107030005091000A6091010A7091020A8091030A3E
:10704000CB55DF4F8883C55AD0409091040AA09059
:10705000050AB090060AC090070AD090080AE0908E
:10706000090AF0900A0A00910B0A10910C0A5524A3
:1070700053945092930683E1482E83E0582E5F92FA
:107080004F9285E0482E8AE0582E85CF2DE02216BB
:107090002AE0320611F00C94232C20910D0A309135
:1070A0000E0A40910F0A5091100A6091110A7091D6
:1070B000120A8091130ACB55DF4F8883C55AD040FE
:1070C0009091140AA090150AB090160AC090170A61
:1070D000D090180AE090190AF0901A0A00911B0A41
:1070E00010911C0A55245394509293068EE1482E19
:1070F00083E0582E5F924F9285E1482E8AE0582E09
:107100004ACF0F931F9306E010E028EE3EE00E9466
:10711000B82B1F910F9108950C9481380C948138ED
:107120000C9481380C9481380C9481380F931F9300
:1071300006E010E02AED3DE00E94B82B1F910F9170
:1071400008950F931F9306E010E02CEC3CE00E94A2
:10715000B82B1F910F9108950F931F9308E010E033
:1071600024E63BE00E94B82B1F910F910895CF9227
:10717000DF92EF92FF920F931F93CF93DF93CDB7E0
:10718000DEB7C054D1090FB6F894DEBF0FBECDBF35
:10719000E62E0E94231E8C01FC018081811102C019
:1071A00081E02FC0082E000C990B0E94355CF82E50
:1071B000F80101900020E9F73197E01BF10B3297BD
:1071C00080F51092EE05F1E4FF1248C0F80101903D
:1071D0000020E9F73197E01BF10B329708F478C0F3
:1071E000F8018181282F082E000C330B2053310920
:1071F0002A30310508F06CC04E2D6EEE75E00E940D
:10720000AC38C05CDF4F0FB6F894DEBF0FBECDBF09
:10721000DF91CF911F910F91FF90EF90DF90CF9072
:107220000895F80131969F012F5F3F4F8081803292
:1072300071F0AEEEB5E090E080E02191322F3F7D1D
:1072400041F08F33910529F001962D93F6CFF90186
:10725000EACF82519A4FFC011082B5CFF7E4FF12BA
:107260001AC0F80101900020E9F73197E01BF10BFB
:10727000329770F1F8018181282F082E000C330B12
:10728000205331092A30310518F54E2D6EEE75E088
:107290000E949638B6CFF8E4FF121AC0F8010190A8
:1072A0000020E9F73197E01BF10B329788F0F801E5
:1072B0008181282F082E000C330B205331092A30EE
:1072C000310530F44E2D6EEE75E00E94A13899CF55
:1072D00009EE11E189E792E1F8012491F21669F1D2
:1072E000085F1F4F80179107B9F740E450E0BE01D7
:1072F0006F5F7F4F89E792E10E94C119CE0101962D
:107300000E94B11C4DCFF801349625913491B601FD
:107310006F5F7F4F4E2DF901199573CF8230910524
:1073200049F4F8013496259134914E2D6EEE75E0B6
:107330008F2DF1CF0397A9F3D8CF3196E4918E2FFB
:1073400090E0F8013396E491009759F3813091056C
:1073500029F7F801369685919491009709F420CF8A
:10736000FC0119950E94A51C60E870E088EC96E08D
:107370000E94381B88EC96E00E94231E6C01FC01E1
:107380008081882309F40CCF282F082E000C330BA2
:10739000A901405351094A30510508F4B4CF019076
:1073A0000020E9F73197EC19FD09329708F4F8CE7F
:1073B000C9010E94355C2F2DFF0C330B82179307F8
:1073C00009F0EECEF6018181282F082E000C330B38
:1073D000205331092A30310508F0E2CEF801349605
:1073E00025913491B6016E5F7F4F94CFBF92CF92BB
:1073F000DF92EF92FF920F931F93CF93DF93CDB75E
:10740000DEB7C058D1090FB6F894DEBF0FBECDBFAE
:107410008BE3B82E0E9462280E94A51C60E870E0F1
:1074200088EC96E00E94381B88EC96E00E94231EB0
:107430008C01FC018081882379F36BE370E0C80143
:107440000E94515C892B09F454C04FE750E0B80109
:10745000CE0101960E946C5CC058DF4F1882C05864
:10746000D040CE0101967C01F7018081882391F202
:107470006BE370E0C7010E94515C6C010097D9F08A
:10748000FC0110828C01C7010E94231EFC01208197
:10749000211119C0CD2809F4BDCFF801B1927F01A7
:1074A000808131968032D9F3882309F4B3CFE11477
:1074B000F104D1F6AFCFF70101900020E9F78F0179
:1074C00001501109E0CF60E00E94B7388111E2CF8E
:1074D000C058DF4F0FB6F894DEBF0FBECDBFDF91AF
:1074E000CF911F910F91FF90EF90DF90CF90BF90C1
:1074F000089561E0C8010E94B73881118BCFE8CFB1
:107500002F923F924F925F926F927F928F929F92B3
:10751000AF92BF92CF92DF92EF92FF920F931F93A1
:10752000CF93DF93CDB7DEB7CF58D1400FB6F894E5
:10753000DEBF0FBECDBF60E082E10E94260E61E09B
:107540008CE00E94260E61E08DE00E94260E61E034
:1075500082E40E94260E61E083E40E94260E61E030
:1075600081E40E94260E80910801806480930801C6
:1075700080910801806180930801809108018068F2
:1075800080930801809108018062809308014E0178
:1075900029E8820E911CB40180EF9FE00E94A62092
:1075A000BE016F5F7F4F84EF9FE00E94A620F40131
:1075B00080819181A281B3818F3FFFEF9F07AF0749
:1075C000BF0709F07FC089819A81AB81BC818F3F61
:1075D0009F4FAF4FBF4F09F082C085E293E00E94FA
:1075E000911C86E30E94570EBC01990F880B990BE2
:1075F000611571058105910511F00E94CD530E941E
:107600007E532FEF3FEF40E050E00E949759D401A6
:107610006D937D938D939C93139789E30E94570EEE
:10762000BC01990F880B990B6115710581059105B6
:1076300011F00E94CD530E947E532FEF3FEF40E0A8
:1076400050E00E94975969837A838B839C83B401AD
:1076500080EF9FE00E94CE23BE016F5F7F4F84EFDB
:107660009FE00E94CE238C818F938B818F938A81A0
:107670008F9389818F93F40183818F9382818F937C
:1076800081818F9380818F938AE493E09F938F937E
:107690008EE296E09F938F930E94B85C85E593E01D
:1076A0000E94A31C8EE296E00E94911C6CE47DE196
:1076B00080E090E00E94930E0FB6F894DEBF0FBEFC
:1076C000CDBF0DC0892B8A2B8B2B49F489819A81E0
:1076D000AB81BC81892B8A2B8B2B09F47ECF8C81CB
:1076E0008F938B818F938A818F9389818F93D4011C
:1076F00013968C9113978F9312968C9112978F9368
:1077000011968C9111978F938C918F938AE493E0CB
:107710009F938F938EE296E09F938F930E94B85C25
:1077200090E080E00E9481590FB6F894DEBF0FBE52
:10773000CDBF8D3009F44CC10E94A51060E072EC01
:1077400081E090E00E94FA0C6CED75E080E090E042
:107750000E94930E8AE497E00E94851085E693E0EC
:107760000E94911C8DE0898341E150E061E272E06A
:10777000CE0102960E946C5C84E48B8B41E150E068
:107780006EE276E0CE0144960E946C5C1DA21EA2C1
:1077900080E88FA386E988A788E989A71AA61BA68F
:1077A0001CA61DA61EA61FA681EE88AB85EF89AB81
:1077B00085E08AAB1BAA1CAA1DAA1EAA84E190E040
:1077C00098AF8FAB85E090E09AAF89AF1CAE1BAE4F
:1077D0008BE090E09EAF8DAF80E58FAF80E092ECC4
:1077E000A1E0B0E024968CAF9DAFAEAFBFAF2497C1
:1077F00081E427968FAF279782E428968FAF28974A
:1078000083E429968FAF29972A961FAE2A972B9645
:107810001FAE2B972C961FAE2C972D961FAE2D9733
:107820002E961FAE2E972F961FAE2F9760961FAEE7
:10783000609761961FAE619762961FAE62976396DE
:107840001FAE639764961FAE649765961FAE6597EB
:1078500066961FAE669767961FAE679768961FAECF
:10786000689769961FAE699782E525968FAF259731
:1078700026968FAF269794EC6A969FAF6A9789E019
:107880006B968FAF6B976C961FAE6C976D961FAE15
:107890006D976E961FAE6E976F961FAE6F97A09600
:1078A0001FAEA097A1961FAEA197A2969FAFA297D9
:1078B000A3968FAFA397A4961FAEA497A5961FAECD
:1078C000A597A6961FAEA697A7961FAEA797A896B0
:1078D0001FAEA897A9961FAEA997AA961FAEAA9702
:1078E000AB961FAEAB97AC961FAEAC97AD961FAEE6
:1078F000AD97AE961FAEAE97AF961FAEAF97E09620
:107900001FAEE097E1961FAEE197E2961FAEE297B9
:10791000E3961FAEE397E4961FAEE497E5961FAE9D
:10792000E597E6961FAEE697E7961FAEE797E896CF
:107930001FAEE897E9961FAEE997EA961FAEEA9761
:10794000EB961FAEEB97EC961FAEEC97ED961FAE45
:10795000ED97EE961FAEEE97EF961FAEEF97C158DC
:10796000DF4F1882CF57D040C058DF4F1882C05821
:10797000D040CF57DF4F1882C158D040CE57DF4F8D
:107980001882C258D040CD57DF4F1882C358D0401C
:10799000CC57DF4F1882C458D040CB57DF4F1882E6
:1079A000C558D040CA57DF4F1882C658D040C95773
:1079B000DF4F1882C758D040C857DF4F1882C858C9
:1079C000D040BE016F5F7F4F90E080E00E9429248D
:1079D000E5E96E2EE9E07E2E10E000E0C8010E948D
:1079E0008159D3018D933D010F5F1F4F0838110559
:1079F000A9F78091DC09811103C083E48093DC093D
:107A00000E94A5106091D4097091D5098091D60982
:107A10009091D7090E94FA0C6CED75E080E090E03F
:107A20000E94930E8AE497E00E9485109FB7F89415
:107A300080913F06882319F0815080933F06809102
:107A40003F06811105C08CB58F7B8CBD1092490714
:107A50009FBF1FB7F89480913F06811127C0EEE3C6
:107A6000F8E18491E4E8F8E19491E82FF0E0EE0F7A
:107A7000FF1FE554F84EA591B491EC91E92321F450
:107A800061E085E30E94F80D61E085E30E94260E27
:107A90008CB580618CBD8CB580648CBD61E084E365
:107AA0000E94260E61E083E30E94260E80913F062D
:107AB0008F5F80933F061FBF87E492E00E94911C76
:107AC0008CE997E10E94DA1D8EE697E10E94DA1DAB
:107AD00087E492E00E94911C88E597E10E94DA1DFC
:107AE00083E497E10E94DA1D88E8E5E9F9E0DE0128
:107AF000119601900D928A95E1F76CE975E1C40148
:107B00000E94515561E272E0C4010E94465C6DE53D
:107B100072E0C4010E94465C69E172E0C4010E9407
:107B2000465C67EB72E0C4010E94465CC4010E949F
:107B3000B11C90E080E00E9481599B89292F092E79
:107B4000000C330B3F939F931F928F9386E795E131
:107B50009F938F939F928F920E948455C4010E949D
:107B6000B11C60E675E1C4010E945155BE016C5E16
:107B70007F4FC4010E94465CC4010E94B11C6DE4A9
:107B800075E1C4010E9451550FB6F894DEBF0FBED7
:107B9000CDBFEDA1E830A0F4F0E08827ED52F24C23
:107BA0008F4F0C945B5ADB3DA540A840AE40AB40E4
:107BB000B140B440B74063E475E1C4010E9446554A
:107BC000C4010E94B11C65ED74E1C4010E945155CD
:107BD000EBADFCADD4010D900020E9F71E161F0699
:107BE0000CF4C8C2CD01FF93EF9328EC34E13F932E
:107BF0002F9301979F938F930E9484550F900F901E
:107C00000F900F900F900F90C4010E94B11C8EAD89
:107C10008F938DAD8F9389E794E19F938F939F927C
:107C20008F920E948455C4010E94B11C8FAD282FF1
:107C3000082E000C330B3F938F938CE694E19F93B7
:107C40008F939F928F920E948455C4010E94B11C11
:107C500024968FAD24978F9323968FAD23978F9380
:107C600022968FAD22978F9321968FAD21978F9378
:107C700086E594E19F938F939F928F920E94845503
:107C8000C4010E94B11C29968FAD2997282F082E78
:107C9000000C330B3F938F9328968FAD2897282F96
:107CA000082E000C330B3F938F9327968FAD2797A9
:107CB000282F082E000C330B3F938F938CE394E115
:107CC0009F938F939F928F920E948455C4010E942C
:107CD000B11C1EA10FB6F894DEBF0FBECDBFDE01F2
:107CE000A75FBE4F3D01112309F47DC26BE274E131
:107CF000CD010E945155F30101900020E9F7319721
:107D00001083F30101900020E9F71082B301C40150
:107D10000E94655CC4010E94B11C2FA038A449A434
:107D20005AA4BBA5C757DE4FB883C958D140ECA5AC
:107D3000C557DE4FE883CB58D140FDA5C357DE4F72
:107D4000F883CD58D1402EA5C157DE4F2883CF5898
:107D5000D14040E4A42E52E4B52E6FE0C62ED12CC3
:107D6000E12CF12C00E010E09101A2016B2F7E2F9D
:107D70008F2FC157DE4F9881CF58D1400E94F55ABE
:107D80005F934F933F932F939101A201C757DE4F0B
:107D90006881C958D140C557DE4F7881CB58D14052
:107DA000C357DE4F8881CD58D140C157DE4F9881EF
:107DB000CF58D1400E94F75A5F934F933F932F9330
:107DC0008BEF93E19F938F939F928F920E948455A4
:107DD000C4010E94B11C2FA438A849A85AA83BA9E5
:107DE000C757DE4F3883C958D1404CA9C557DE4F1D
:107DF0004883CB58D1408DA9C357DE4F8883CD58D7
:107E0000D1409EA9C157DE4F9883CF58D1409101F0
:107E1000A201C757DE4F6881C958D140C557DE4F10
:107E20007881CB58D1400E94F55A5F934F933F938E
:107E30002F939101A201C757DE4F6881C958D140E5
:107E4000C557DE4F7881CB58D140C357DE4F88816C
:107E5000CD58D140C157DE4F9881CF58D1400E94B4
:107E6000F75A5F934F933F932F938FED93E19F9337
:107E70008F939F928F920E948455C4010E94B11CDF
:107E800088AD8F938FA98F938FEC93E19F938F93FE
:107E90009F928F920E948455C4010E94B11C68EB8E
:107EA00073E1C4010E94515565968FAD65978F931C
:107EB00064968FAD64978F9363968FAD63978F931E
:107EC00062968FAD62978F932D968FAD2D978F937E
:107ED0002C968FAD2C978F932B968FAD2B978F93DE
:107EE0002A968FAD2A978F930AE813E01F930F937A
:107EF0002E01A7E94A1AAEEF5A0A5F924F920E94EA
:107F0000B85C0FB6F894DEBF0FBECDBFB201C4019E
:107F10000E94465CC4010E94B11C8AAD8F9389AD5A
:107F20008F9388EA93E19F938F939F928F920E9401
:107F30008455C4010E94B11C65E973E1C4010E942B
:107F40005155A5968FADA5978F93A4968FADA49705
:107F50008F93A3968FADA3978F93A2968FADA29781
:107F60008F936D968FAD6D978F936C968FAD6C9749
:107F70008F936B968FAD6B978F936A968FAD6A9741
:107F80008F931F930F932E01F7EB4F1AFEEF5F0AAB
:107F90005F924F920E94B85CB201C4010E94465C9D
:107FA000C4010E94B11C65E873E1C4010E945155EF
:107FB000E5968FADE5978F93E4968FADE4978F9319
:107FC000E3968FADE3978F93E2968FADE2978F9311
:107FD000AD968FADAD978F93AC968FADAC978F93D9
:107FE000AB968FADAB978F93AA968FADAA978F93D1
:107FF0001F930F932E0127ED421A2EEF520A5F9224
:108000004F920E94B85CB201C4010E94465CC40158
:108010000E94B11C69E773E1C4010E945155CC571D
:10802000DF4F8881C458D0408F93CD57DF4F888170
:10803000C358D0408F93CE57DF4F8881C258D0406D
:108040008F93CF57DF4F8881C158D0408F93ED96E3
:108050008FADED978F93EC968FADEC978F93EB965A
:108060008FADEB978F93EA968FADEA978F931F931F
:108070000F937F926F920E94B85C0FB6F894DEBFA8
:108080000FBECDBFB301C4010E94465CC4010E9473
:10809000B11C88E597E10E94DA1D87E492E00E9416
:1080A000911C8091940681112BC38FE993E00E946B
:1080B000911C87E492E00E94A31C07E010E06AEFA5
:1080C00070E080E090E00E94930E8EE20E948010AB
:1080D0008AE497E00E94F60F892B09F08AC06AEFC4
:1080E00070E080E090E00E94930E8EE20E9480108B
:1080F0008AE497E00E94F60F892B09F07AC06AEFB4
:1081000070E080E090E00E94930E8EE20E9480106A
:108110008AE497E00E94F60F892B09F06AC06AEFA3
:1081200070E080E090E00E94930E8EE20E9480104A
:108130008AE497E00E94F60F892B09F05AC001509B
:10814000110909F0BCCF10E055C062E375E135CDEF
:1081500061E275E132CD6AE175E12FCD67E075E14D
:108160002CCD68EF74E129CD62EF74E126CD66EE87
:1081700074E123CD8D0101501109EA30F10534F588
:1081800021E030E080E090E0712C612CAAE0B0E0CA
:10819000AC010E94B6599B01BFEF6B1A7B0AE61532
:1081A000F705A1F79F938F933F936F93FF93EF93FF
:1081B0008EEA94E19F938F931F930F930E948455AF
:1081C0000FB6F894DEBF0FBECDBF1ECDFF93EF9369
:1081D000FF93EF9383E994E19F938F931F930F9302
:1081E0000E948455EDCF66E174E1C4010E945155AF
:1081F00091CD11E084E492E00E94841C8AE497E02F
:108200000E94F60F892B29F08AE497E00E94D40F90
:10821000F5CF112331F00E94231B0E94F6390E94F2
:10822000FB1D8091C309809395068091C4098093BA
:1082300096068091C509809397068091C609809320
:1082400098068091C709809399068091C809809308
:108250009A068091C90980939B068091CA098093F0
:108260009C06A090BB09B090BC09C090BD09D090FD
:10827000BE09E090BF09F090C0090091C1091091BA
:10828000C20920E030E145EA54ED68EE70E080E09C
:1082900090E00E94F75A20934206309343064093A1
:1082A00044065093450660934606709347068093B4
:1082B0004806909349062090CB093090CC09309223
:1082C00041062092400697EE492E97E0592EAAEDDE
:1082D000B9E0C357DE4FB983A883CD58D1402DED07
:1082E000622E29E0722E3FE2832E38E0932EEFE6D5
:1082F000F8E0C757DE4FF983E883C958D140C55726
:10830000DE4F19821882CB58D140D201DB961C92E5
:10831000F201FB9611821282138214821582168258
:10832000178223E9C557DE4FE881F981CB58D14048
:108330002E9FD0012F9FB00D1124A951B84FFD01E0
:108340003B961B961C921182128213821482158214
:1083500016821782D2019B961C929B979C961C9228
:108360009C979D961C929D979E961C929E979F9679
:108370001C929F97D0961C92D097D1961C92D19721
:10838000D2961C92F40110821182128213821482FE
:10839000158216821782108611861286138614861D
:1083A000158616861786108A118A128A138A148AED
:1083B000158A168A178A10AE11AE12AE13AE14AE1D
:1083C00015AE16AE17AEC357DE4FE881F981CD5812
:1083D000D1408191C357DE4FF983E883CD58D14016
:1083E000C757DE4FA881B981C958D14018968C93E0
:1083F000F3012081318142815381648175818681BD
:108400009781F8E06F0E711CD40158962C93589701
:1084100059963C9359975A964C935A975B965C930E
:108420005B975C966C935C975D967C935D975E968C
:108430008C935E975F969C93D3011896EC91D40130
:108440009096EC93D3011996EC91D4019196EC930C
:10845000D3011A96EC91D4019296EC93D3011B961A
:10846000EC91D4019396EC93D3011C96EC91D4013A
:108470009496EC93D3011D96EC91D4019596EC93D0
:10848000D3011E96EC91D4019696EC93D3011F96DE
:10849000EC91D4019796EC93D3015896EC91D401CA
:1084A0009896EC93D3015996EC91D4019996EC935C
:1084B000D3015A96EC91D4019A96EC93D3015B9632
:1084C000EC91D4019B96EC93D3015C96EC91D40192
:1084D0009C96EC93D3015D96EC91D4019D96EC9320
:1084E000D3015E96EC91D4019E96EC93D3015F96F6
:1084F000EC91D4019F96EC939F97F301A0A4B1A4B3
:10850000C2A4D3A4E4A4F5A406A517A50E94025C06
:10851000D0962C93D097D1963C93D197D2964C93EA
:10852000D297D3965C93D397D4966C93D497D596E1
:108530007C93D597D6968C93D697D7969C93C7570E
:10854000DE4FA881B981C958D1401D921D921D925C
:108550001C921397FD011482158216821782809156
:10856000D1099091D2098D3091050CF0D5C097FDBD
:1085700080E0809301028091CF0980930002F1E0B6
:10858000F0934A0660E0D2018C910E94F80D65E0FC
:1085900070E080E090E00E94930E61E0F201808143
:1085A0000E94F80D65E070E080E090E00E94930E7C
:1085B00040E4FAE02F16310459F040EC28E222168C
:1085C000310431F040E832E02316310409F440E090
:1085D000C757DE4FA881B981C958D1401A964C932C
:1085E00061E0C2010E947F1247E063E0C2010E9485
:1085F0007F124091CD0966E0C2010E947F1240E0E7
:1086000067E0C2010E947F12F2018281803309F08B
:1086100085C08091D809863409F085C088E08368D8
:10862000C757DE4FA881B981C958D14019968C939C
:10863000C2010E942E13C2010E944118B3E94B0EE1
:10864000511CE3E98E0E911CC757DE4F28813981FA
:10865000C958D1402D563F4FC757DE4F3983288325
:10866000C958D140C557DE4F88819981CB58D14038
:10867000019709F048C08091D309803509F0A4C062
:1086800060ED77E080E090E00E94930E61E08EE381
:108690000E94260E60E08EE30E94F80D68EE73E003
:1086A00080E090E00E94930E82E10E94CF0D21E0D5
:1086B000892B09F420E002E010E0822E912C8FE05B
:1086C000682E712C82E10E94CF0D8815990569F5FD
:1086D000C3010197F1F703331105A0F70F5F1F4F97
:1086E0000233110579F787E492E00E94911C87E438
:1086F00092E00E94911C84EC93E00E94911CE2CFD6
:10870000109294068ECD21E030E0C557DE4F3983BC
:108710002883CB58D140F9CD8CE02BCF813319F48D
:108720008091D90978CF80E07ACF61E08EE30E9412
:10873000F80D8EE30E94CF0D892BD9F31092870696
:10874000109288061092890610928A0610928B0663
:1087500010928C0610928D0610928E0642E06FEBFE
:1087600078E182E10E94931B43E063EE78E182E0CE
:108770000E94931B43E06EEF78E183E00E94931B1D
:1087800060E08EE30E94F80D60E08EE30E94260E0A
:1087900080919E0681117FC087E492E00E94911C27
:1087A000E091B909E83008F076C0F0E08827E4529B
:1087B000FC4B8F4F0C945B5AF143144427441744ED
:1087C0001A441D4420447E4487E492E00E94911C98
:1087D00087E492E00E94911C8EEE93E00E94911C2F
:1087E000A8CF6AE277E1CE0187579F4F0E9451558B
:1087F00087E492E00E94A31CCE0187579F4F0E94FE
:10880000A31C8091D1099091D2090E94821E69E136
:1088100077E1CE0187579F4F0E945155CE01875770
:108820009F4F0E94911C37C06BEE76E1DCCF65EC68
:1088300076E1D9CF6FEA76E1D6CF6AE776E1D3CF9A
:1088400087E492E00E94A31C67E476E1E2CF87E42C
:1088500092E00E94A31C6FE176E1CE0187579F4F03
:108860000E945155CE0187579F4F0E94911C87E46B
:1088700092E00E94A31C6AEC75E1CE0187579F4FDE
:108880000E945155CE0187579F4F0E94911C84E44E
:1088900092E00E94841C809108018F7B80930801E4
:1088A000809108018F7E80930801809108018F7765
:1088B00080930801809108018F7D80930801809149
:1088C0000801877F80930801C157DE4F0FB6F894E7
:1088D000DEBF0FBECDBFDF91CF911F910F91FF90F3
:1088E000EF90DF90CF90BF90AF909F908F907F9050
:1088F0006F905F904F903F902F90089587E492E0A3
:108900000E94A31C6FEA75E184CF1F920F920FB6ED
:108910000F9211242F933F938F939F93AF93BF9305
:108920008091A0069091A106A091A206B091A30605
:1089300030919F0623E0230F2D3758F50196A11D96
:10894000B11D20939F068093A0069093A106A0934B
:10895000A206B093A3068091A4069091A506A091CB
:10896000A606B091A7060196A11DB11D8093A4068D
:108970009093A506A093A606B093A706BF91AF91CA
:108980009F918F913F912F910F900FBE0F901F904D
:10899000189526E8230F0296A11DB11DD2CF1F9274
:1089A0000F920FB60F9211240BB60F922F933F9395
:1089B0004F935F936F937F938F939F93AF93BF93E7
:1089C000EF93FF938AE497E00E940C10FF91EF91E0
:1089D000BF91AF919F918F917F916F915F914F91D7
:1089E0003F912F910F900BBE0F900FBE0F901F90D5
:1089F00018951F920F920FB60F9211240BB60F927B
:108A00002F938F939F93EF93FF93E0915A07F091E9
:108A10005B078081E0916007F091610782FD1DC0D6
:108A20009081809163078F5F8F7320916407821715
:108A300041F0E0916307F0E0E65BF84F958F80939B
:108A40006307FF91EF919F918F912F910F900BBE34
:108A50000F900FBE0F901F9018958081F2CF1F923C
:108A60000F920FB60F9211240BB60F922F933F93D4
:108A70004F935F936F937F938F939F93AF93BF9326
:108A8000CF93EF93FF9390910601C091CD05809114
:108A9000CC053091CB05292F209523238923822BC8
:108AA00020916D00C927C223C8239093CD05CC2304
:108AB000C1F1C0FF05C0E091BB05F091BC0519955F
:108AC000C1FF05C0E091BD05F091BE051995C2FF3B
:108AD00005C0E091BF05F091C0051995C3FF05C021
:108AE000E091C105F091C2051995C4FF05C0E09160
:108AF000C305F091C4051995C5FF05C0E091C505F2
:108B0000F091C6051995C6FF05C0E091C705F09123
:108B1000C8051995C7FF05C0E091C905F091CA05C0
:108B20001995FF91EF91CF91BF91AF919F918F9147
:108B30007F916F915F914F913F912F910F900BBE5D
:108B40000F900FBE0F901F9018951F920F920FB6A7
:108B50000F9211240BB60F922F933F934F935F9375
:108B60006F937F938F939F93AF93BF93CF93EF9325
:108B7000FF9390910301C091BA058091B90530919E
:108B8000B805292F209523238923822B2091B7050F
:108B9000C927C223C8239093BA05CC2389F1C0FF0B
:108BA00005C0E091A905F091AA051995C1FF05C07E
:108BB000E091AB05F091AC051995C2FF05C0E091BD
:108BC000AD05F091AE051995C3FF05C0E091AF0565
:108BD000F091B0051995C4FF05C0E091B105F09181
:108BE000B2051995C5FF05C0E091B305F091B40534
:108BF0001995C6FF05C0E091B505F091B605199528
:108C0000FF91EF91CF91BF91AF919F918F917F9104
:108C10006F915F914F913F912F910F900BBE0F90ED
:108C20000FBE0F901F9018951F920F920FB60F92C4
:108C300011240BB60F922F933F934F935F936F9333
:108C40007F938F939F93AF93BF93CF93EF93FF93B4
:108C500093B1C091A8058091A7053091A605292F51
:108C6000209523238923822B20916B00C927C223BF
:108C7000C8239093A805CC23C1F1C0FF05C0E091A3
:108C80009605F09197051995C1FF05C0E0919805EB
:108C9000F09199051995C2FF05C0E0919A05F091F0
:108CA0009B051995C3FF05C0E0919C05F0919D05BA
:108CB0001995C4FF05C0E0919E05F0919F05199597
:108CC000C5FF05C0E091A005F091A1051995C6FF6B
:108CD00005C0E091A205F091A3051995C7FF05C055
:108CE000E091A405F091A5051995FF91EF91CF9121
:108CF000BF91AF919F918F917F916F915F914F91B4
:108D00003F912F910F900BBE0F900FBE0F901F90B1
:108D100018951F920F920FB60F9211240BB60F9257
:108D20002F933F934F935F936F937F938F939F9373
:108D3000AF93BF93EF93FF93E0919405F091950566
:108D40001995FF91EF91BF91AF919F918F917F9175
:108D50006F915F914F913F912F910F900BBE0F90AC
:108D60000FBE0F901F9018951F920F920FB60F9283
:108D700011240BB60F922F933F934F935F936F93F2
:108D80007F938F939F93AF93BF93EF93FF93E09164
:108D90009205F09193051995FF91EF91BF91AF91D5
:108DA0009F918F917F916F915F914F913F912F9103
:108DB0000F900BBE0F900FBE0F901F9018951F9233
:108DC0000F920FB60F9211240BB60F922F933F9371
:108DD0004F935F936F937F938F939F93AF93BF93C3
:108DE000EF93FF93E0919005F09191051995FF9114
:108DF000EF91BF91AF919F918F917F916F915F9113
:108E00004F913F912F910F900BBE0F900FBE0F907F
:108E10001F9018951F920F920FB60F9211240BB648
:108E20000F922F933F934F935F936F937F938F9303
:108E30009F93AF93BF93EF93FF93E0918E05F091D3
:108E40008F051995FF91EF91BF91AF919F918F91F0
:108E50007F916F915F914F913F912F910F900BBE3A
:108E60000F900FBE0F901F9018951F920F920FB684
:108E70000F9211240BB60F922F933F934F935F9352
:108E80006F937F938F939F93AF93BF93EF93FF93D2
:108E9000E0918C05F0918D051995FF91EF91BF91AF
:108EA000AF919F918F917F916F915F914F913F9182
:108EB0002F910F900BBE0F900FBE0F901F90189523
:108EC0001F920F920FB60F9211240BB60F922F9391
:108ED0003F934F935F936F937F938F939F93AF9342
:108EE000BF93EF93FF93E0918A05F0918B0519955D
:108EF000FF91EF91BF91AF919F918F917F916F9172
:108F00005F914F913F912F910F900BBE0F900FBE2D
:108F10000F901F9018951F920F920FB60F92112469
:108F20000BB60F922F933F934F935F936F937F9363
:108F30008F939F93AF93BF93EF93FF93E091880537
:108F4000F09189051995FF91EF91BF91AF919F9194
:108F50008F917F916F915F914F913F912F910F90E2
:108F60000BBE0F900FBE0F901F9018951F920F927F
:108F70000FB60F9211240BB60F922F933F934F937E
:108F80005F936F937F938F939F93AF93BF93EF9371
:108F9000FF93E0918605F09187051995FF91EF9178
:108FA000BF91AF919F918F917F916F915F914F9101
:108FB0003F912F910F900BBE0F900FBE0F901F90FF
:108FC0001895CF92DF92EF92FF920F931F93CF935A
:108FD000DF93EAE4F7E01382128288EE93E0A0E0E8
:108FE000B0E084839583A683B78386E392E0918380
:108FF000808385EC90E09587848784EC90E0978768
:10900000868780EC90E0918B808B81EC90E0938B55
:10901000828B82EC90E0958B848B86EC90E0978B32
:10902000868B118E128E138E148E8DE0809395098F
:1090300080930D09C7EED7E084E090E099838883A0
:1090400080E38A8382E090E09C838B838AE090E0D7
:109050009E838D8386E090E098878F8384E490E000
:109060009A87898761E084E00E94260E60E08D8106
:109070000E94260E61E08F810E94260E60E08B81A7
:109080000E94260E61E089850E94260E85E090E010
:1090900090937B0880937A0881E380937C080DE7A6
:1090A00018E083E090E0F801918380838FE7C82E79
:1090B00088E0D82E8BE090E0F6019183808391E8E0
:1090C000E92E98E0F92E87E090E0F7019183808304
:1090D000C3E8D8E085E490E09983888361E085E087
:1090E0000E94260E60E0F60180810E94260E61E05B
:1090F000F70180810E94260E60E0F80180810E94C5
:10910000260E61E08881DF91CF911F910F91FF9032
:10911000EF90DF90CF900C94260ECF93DF93CDB7D6
:10912000DEB7C95AD1090FB6F894DEBF0FBECDBF66
:10913000789484B5826084BD84B5816084BD85B532
:10914000826085BD85B5816085BD80916E0081603E
:1091500080936E00109281008091810082608093E4
:1091600081008091810081608093810080918000E6
:109170008160809380008091B10084608093B10011
:109180008091B00081608093B000809191008260F6
:1091900080939100809191008160809391008091F3
:1091A00090008160809390008091A1008260809304
:1091B000A1008091A10081608093A1008091A00016
:1091C00081608093A00080912101826080932101C1
:1091D0008091210181608093210180912001816033
:1091E0008093200180917A00846080937A0080913E
:1091F0007A00826080937A0080917A008160809307
:109200007A0080917A00806880937A001092C10081
:109210009E012F5F3F4FC356DF4F39832883CD59BF
:10922000D0400E94803A80919E06882309F4D0C2E3
:1092300010929E0681E0809304028AE194E00E94ED
:10924000911C0E94C210EDCF88E494E00E94911C12
:10925000409178084E7F60E087EE97E00E947F1291
:1092600040910B094E7F60E08AE798E00E947F12F0
:109270008EE694E00E94911C87EE97E00E944118D0
:109280008AE798E00E9441186AE070E080E090E090
:109290000E94930E8AE497E00E94F60F892B29F032
:1092A0008AE497E00E94D40FF5CF0E94231B0E940E
:1092B000F6398AE497E00E94F60F892B29F08AE4B8
:1092C00097E00E94D40FF5CF0E94FB1D0E94A61AC2
:1092D000882331F081E08093940680930402B1CF1B
:1092E0008FE994E00E94911C87EE97E00E94B912EA
:1092F0008AE798E00E94B912109293068091BA0909
:10930000882331F090919D06891302C0992493948B
:1093100080910402882391F110928F06109290069A
:1093200010929106109292067091870660918806BD
:109330005091890640918A0630918B0620918C06C7
:1093400090918D0680918E0670937F0660938006C3
:1093500050938106409382063093830620938406BF
:10936000909385068093860610927E0610920402E2
:1093700064E670E080E090E00E94930E0E946E0E22
:1093800000918F06109190062091910630919206DF
:109390006B017C01C01AD10AE20AF30A9701860127
:1093A0000B3F11052105310508F451C060938F066C
:1093B000709390068093910690939206F894409053
:1093C0008706509088066090890670908A06809083
:1093D0008B06B0918C06A0918D06F0918E06789444
:1093E000A0907F06B0908006C0908106D090820643
:1093F000E0908306F0908406009185061091860621
:109400009201A301682D7B2F8A2F9F2FE0917E066A
:109410000E94205C09F467C0E11109C08091080135
:10942000886080930801DD24D394D0927E06409218
:109430007F0650928006609281067092820680922A
:109440008306B0938406A0938506F09386068091E8
:10945000EC070E94CF0D8C0180917F080E94CF0DF8
:10946000012B09F0F9C02091B909892B09F094C0AA
:1094700080910801806480930801809108018061D7
:109480008093080180910801806880930801809191
:109490000801806280930801223009F048C087EEFD
:1094A00097E00E945915882351F0809108018F7B25
:1094B00080930801809108018F7E809308018AE7DC
:1094C00098E00E94591581115CC080912E0881118D
:1094D00005C08091C108882309F47AC1911012C196
:1094E00010922E081BC3EE2309F4B1CF809108011E
:1094F000877F809308018CEB94E00E94911C85ED9E
:1095000094E00E94911C10927E068AE497E00E94EB
:10951000F60F892B39F46AE070E080E090E00E9459
:10952000930EF3CF8AE497E00E94D40F8ACE709016
:10953000950680909606A0909706B0909806C090E9
:109540009906D0909A06E0909B06F0909C06072D15
:10955000182D9501A601B70187EE97E00E941D1610
:109560009501A601B7018AE798E00E941D16809137
:1095700008018F7B80930801809108018F7E809382
:109580000801809108018F7780930801809108017C
:109590008F7D8093080199CF80910801806480932A
:1095A000080180910801806180930801223081F4D4
:1095B00087EE97E00E945915882309F486CF8091A1
:1095C00008018F7B80930801809108018F7EE1CF95
:1095D0000091950610919606209197063091980675
:1095E0004091990650919A0660919B0670919C0655
:1095F00087EE97E00E941D16809108018F7B809373
:109600000801809108018F7E8093080180917F0876
:109610000E94CF0D892B09F058CF809108018068F6
:109620008093080180910801806280930801009175
:1096300095061091960620919706309198064091D4
:10964000990650919A0660919B0670919C068AE754
:1096500098E00E941D1695CF892B09F036CF809196
:1096600008018068809308018091080180628093DE
:1096700008018091B909823009F421CF0091950643
:109680001091960620919706309198064091990680
:1096900050919A0660919B0670919C068AE798E02B
:1096A0000E941D16809108018F7780930801809198
:1096B00008018F7D809308018091EC070E94CF0DF7
:1096C000892B09F002CF8091080180648093080102
:1096D00080910801806180930801009195061091A6
:1096E00096062091970630919806409199065091E0
:1096F0009A0660919B0670919C0687EE97E00E9407
:109700001D165DCFE091B909F3E0E43009F0F2E015
:1097100080912E088823E9F02091220830912308B7
:1097200040912408509125086091260870912708DF
:109730008091280890912908AF2EB12CC12CD12CF2
:10974000E12CF12C00E010E00E94205C14F4109257
:109750002E088091C1088823E9F02091B508309146
:10976000B6084091B7085091B8086091B908709157
:10977000BA088091BB089091BC08AF2EB12CC12CC7
:10978000D12CE12CF12C00E010E00E94205C14F4BC
:109790001092C10880912E08811104C08091C108E7
:1097A0008823B1F0E33011F0E53041F480912E08C8
:1097B000882371F08091C108882351F0E33009F4C7
:1097C00028C348F5EE2309F480C1E13009F499C2B9
:1097D000992493948091BA098111912C8AE497E09D
:1097E0000E94F60F181619060CF092CD8AE497E045
:1097F0000E94D40F80939D06833209F07FCD8AE4C6
:1098000097E00E94F60F892B09F41ECD8AE497E0B9
:109810000E94D40FF4CFE53009F447C508F400C125
:10982000A7EEEA2EA7E0FA2EE63091F6670127E4CC
:10983000C20ED11CD6018C91882309F4E5C0F70132
:1098400086898F9385898F9384898F9383898F935A
:109850002DE035E03F932F9381E090E08C0F9D1F2A
:109860009F938F930E94B85C8C01D7015A968C917C
:109870005A978F9359968C9159978F9358968C91AC
:1098800058978F9357968C918F93EDE0F5E0FF9367
:10989000EF9381E090E08C0F9D1F800F911F9F93AD
:1098A0008F930E94B85C080F191FD70192968C9174
:1098B00092978F9391968C9191978F9390968C918C
:1098C00090978F935F968C918F93EDE0F5E0FF93E7
:1098D000EF9381E090E08C0F9D1F800F911F9F936D
:1098E0008F930E94B85C080F191FD70196968C9130
:1098F00096978F9395968C9195978F9394968C913C
:1099000094978F9393968C918F93EDE0F5E0FF936E
:10991000EF9381E090E08C0F9D1F800F911F9F932C
:109920008F930E94B85C080F191F0FB6F894DEBF22
:109930000FBECDBFD7019A968C919A978F93999627
:109940008C9199978F9398968C9198978F939796DF
:109950008C918F93EDE0F5E0FF93EF9381E090E041
:109960008C0F9D1F800F911F9F938F930E94B85C57
:10997000AC01400F511FBE016F5F7F4F8AE497E03B
:109980000E94C50ED7011B962C911B971C963C91EB
:109990001C971D964C911D971E965C911E971F96C5
:1099A0006C911F9750967C91509751968C9151973E
:1099B00052969C910E94F20E80E290E00E947B10F1
:1099C000F70123A534A545A556A567A570A981A9CA
:1099D00092A90E94F20E80E290E00E947B1000E0CB
:1099E000F701E057FF4F2081A701485B5F4F60E818
:1099F00070E0CE0101960E949921D6011C920FB60B
:109A0000F894DEBF0FBECDBFF3E9EF0EF11CFDE011
:109A1000CF2EF9E0DF2ECE14DF0409F007CFD8CE29
:109A200090912E0881E0911101C080E0C357DF4F73
:109A30008883CD58D0408091C10821E0811101C0B8
:109A400020E0C257DF4F2883CE58D0409111DAC0B2
:109A50009E0123573F4F1901B7EE6B2EB7E07B2EC7
:109A600016E6812E16E0912E02E0402E02E0502EE6
:109A7000690132E0C30ED11CD1018D911D018823F3
:109A8000B1F0F20180819301285B3F4F7901882377
:109A900009F41AC18CE0F901D40101900D928A9564
:109AA000E1F7D2011C92F301E95BFF4F1082B3E9A9
:109AB0006B0E711CECE08E0E911CFFEF4F1A5F0ACB
:109AC0002C143D0409F484CED7CF80912E0888232E
:109AD00021F08091C108811124C080912E08882333
:109AE00069F001E0209177084FE258E060E470E00F
:109AF000CE0101960E94992110922E088091C108F2
:109B0000882309F465CE01E020910A0942EC58E06F
:109B100060E470E0CE0101960E9499211092C10884
:109B200057CE40912F0850913008609131087091C4
:109B300032088091C2089091C308A091C408B091E6
:109B4000C508481759076A077B074CF1481759079A
:109B50006A077B0709F051C020913308309134081F
:109B60004091350850913608609137087091380857
:109B7000A090C608B090C708C090C808D090C90887
:109B8000E090CA08F090CB080091CC081091CD0865
:109B90008091390890913A080E94205C70F590E01D
:109BA00080E0EE24E394F12C13E9189FA001199FA3
:109BB000500D11244951584FFA01E057FF4F485BAF
:109BC0005F4F01E0208160E470E0CE0101960E94C9
:109BD00099211E9DA0011F9D500D11244951584FE0
:109BE000FA01E057FF4F485B5F4F208160E470E06F
:109BF000CE0101960E94992173CC81E090E0F12C76
:109C0000E12CD2CF882309F423CF8091020288234C
:109C1000E9F08CE0EFE2F8E0A6E6B6E001900D9204
:109C20008A95E1F71092020210922E0880910302A9
:109C3000882359F18CE0E2ECF8E0A2E7B6E001906D
:109C40000D928A95E1F71092030268CF46E656E03E
:109C50006FE278E0CE018F579F4F0E94F31000E033
:109C600020917708AE014F575F4F60E470E0CE015E
:109C700001960E9499218CE0EFE2F8E0A6E6B6E0BA
:109C800001900D928A95E1F7CFCF42E756E062EC62
:109C900078E0CE018F579F4F0E94F31000E0209193
:109CA0000A09AE014F575F4F60E470E0CE010196A4
:109CB0000E9499218CE0E2ECF8E0A2E7B6E0019086
:109CC0000D928A95E1F72ACFA401B901CE018F57F1
:109CD0009F4F0E94F31000E0F301E057FF4F2081F7
:109CE000AE014F575F4F60E470E0CE0101960E94D5
:109CF00099218CE0F701D40101900D928A95E1F74A
:109D0000D2CE80912E08882331F080916506823072
:109D1000A8F110922E088091C1088823D9F0809173
:109D200065068230A8F4BDE08B9F90011124255B6D
:109D3000394F9CE0E2ECF8E0D90101900D929A9540
:109D4000E1F7CC24C394F901C4868F5F8093650644
:109D50001092C10880916506823009F039CDE091FA
:109D60005706E11120C0809164068130E9F54BE48B
:109D700056E078E5E72E76E0F72E21C04DE0849F8F
:109D800090011124255B394F9CE0EFE2F8E0D90106
:109D900001900D929A95E1F7D9011C961C928F5F64
:109DA00080936506B6CFE130F9F4809164068111A5
:109DB0001BC048E556E0EBE4EE2EE6E0FE2E01E0A7
:109DC0002091770860E470E0CE0101960E9499210D
:109DD00020910A09A70160E470E0CE0101960E947B
:109DE000992110926506F4CC23E9E29FF001112439
:109DF000E958F74F108101E0212F4BE456E060E471
:109E000070E0CE0101960E949921212F48E556E08D
:109E1000E2CF4FE258E062EC78E0CE0183579F4FEB
:109E20000E94F310CF56DF4F3880C159D040CE5634
:109E3000DF4F8880C259D040CD56DF4F9880C3593C
:109E4000D040CC56DF4F2880C459D040CB56DF4F8E
:109E50003881C559D040CD55DF4F3883C35AD040E3
:109E6000CA56DF4F4881C659D040C955DF4F488395
:109E7000C75AD040C956DF4F5881C759D040C8553E
:109E8000DF4F5883C85AD040C856DF4F8881C85921
:109E9000D040C755DF4F8883C95AD040C357DF4FE2
:109EA000488059806A807B80CD58D04077FEBDC104
:109EB000232D382D492D522DCD55DF4F6881C35AA2
:109EC000D040C955DF4F7881C75AD040C855DF4FC1
:109ED0008881C85AD040C755DF4F9881C95AD040B1
:109EE000A0E00E94295C09F4A0C173016201FF0C8B
:109EF000CC08DC2C7601C156DF4FC882D982EA82B9
:109F0000FB82CF59D040A12C30E1B32E45EAC42EBC
:109F100054EDD52E68EEE62EF12C00E010E0920113
:109F2000A301C156DF4F6881CF59D040762F862FCD
:109F3000962F0E94635AA32CB82CC92CD22CCD5535
:109F4000DF4FE880C35AD040C955DF4FF880C75A69
:109F5000D040C855DF4F0881C85AD040C755DF4FA1
:109F60001881C95AD0400E94025C4901C156DF4F96
:109F70004883CF59D040CD55DF4F5883C35AD04086
:109F8000C955DF4F6883C75AD040C855DF4F788323
:109F9000C85AD0401C01A0E00E94295CC4F40E9471
:109FA000855B4901C156DF4F4883CF59D040CD551D
:109FB000DF4F5883C35AD040C955DF4F6883C75A13
:109FC000D040C855DF4F7883C85AD0401C01A12C1F
:109FD00010E1B12E05EAC02E84EDD82E98EEE92EC0
:109FE000F12C00E010E09401C156DF4F4881CF59B9
:109FF000D040CD55DF4F5881C35AD040C955DF4FAF
:10A000006881C75AD040C855DF4F7881C85AD040C0
:10A01000C1010E94F75A29013A019401C156DF4F4C
:10A020004881CF59D040CD55DF4F5881C35AD040D9
:10A03000C955DF4F6881C75AD040C855DF4F788176
:10A04000C85AD040C1010E94F55A322E832E942E58
:10A05000A52EB62EB72FF82FE92F41145104610415
:10A06000710409F0A4C0A0E00E94295C09F49FC01B
:10A070008DE2898380E38A838EE28B8380914A0616
:10A08000882369F180910102882309F48DC08C3006
:10A0900089F58E010C5F1F4F232D382D492D5A2D28
:10A0A0006B2D7B2F8F2F9E2F0E946321FE017096B8
:10A0B0008DE080838AE08183AF014E5F5F4FC3569E
:10A0C000DF4F88819981CD59D040481B590BBE0183
:10A0D0006F5F7F4F8AE497E00E94C50E01CA8091AE
:10A0E000D1099091D2098D3091059CF697FFCCCF84
:10A0F00080E0CACFC82ED12C873028F59E012F577B
:10A100003F4F79018E0107561F4F232D382D492DC2
:10A110005A2D6B2D7B2F8F2F9E2F0E941919C756FA
:10A12000DF4F688179818A819B81C959D040AE0116
:10A130004C5F5F4F0E94C520E4E0F0E0EC0FFD1F94
:10A14000EC0DFD1DB5CFAE014F575F4F7A018E016B
:10A1500007561F4F232D382D492D5A2D6B2D7B2F40
:10A160008F2F9E2F0E941919C756DF4F6881798162
:10A170008A819B81C959D040AE014C5F5F4F0E94DC
:10A18000C520CF57DF4F688179818A819B81C15873
:10A19000D040AE01465F5F4F0E94C52056E0C51A11
:10A1A000D108EAE0F0E0CACFFE01349681CF709486
:10A1B000609450944094411C511C611C711CCF57F9
:10A1C000DF4F488259826A827B82C158D040CB5788
:10A1D000DF4F3882C558D040CA57DF4F8882C658F3
:10A1E000D040C957DF4F9882C758D040C857DF4F7B
:10A1F000A882C858D040C757DF4FB882C958D0404E
:10A20000C657DF4FB883CA58D040C557DF4FF883D1
:10A21000CB58D040C457DF4FE883CC58D04000E043
:10A2200020E0AE014F575F4FE1CCCF57DF4F488260
:10A2300059826A827B82C158D040CB57DF4F388227
:10A24000C558D040CA57DF4F8882C658D040C9573A
:10A25000DF4F9882C758D040C857DF4F2882C85870
:10A26000D040CD55DF4F9881C35AD040C757DF4FFC
:10A270009883C958D040C955DF4FA881C75AD040EC
:10A28000C657DF4FA883CA58D040C855DF4FB881A2
:10A29000C85AD040C557DF4FB883CB58D040C755B8
:10A2A000DF4FE881C95AD040B5CF01E0209177084F
:10A2B0004FE258E060E470E0CE0101960E949921DF
:10A2C00020910A0942EC58E060E470E0CE0101966A
:10A2D0000E949921C090C208D090C308E090C408A1
:10A2E000F090C508C156DF4FC882D982EA82FB824E
:10A2F000CF59D0402091C6083091C7084091C80876
:10A300005091C9086091CA087091CB088091CC081F
:10A310009091CD08A0903308B0903408C0903508D3
:10A32000D0903608E0903708F0903808009139084E
:10A3300010913A080E94175C322E432E542E652E3F
:10A34000762E872E982E292EC156DF4FA880B980F1
:10A35000CA80DB80CF59D040DD0CAA08BA2C650139
:10A36000E0902F08F09030080091310810913208E9
:10A37000A8019701550F220B322FA901CD55DF4FB0
:10A38000288339834A835B83C35AD040C156DF4F49
:10A390002881CF59D040C056DF4F3881C05AD040B5
:10A3A000CF55DF4F4881C15AD040CE55DF4F58813D
:10A3B000C25AD0406A2D7A2D8A2D9A2D57016801F4
:10A3C000CD55DF4FE880C35AD040FE2C0E2D1E2DF8
:10A3D0000E94175CA12CE0E1BE2EF5EACF2EA4ED81
:10A3E000DA2EB8EEEB2EF12C00E010E00E94635A5A
:10A3F00059016A017B018C01232D342D452D562DE9
:10A40000672D782D892D922D0E94025C19012A0159
:10A410003B014C01C156DF4F88819981AA81BB81E4
:10A42000CF59D040CF57DF4F88839983AA83BB830E
:10A43000C158D0409101A201B301C401A0E00E9423
:10A44000295C0CF49CC0CB57DF4F2882C558D04004
:10A45000CA57DF4F3882C658D040C957DF4F4882AD
:10A46000C758D040C857DF4F5882C858D040C75748
:10A47000DF4F6882C958D040C657DF4F7882CA582C
:10A48000D040C557DF4F8882CB58D040C457DF4FEC
:10A490009882CC58D0402F3FAFE03A07A5EA4A0750
:10A4A000A4ED5A07A8EE6A0771058105910509F028
:10A4B0000CF45EC0A12CE0E1BE2EF5EACF2EA4ED97
:10A4C000DA2EB8EEEB2EF12C00E010E00E94285BB3
:10A4D00059016A01C156DF4F88819981AA81BB81E8
:10A4E000CF59D0408A0D9B1DAC1DBD1DCF57DF4FEE
:10A4F00088839983AA83BB83C158D040A12C10E1E3
:10A50000B12E05EAC02E84EDD82E98EEE92EF12C5E
:10A5100000E010E09101A201B301C4010E94265B9A
:10A52000CB57DF4F2883C558D040CA57DF4F3883F9
:10A53000C658D040C957DF4F4883C758D040C85786
:10A54000DF4F5883C858D040C757DF4F6883C9587A
:10A55000D040C657DF4F7883CA58D040C557DF4F29
:10A560008883CB58D040C457DF4F9883CC58D04015
:10A570002091DC09211101C023E401E052CE0E94A8
:10A58000855B19012A013B014C01A12C80E1B82E09
:10A5900095EAC92E24EDD22E38EEE32EF12C00E000
:10A5A00010E09101A201B301C4010E94285BCD55C6
:10A5B000DF4F2883C35AD040CC55DF4F3883C45A6D
:10A5C000D040CB55DF4F4883C55AD040CA55DF4FE6
:10A5D0005883C65AD0409101A201B301C4010E9420
:10A5E000265B59016A017B018C01CD55DF4F288123
:10A5F00039814A815B81C35AD040232B242B252BE0
:10A6000039F49501A601A0E00E94295C09F4B0CFBD
:10A61000C156DF4F88819981AA81BB81CF59D04033
:10A620000197A109B109CD55DF4F288139814A81B0
:10A630005B81C35AD040821B930BA40BB50BCF5741
:10A64000DF4F88839983AA83BB83C158D04020E021
:10A6500030E145EA54ED68EE70E080E090E00E9461
:10A66000175C5ECF8F929F92AF92BF92CF92DF9294
:10A67000EF92FF92CF93DF93EC01688179818A8119
:10A680009B81611571058105910521F464E279EDE5
:10A690008BE597E02DE133EF41E050E00E949759C0
:10A6A00049015A019B01AC01A7EAB1E40E94B659E5
:10A6B0006B017C01ACEEB4EFA50194010E94C4597A
:10A6C000C60ED71EE81EF91EF7FE06C081E0C81AA6
:10A6D000D108E10880E8F80AC882D982EA82FB82C0
:10A6E000C701B6019F77DF91CF91FF90EF90DF9088
:10A6F000CF90BF90AF909F908F9008958F929F9230
:10A70000AF92BF92CF92DF92EF92FF9260910502DB
:10A7100070910602809107029091080261157105FF
:10A720008105910521F464E279ED8BE597E02DE157
:10A7300033EF41E050E00E94975949015A019B01D3
:10A74000AC01A7EAB1E40E94B6596B017C01ACEE02
:10A75000B4EFA50194010E94C459C60ED71EE81E8D
:10A76000F91EF7FE06C081E0C81AD108E10880E8AA
:10A77000F80AC0920502D0920602E0920702F09217
:10A780000802C701B6019F77FF90EF90DF90CF904E
:10A79000BF90AF909F908F90089560930502709343
:10A7A0000602809307029093080208958F929F9269
:10A7B000AF92BF92CF92DF92EF92FF920F931F93CF
:10A7C000CF93DF935C017B016115710519F0DB010B
:10A7D0008D939C9385010F5F1F4FF501D0818D2FC5
:10A7E00090E00E9434556C01892BB9F5DD32B9F542
:10A7F0000F5F1F4FD5011196DC91C1E05801F1E0C8
:10A80000AF1AB10843E050E068EE71E0C5010E9464
:10A810005855892B69F5680182E0C80ED11C45E0C6
:10A8200050E063EE71E0C6010E945855892B21F477
:10A83000680197E0C90ED11CE114F10419F0D701A9
:10A84000CD92DC9260E070E080E89FEFC111FFC024
:10A8500060E070E080E89FE7FAC05801BBCFDB32D0
:10A8600029F485010E5F1F4FF501D181C0E0C6CFED
:10A8700043E050E060EE71E0C5010E945855892B1D
:10A88000E9F0F80110E000E020E030E0A9015F010C
:10A89000B0ED8B2E8D0E89E08815C8F19C2E689442
:10A8A00091F88C2F8870C2FF16C0811102C00F5F13
:10A8B0001F4F3196D501DC91C92DE9CFE114F10488
:10A8C00029F00E5F1F4FF7011183008360E070E0F5
:10A8D00080EC9FE7BCC0882311F001501109A5E06E
:10A8E000B0E00E94B6599B01AC01220F331F441FF8
:10A8F000551F280D311D411D511D283999E9390772
:10A90000490799E15907A8F2C6609C2ED2CFAEEF55
:10A910008A1206C0C3FD3CC09C2E689493F8C9CF30
:10A92000DF7DD534A9F580818D3239F4C061DF0136
:10A930001296818162E070E006C0DF018B32C1F3C4
:10A94000119661E070E080535D01A61AB70A8A3063
:10A95000F8F4E0E8CE16ECE0DE065CF4B601660F33
:10A96000771F660F771FC60ED71ECC0CDD1CC80ED6
:10A97000D11C5D01FFEFAF1ABF0A8C9180538A3062
:10A98000A8F1C4FF03C0D194C194D1080C0D1D1DC2
:10A99000C1FF09C0E114F10431F081E0A81AB10847
:10A9A000D701AD92BC92CA01B9010E94B955C370DA
:10A9B000C33009F490584B015C0120E030E0A9015C
:10A9C0000E94B455882309F440C0C7E1D2E017FFC4
:10A9D00005C0119501951109CFEFD1E06E01B8E1E5
:10A9E000CB1AD10880E2E82EF12C0FC0D501B1CFEF
:10A9F000FE0125913591459154910E191F09C5010C
:10AA0000B4010E941A564B015C01D501C4010E1518
:10AA10001F0574F72497F594E794CC16DD06A9F783
:10AA20008A2F880F8B2F881F8F3F49F020E030E05E
:10AA3000A901C501B4010E94B455811106C082E28A
:10AA400090E090931E0A80931D0AC501B401DF9126
:10AA5000CF911F910F91FF90EF90DF90CF90BF901B
:10AA6000AF909F908F90089591110C9489588032E7
:10AA700019F089508550C8F70895FB01DC0102C028
:10AA800005900D9241505040D8F70895FB01DC012C
:10AA90000D900020E9F7119705900D920020E1F745
:10AAA0000895FB01DC0105900D920020E1F7089567
:10AAB000FB01DC014150504088F08D9181341CF045
:10AAC0008B350CF4805E659161341CF06B350CF4B1
:10AAD000605E861B611171F3990B0895881BFCCF92
:10AAE000DC01FB014150504058F049F001900D92BB
:10AAF0000020C1F7E61BF70B3197CF0108951C9298
:10AB000001900020E9F7F6CF0F931F93CF93DF93C7
:10AB1000CDB7DEB72E970FB6F894DEBF0FBECDBF10
:10AB20000E891F898EE08C831A8309838FEF9FE73C
:10AB30009E838D83AE01465E5F4F688D798DCE0119
:10AB400001960E9487562F813885020F131FF80146
:10AB500010822E960FB6F894DEBF0FBECDBFDF91E8
:10AB6000CF911F910F9108950E94F65508F481E04E
:10AB70000895E89409C097FB3EF4909580957095F0
:10AB800061957F4F8F4F9F4F9923A9F0F92F96E939
:10AB9000BB279395F695879577956795B795F111AE
:10ABA000F8CFFAF4BB0F11F460FF1BC06F5F7F4F4B
:10ABB0008F4F9F4F16C0882311F096E911C077235D
:10ABC00021F09EE8872F762F05C0662371F096E866
:10ABD000862F70E060E02AF09A95660F771F881F35
:10ABE000DAF7880F9695879597F90895990F0008D9
:10ABF000550FAA0BE0E8FEEF16161706E807F9074F
:10AC0000C0F012161306E407F50798F0621B730BE9
:10AC1000840B950B39F40A2661F0232B242B252B6A
:10AC200021F408950A2609F4A140A6958FEF811D0D
:10AC3000811D08950E942D560C9447590E94395940
:10AC400038F00E94405920F0952311F00C943059AF
:10AC50000C94365911240C947B590E94585970F366
:10AC6000959FC1F3950F50E0551F629FF001729FB1
:10AC7000BB27F00DB11D639FAA27F00DB11DAA1FC0
:10AC8000649F6627B00DA11D661F829F2227B00D0D
:10AC9000A11D621F739FB00DA11D621F839FA00D98
:10ACA000611D221F749F3327A00D611D231F849FE8
:10ACB000600D211D822F762F6A2F11249F5750403F
:10ACC0009AF0F1F088234AF0EE0FFF1FBB1F661FBA
:10ACD000771F881F91505040A9F79E3F510580F083
:10ACE0000C9430590C947B595F3FE4F3983ED4F3B5
:10ACF000869577956795B795F795E7959F5FC1F727
:10AD0000FE2B880F911D9695879597F908952F92A0
:10AD10003F924F925F926F927F928F929F92AF92EB
:10AD2000BF92CF92DF92EF92FF920F931F93CF9338
:10AD3000DF9300D000D000D01F921F92CDB7DEB7B6
:10AD40007C013B018A01FC0117821682838181FF0D
:10AD5000DDC1CE0101965C01F7019381F30193FD02
:10AD6000859193FF81913F01882309F453C1853276
:10AD700039F493FD859193FF81913F01853229F448
:10AD8000B70190E00E94A258E7CF912C212C312CE2
:10AD9000FFE1F31538F08B3211F190F4803209F1B4
:10ADA000833229F137FC3CC020ED280F2A3050F5C2
:10ADB00036FE20C08AE0989E200D1124922E06C0F7
:10ADC0008D3291F0803371F7689430F8F30193FD80
:10ADD000859193FF81913F018111DACF21C0689461
:10ADE00031F8689432F8F2CF689433F8EFCF689472
:10ADF00034F8ECCFEAE02E9E200D1124222E689428
:10AE000035F8E4CF8E3229F436FC04C1689436F864
:10AE1000DDCF8C3619F4689437F8D8CF8836B1F284
:10AE2000982F9F7D95549330E0F08336A1F18337BE
:10AE3000C1F1833509F063C02801F2E04F0E511CC7
:10AE4000F801C080D180692D70E036FC02C06FEF40
:10AE50007FEFC6010E948C584C01689437F882013C
:10AE60000AC00C5F1F4FFFE3F98388248394912C61
:10AE70006501E89437F833FE2DC0522C81149104FB
:10AE800071F5552009F468CFB70180E290E00E9487
:10AE9000A2585A94F6CFF801808189830E5F1F4F24
:10AEA000E4CF2801F2E04F0E511CF801C080D180A0
:10AEB000692D70E036FC02C06FEF7FEFC6010E9483
:10AEC00097584C018201D5CFB70180E290E00E94F3
:10AED000A2582A942814190409F0B0F7CECFF6012D
:10AEE00037FC859137FE81916F01B70190E00E9498
:10AEF000A25851105A94F1E08F1A9108BFCF8436AE
:10AF000019F0893609F077C0F80137FE6BC060810F
:10AF10007181828193810C5F1F4FF32DFF763F2E4D
:10AF200097FF09C090958095709561957F4F8F4FE1
:10AF30009F4F689437F82AE030E0A5010E94D2586C
:10AF4000C82ECA188C2C432C36FE0CC0E89440F84E
:10AF5000C91440F434FE05C032FC03C0F32DFE7E5C
:10AF60004F2E892C44FEAAC0FE01EC0DF11D8081FC
:10AF7000803309F09CC0242D297E422E842D8870B8
:10AF8000582E43FCAAC040FEA4C09C2C821418F486
:10AF90002C0C922C981844FEA6C0B70180E390E0D8
:10AFA0000E94A25842FE09C088E790E041FE02C01C
:10AFB00088E590E0B7010E94A258C91408F49FC028
:10AFC000CA94D12C9FEFC91AD90ACA0CDB1CF6010E
:10AFD00082916F01B70190E00E94A258AC14BD04A9
:10AFE000B1F74FCF60817181072E000C880B990B50
:10AFF0000E5F1F4F92CFD32CE894D4F82AE030E0B4
:10B000008537E1F1232D297FD22E8F36A9F1F0F477
:10B01000883551F1F701868197812B960FB6F89408
:10B02000DEBF0FBECDBFDF91CF911F910F91FF907B
:10B03000EF90DF90CF90BF90AF909F908F907F90D8
:10B040006F905F904F903F902F900895803749F018
:10B05000883701F7D4FE02C06894D2F820E130E0CE
:10B060000DC06894D4F8F6CF34FE03C0822F8660FA
:10B07000D82E20E132E002C028E030E0F801D7FE0F
:10B080000FC060817181828193810C5F1F4FA50188
:10B090000E94D258C82ECA183D2CE89437F852CFD7
:10B0A0006081718190E080E00E5F1F4FF0CF42FC25
:10B0B00002C0839463CF8394839460CF842D867879
:10B0C00009F45CCFF6CFB70180E290E00E94A2586D
:10B0D00083948214C0F3512C5ECF522C58188214E2
:10B0E00008F459CFF8CF842D867809F466CF8BE227
:10B0F00041FE80E247FC8DE2B70190E05CCFB701F2
:10B1000080E390E00E94A2589A9457CF8FEF9FEF70
:10B1100084CF992788270895FC01059061507040DD
:10B120000110D8F7809590958E0F9F1F0895FC0110
:10B130006150704001900110D8F7809590958E0F66
:10B140009F1F08950F931F93CF93DF93182F092FFD
:10B15000EB018B8181FD09C01FEF0FEF812F902F35
:10B16000DF91CF911F910F91089582FF14C02E811E
:10B170003F818C819D81281739073CF4E881F98152
:10B18000CF0101969983888310838E819F810196D8
:10B190009F838E83E3CFE885F985812F1995892BCD
:10B1A000A1F3DACFFA01AA27283051F1203181F139
:10B1B000E8946F936E7F6E5F7F4F8F4F9F4FAF4FBF
:10B1C000B1E03ED0B4E03CD0670F781F891F9A1FD2
:10B1D000A11D680F791F8A1F911DA11D6A0F711D86
:10B1E000811D911DA11D20D009F468943F912AE092
:10B1F000269F11243019305D3193DEF6CF0108957A
:10B20000462F4770405D4193B3E00FD0C9F7F6CFAA
:10B21000462F4F70405D4A3318F0495D31FD405272
:10B22000419302D0A9F7EACFB4E0A6959795879508
:10B2300077956795BA95C9F70097610571050895E7
:10B240009B01AC010A2E0694579547953795279593
:10B25000BA95C9F7620F731F841F951FA01D08952B
:10B2600097F99F6780E870E060E008959FEF80ECB9
:10B27000089500240A94161617061806090608955C
:10B2800000240A9412161306140605060895092EC2
:10B290000394000C11F4882352F0BB0F40F4BF2B31
:10B2A00011F460FF04C06F5F7F4F8F4F9F4F089571
:10B2B00057FD9058440F551F59F05F3F71F0479567
:10B2C000880F97FB991F61F09F3F79F0879508954C
:10B2D000121613061406551FF2CF4695F1DF08C06B
:10B2E000161617061806991FF1CF86957105610588
:10B2F00008940895E894BB2766277727CB0197F930
:10B300000895F999FECF92BD81BDF89A992780B52D
:10B310000895262FF999FECF1FBA92BD81BD20BD99
:10B320000FB6F894FA9AF99A0FBE01960895052E71
:10B3300097FB1EF400940E94AE5957FD07D00E945F
:10B34000C95907FC03D04EF40C94AE595095409562
:10B35000309521953F4F4F4F5F4F089590958095C1
:10B36000709561957F4F8F4F9F4F08950E94EB59C5
:10B37000A59F900DB49F900DA49F800D911D112449
:10B380000895B7FF0C94B6590E94B659821B930BCF
:10B390000895A1E21A2EAA1BBB1BFD010DC0AA1F16
:10B3A000BB1FEE1FFF1FA217B307E407F50720F02E
:10B3B000A21BB30BE40BF50B661F771F881F991FA9
:10B3C0001A9469F760957095809590959B01AC01F2
:10B3D000BD01CF010895A29FB001B39FC001A39FFB
:10B3E000700D811D1124911DB29F700D811D1124BE
:10B3F000911D0895BEE304D008F490E80895BFE3DA
:10B4000022273327A9010E94605960F19F5748F114
:10B41000B91740F1BFE3B91B9927B8503AF4660F4A
:10B42000771F881F991FB395D2F316C0B8504AF002
:10B43000232F342F452F562F672F782F8827B8506A
:10B44000BAF7B85F49F08695779567955795479510
:10B4500037952795BA95B9F716F40E94365A88940D
:10B460000895889460E070E0CB01089590958095F0
:10B470007095609550954095309521953F4F4F4F71
:10B480005F4F6F4F7F4F8F4F9F4F08950E94F6552C
:10B4900008F48FEF0895DB018F939F930E94B659B4
:10B4A000BF91AF91A29F800D911DA39F900DB29F60
:10B4B000900D11240895EE0FFF1F881F8BBF07907A
:10B4C000F691E02D1994DF93CF931F930F939A9DDC
:10B4D000F02D219FF00D8B9DF00D8A9DE02DF10D3B
:10B4E000039FF00D029FE00DF11D4E9DE00DF11D3B
:10B4F0005E9DF00D4F9DF00D7F936F93BF92AF92C5
:10B500005F934F93D5010E94EB598B01AC01D7019A
:10B510000E94EB59EB01E80FF91FD6010E94B25AC5
:10B520002F913F91D6010E94EB59C60FD71FE81FFC
:10B53000F91FAF91BF910E94B25A2F913F910E9483
:10B54000EB59C60FD71FE81FF91FD6010E94EB5910
:10B55000E60FF71F9801BE01CF010F911F91CF9108
:10B56000DF9108950E94EB59460F571FC81FD91F3E
:10B5700008F43196089597FB57FF0C94CB5A9F938C
:10B580008F930E94CB5A6E1B7F0BAF91BF918A0B9A
:10B590009B0B0895E894DF93CF93FC01DB010E949D
:10B5A000EB597F936F93E9019A01AC01BF93AF937D
:10B5B0003F932F93DF010E94EB5926F46C1B7D0B08
:10B5C000820B930B9E01EB01FC010E94B25AAF91DA
:10B5D000BF912F913F910E94B25ABE01CF01F90154
:10B5E0002F913F91CF91DF910895689401C0E89425
:10B5F000F92FF12B12F00C94295BA0E0B0E0E3E00E
:10B60000FBE50C949B5B092E059422F40E94855B5C
:10B61000112392F4F0E80F26FFEFE094F0940095E8
:10B620001095B094C094D094A194BF0ACF0ADF0AB9
:10B63000EF0AFF0A0F0B1F0B0E94345B07FC0E94EE
:10B64000855BCDB7DEB7ECE00C94B75B689401C0C6
:10B65000E8948F929F92CF93DF930E94345BDF91A7
:10B66000CF919F908F90089588249924F401E4014C
:10B67000B0E49F93AA279A158B049C04ED05FE0560
:10B68000CF05D007A10798F4AD2FDC2FCF2FFE2FC9
:10B69000E92D982C892E982F872F762F652F542FE0
:10B6A000432F322F2227B85031F7BF9127C01B2ECE
:10B6B000BF91BB27220F331F441F551F661F771FE3
:10B6C000881F991F881C991CEE1FFF1FCC1FDD1FB0
:10B6D000AA1FBB1F8A149B04EC05FD05CE05DF05E0
:10B6E000A007B10748F08A189B08EC09FD09CE09AC
:10B6F000DF09A00BB10B21601A94E1F62EF494013E
:10B70000AF01BE01CD01000C089560957095809544
:10B71000909530954095509521953F4F4F4F5F4FF5
:10B720006F4F7F4F8F4F9F4F08952F923F924F92B1
:10B730005F926F927F928F929F92AF92BF92CF92C1
:10B74000DF92EF92FF920F931F93CF93DF93CDB7CA
:10B75000DEB7CA1BDB0B0FB6F894DEBF0FBECDBF42
:10B7600019942A88398848885F846E847D848C8403
:10B770009B84AA84B984C884DF80EE80FD800C811C
:10B780001B81AA81B981CE0FD11D0FB6F894DEBFFF
:10B790000FBECDBFED010895002E083090F0982F18
:10B7A000872F762F652F542F432F322F22270850B3
:10B7B000F4CF220F331F441F551F661F771F881FAA
:10B7C000991F0A95B2F7002D089597FD1094002E49
:10B7D000083098F00850232F342F452F562F672F0D
:10B7E000782F892F912DF4CF15949795879577957C
:10B7F000679557954795379527950A95AAF7112488
:10B80000002D08952A0D3B1D4C1D5D1D6E1D7F1DD5
:10B81000801F911F08950024A7FD00942A0F301D5A
:10B82000401D501D601D701D801D901D08952A191A
:10B830003B094C095D096E097F09800B910B089546
:10B840002A153B054C055D056E057F0580079107B0
:10B8500008950024A7FD00942A17300540055005DF
:10B860006005700580059005089591110895815631
:10B870008A5108F4805285580895FB01DC0102C00A
:10B8800001900D9241505040D8F70895FB01DC0122
:10B890000D900020E9F7119701900D920020E1F73B
:10B8A0000895FC018191861721F08823D9F7992703
:10B8B00008953197CF010895FB01DC018D9101902E
:10B8C00080190110D9F3990B0895FB01DC01019057
:10B8D0000D920020E1F70895FB01DC01415050403A
:10B8E00048F001900D920020C9F701C01D9241500F
:10B8F0005040E0F708950F931F93CF93DF93CDB798
:10B90000DEB72E970FB6F894DEBF0FBECDBF0E89FF
:10B910001F89888D998D26E02C831A83098397FFD0
:10B9200002C080E090E801979E838D83AE01445E63
:10B930005F4F6A8D7B8DCE0101960E9487564D81A7
:10B940005E8157FD0AC02F813885421753070CF4DA
:10B950009A01020F131FF80110822E960FB6F89469
:10B96000DEBF0FBECDBFDF91CF911F910F91089524
:10B970000F931F93CF93DF93CDB7DEB72E970FB6FC
:10B98000F894DEBF0FBECDBF0E891F8986E08C8381
:10B990001A8309838FEF9FE79E838D83AE01465EF6
:10B9A0005F4F688D798DCE0101960E9487562F8159
:10B9B0003885020F131FF80110822E960FB6F894E7
:10B9C000DEBF0FBECDBFDF91CF911F910F910895C4
:04B9D000F894FFCF19
:10B9D400020B0101010100000078026702560243D4
:10B9E400023C022D0227021B0252454C454153459D
:10B9F4000032303235313130312E31000000000058
:10BA04000000000000002E10C50EC50F8510F60FB3
:10BA1400D40FE80F0D0A002320004669726D776188
:10BA240072652076657273696F6E3A200020280073
:10BA34002C20426F6172642073657269616C3A20D4
:10BA440000594553003100256C642E2530366C6452
:10BA5400204D487A2900256C642E2530366C6420EC
:10BA6400757365632900256C642F256C6429002592
:10BA74006425732900256429002563290025632F83
:10BA8400256320282563292900256C7529004F4B3F
:10BA9400202D2D20506F6C6C20436861726163749B
:10BAA400657220006E6F6E6500202D3E2000256CAF
:10BAB400642E2530366C64204D487A00256C642E43
:10BAC4002530366C6420757365630050726F704462
:10BAD400656C61790054696D652044696C617469B1
:10BAE4006F6E00666978656454696D653200465509
:10BAF40044474530004E6F2073657269616C206E57
:10BB0400756D62657220666F756E642E2E2E206DC3
:10BB1400616B696E67206F6E65002530346C582543
:10BB240030346C580053657269616C204E756D62D7
:10BB340065723A20004E6F20636F6E6669672066F7
:10BB44006F756E642E202057726974696E67206465
:10BB5400656661756C742E2E2E00256C6420286336
:10BB64006830292C20256C6420286368312900233F
:10BB7400205479706520616E792063686172616315
:10BB840074657220666F7220636F6E666967206DDC
:10BB9400656E750023204E6F20434F415253455F1D
:10BBA400434C4F434B2E2E2E206973203130204DB1
:10BBB400487A20636F6E6E65637465643F0023206A
:10BBC400496E207365636F6E64617279206D6F6472
:10BBD4006520616E642077616974696E6720666FA1
:10BBE400722073796E632E2E2E0023205265737497
:10BBF400617274207265717565737465642C20724A
:10BC040065696E697469616C697A696E67207379B4
:10BC14007374656D2E2E2E00232053746F7070691B
:10BC24006E67206D6561737572656D656E747320E2
:10BC3400666F7220636F6E6669672E2E2E00232056
:10BC4400466C757368696E672070656E64696E67AB
:10BC5400206D6561737572656D656E7473206265C0
:10BC6400666F726520636F6E6669672E2E2E0023E1
:10BC74002052657374617274696E67206D656173B7
:10BC84007572656D656E74732E2E2E00232031300F
:10BC9400204D485A205265666572656E6365206C56
:10BCA4006F737421002320507265737320616E7961
:10BCB400206B657920746F207265737461727420CF
:10BCC4006166746572207265666572656E6365206F
:10BCD400697320726573746F7265642E0025303643
:10BCE4006C75200042617564205261746500436C78
:10BCF4006F636B20537065656400436F6172736595
:10BD0400205469636B0057726170204469676974D9
:10BD14007300446563696D616C20506C6163657385
:10BD24000053796E63204D6F6465004368616E6EE5
:10BD3400656C204E616D657300506F6C6C204368B8
:10BD44006172616374657200537461727420456436
:04BD5400676500001F
:00000001FF
