:100000000C94340A0C9455400C942A400C94FF3FF5
:100010000C94D43F0C94A93F0C947E3F0C94533F16
:100020000C94283F0C94B33E0C94443E0C94CE3D6B
:100030000C94650A0C94650A0C94650A0C94650A84
:100040000C94650A0C94650A0C94650A0C94650A74
:100050000C94650A0C94650A0C94650A0C94243D72
:100060000C94650A0C94983D0C946E3D0C94650AB2
:100070000C94650A0C94650A0C94650A0C94650A44
:100080000C94650A0C94650A0C94650A0C94650A34
:100090000C94650A0C94650A0C94650A0C94650A24
:1000A0000C94650A0C94650A0C94650A0C94650A14
:1000B0000C94650A0C94650A0C94650A0C94650A04
:1000C0000C94650A0C94650A0C94650A0C94650AF4
:1000D0000C94650A0C94650A0C94650A0C94650AE4
:1000E0000C94650A0C94BC4B0C94F51A0C946C346B
:1000F0000C947D4B0C9480400C945F340C94240B36
:100100000C9427480C94440B0C9424480C941548E8
:100110000C943C0B0C94541A0C9418480C946E34A8
:100120000C94620E0C94B3450C9411200C94360B75
:100130000C94684B0C941E480C94130B0C94870C75
:100140000C944E0B0C94774B0C946C0C0C94320B5F
:100150000C94490B0C94864B0C941B0B0C9421486B
:100160000C942E0B0C947A4B0C94EB1A0C941B48A9
:100170000C94804B0C94B61F0C94170B0C94D32149
:100180000C948A340C94280B0C946B200C947F34C0
:100190000C9472340C9425240C94400B0C94B10DE7
:1001A0000C94D30D0C9493530C94C50D0C94D02740
:1001B0000C94090B0C940F0B0C94A20C0C9470343F
:1001C0000C94A20D0C940B0E0C9474340C94480CEB
:1001D0000C944A0B0C941E0B0C94834B0C946A34B5
:1001E0004E414E494E495459494E46CDCCCC3D0A1C
:1001F000D7233C17B7D13877CC2B329595E6241FFF
:10020000B14F0A000020410000C84200401C4620B7
:10021000BCBE4CCA1B0E5AAEC59D744E756C6C208C
:100220004F757470757400446562756700332D43B3
:100230006F726E6572656420486174005065726902
:100240006F640054696D6520496E74657276616CE7
:1002500020412D3E420042696E6172792054696DE1
:10026000657374616D7000506169726564205469D2
:100270006D657374616D700054696D657374616D43
:10028000700046554447453020412F42207073206E
:1002900028652E672E2C2034302F3430206F7220AA
:1002A0003165362F326536293A2000466978656413
:1002B0002054696D653220412F42207073202865DB
:1002C0002E672E2C2034302F3430206F7220316571
:1002D000362F326536293A200054696D652044690D
:1002E0006C6174696F6E20412F4220707320286505
:1002F0002E672E2C2034302F3430206F7220316541
:10030000362F326536293A200050726F706167616E
:1003100074696F6E2044656C617920412F422070B2
:10032000732028652E672E2C2034302F3430206F18
:1003300072203165362F326536293A2000436F61CD
:10034000727365205469636B2070732028652E6773
:100350002E2C2031653820666F72203130302075A8
:1003600073293A2000436C6F636B20487A2028651C
:100370002E672E2C2031653720666F722031302099
:100380004D487A293A2000456E74657220456467AD
:10039000657320412F42202852206F722046293A4F
:1003A0002000456E74657220506F6C6C204368614C
:1003B00072616374657220282D20746F20636C65F0
:1003C0006172293A2000456E746572204E616D6538
:1003D0007320412F422028616E792074776F20634B
:1003E00068617273293A2000456E7465722050204E
:1003F0006F7220533A20004F7574707574204465F5
:1004000063696D616C20506C616365732028302EC8
:100410002E3132293A200057726170204469676991
:1004200074732028302E2E3130293A200000010428
:100430000505030304050604050607010001000382
:100440000201000001020304050607070605040374
:100450000201000702010007060504030201000370
:100460000201000001020304050607000102030463
:10047000050607020304050606075741524E494E7A
:10048000473A2046616C6C696E6720656467652039
:100490007472696767657220697320756E72656C26
:1004A0006961626C653B2075736520617420796FAA
:1004B0007572206F776E207269736B21004F4B202D
:1004C0002D2D20436C6F636B202573202D3E20253E
:1004D0007300496E76616C6964003B206E6F772013
:1004E000004F4B202D2D2042617564207261746590
:1004F0002077617320004368616E676573206B65C8
:1005000070742E004368616E67657320646973635D
:1005100061726465642E0032202D2044697363612A
:100520007264206368616E6765730031202D204B13
:10053000656570206368616E676573004F4B202DA1
:100540002D204D6F64652073657420746F20004307
:100550006F6E66696775726174696F6E206368613A
:100560006E67657320726571756972652072657357
:10057000746172742E2052657374617274696E674F
:100580002E2E2E00284368616E67657320617265A8
:100590002074656D706F72617279202D2077696C9F
:1005A0006C20726576657274206F6E20726573744C
:1005B0006172742900526573756D696E67206F7082
:1005C00065726174696F6E2077697468206E6577F3
:1005D0002073657474696E67732E004170706C7956
:1005E000696E6720636F6E66696775726174696FA3
:1005F0006E206368616E6765732E2E2E004F4B2050
:100600002D2D20257320256C642F256C64202D3E14
:1006100020256C642F256C6420707300202D2077BA
:100620007261707320617420316525642073656385
:100630006F6E647300202D20777261707320617477
:1006400020256C75207365636F6E64730001000074
:10065000000A00000064000000E80300001027000A
:1006600000A086010040420F008096980000E1F54E
:100670000500CA9A3B202D206E6F207772617000B2
:1006800033202D20526573657420616C6C20746F6B
:100690002064656661756C747320616E6420726598
:1006A00073746172740032202D204170706C792057
:1006B0006368616E67657320616E6420726573752F
:1006C0006D65206F7065726174696F6E0031202DE9
:1006D0002044697363617264206368616E67657347
:1006E00020616E6420657869740057202D20577250
:1006F000697465206368616E67657320746F204557
:100700004550524F4D202870657273697374206193
:1007100063726F73732072657374617274732900EE
:1007200056202D2053686F77206669726D7761724D
:10073000652076657273696F6E0053202D205368B3
:100740006F77207374617274757020696E666F00C4
:100750004D202D2053686F772074686973206D6574
:100760006E7520616761696E0048202D20536572A7
:1007700069616C2042617564205261746520286350
:10078000757272656E746C793A200047202D204195
:100790006476616E6365642073657474696E6773F3
:1007A000006E6F6E65290046202D20506F6C6C2006
:1007B0004368617261637465722028637572726543
:1007C0006E746C793A200045202D204368616E6E6E
:1007D000656C204E616D6573202863757272656E5D
:1007E000746C793A200044202D205072696D61723A
:1007F000792F5365636F6E64617279202863757217
:1008000072656E746C793A200043202D204F757408
:1008100070757420446563696D616C20506C616310
:100820006573202863757272656E746C793A200066
:1008300042202D2054696D657374616D702057726C
:1008400061702064696769747320286375727265CA
:100850006E746C793A200041202D204D6F64652024
:100860002863757272656E746C793A20003D3D2084
:100870005449434320436F6E6669677572617469BA
:100880006F6E203D3D00556E6B6E6F776E00437549
:100890007272656E74206D6F64653A200041382075
:1008A0002D204E756C6C204F757470757400413737
:1008B000202D204465627567004136202D20332DA0
:1008C000436F726E65726564204861740041352023
:1008D0002D20506572696F64004134202D205469C9
:1008E0006D6520496E74657276616C2041202D3EE5
:1008F0002042004133202D2042696E6172792054DC
:10090000696D657374616D70004132202D205061F6
:10091000697265642054696D657374616D7000411E
:1009200031202D2054696D657374616D70002D2D1B
:10093000204D6F6465202D2D004836202D20323348
:100940003034303020627073004835202D20313132
:100950003532303020627073202864656661756CB2
:100960007429004834202D2035373630302062700D
:1009700073004833202D20333834303020627073B8
:10098000004832202D20313932303020627073001F
:100990004831202D203936303020627073002D2DE3
:1009A0002053657269616C204261756420526174E4
:1009B000652053657474696E6773202D2D0047366A
:1009C000202D2046554447453020707320412F424A
:1009D000202863757272656E746C793A2000473511
:1009E000202D20666978656454696D6532207073C6
:1009F00020412F42202863757272656E746C793ABB
:100A000020004734202D2054696D652044696C61B5
:100A100074696F6E20412F42202863757272656E73
:100A2000746C793A20004733202D2050726F70612A
:100A3000676174696F6E2044656C61792070732002
:100A4000412F42202863757272656E746C793A206A
:100A5000004732202D20436F617273652054696313
:100A60006B207573202863757272656E746C793AA9
:100A700020004731202D20436C6F636B205370653D
:100A80006564204D487A202863757272656E746CB7
:100A9000793A20002D2D20416476616E63656420D3
:100AA00053657474696E6773202D2D003105000045
:100AB0000000000000000000000000000000000036
:100AC000000000000000000000960E0000340A0242
:100AD00000000000000000000032050000000000DF
:100AE0000000000000000000000000000000000006
:100AF000000000000000960E0000340A0200010011
:100B000000000000000033050000000000000000AD
:100B100000000000000000000000000000000000D5
:100B2000000000960E0000340A02000200000000DF
:100B3000000000340500000000000000000000007C
:100B400000000000000000000000000000000000A5
:100B5000960E0000340A02000300000000000000AE
:100B6000350500000000000000000000000000004B
:100B700000000000000000000000000000960E00D1
:100B800000340A02000400000000000000360500E6
:100B90000000000000000000000000000000000055
:100BA00000000000000000000000960E0000340A63
:100BB00002000500000000000000370500000000F2
:100BC0000000000000000000000000000000000025
:100BD00000000000000000960E0000340A0200062B
:100BE00000000000000000380500000000000000C8
:100BF00000000000000000000000000000000000F5
:100C000000000000960E0000340A020007000000F9
:100C1000000000003105000000000000000000009E
:100C200000000000000000000000000000000000C4
:100C300000B10E0000F20902008025000000000053
:100C4000003205000000000000000000000000006D
:100C50000000000000000000000000000000B10ED5
:100C60000000F2090200004B000000000000330504
:100C70000000000000000000000000000000000074
:100C80000000000000000000000000B10E0000F2B3
:100C9000090200009600000000000034050000007A
:100CA0000000000000000000000000000000000044
:100CB0000000000000000000B10E0000F209020078
:100CC00000E1000000000000350500000000000009
:100CD0000000000000000000000000000000000014
:100CE0000000000000B10E0000F209020000C20185
:100CF00000000000003605000000000000000000B9
:100D000000000000000000000000000000000000E3
:100D10000000B10E0000F209020000840300000090
:100D20000000310200650340420F00000000000097
:100D300024F4000000000000000000000000009803
:100D40000E0000FC0902000000000000000000325C
:100D500002003D0300E1F5050000000000E87648D0
:100D6000170000000000000000000000A00E0000BE
:100D7000080A020000000000000000003303000920
:100D80000300000000000000000010A5D4E80000EF
:100D9000000000000000000000B90E00003B03014D
:100DA000000000000000000000340300D902000031
:100DB0000000000000000010A5D4E80000000000C2
:100DC000000000000000C90E000045030100000003
:100DD000000000000000350300AB0200000000002E
:100DE0000000000010A5D4E8000000000000000092
:100DF000000000D90E0000530301000000000000B5
:100E00000000003603008202000000000000000025
:100E10000010A5D4E8000000000000000000000061
:100E2000E90E00005E030100000000000000000069
:100E3000420000170400000000000000000A00004B
:100E400000000000000000000000000000AC0E00E8
:100E500000140A0000000000000000000043000031
:100E6000F70300000000000000000C00000000007C
:100E700000000000000000000000AE0E0000200A8C
:100E800000000000000000000000440100E8030032
:100E90000000000000000000000000000000005002
:100EA00053000000000000B00E00002F0A000000F8
:100EB00000000000000000450400C6030000000020
:100EC0000000000000000000000000000000000022
:100ED00000000000B70E0000390A0000000000000A
:100EE00000000000460100A2030000000000000016
:100EF00000000000000000000000000000000000F2
:100F000000970E0000470A000000000000000000EB
:100F100000540400870300000000000000000000EF
:100F20000000000000005246000000000000B50E66
:100F30000000560A000000000000000000002843E6
:100F400068616E6765732077696C6C2074616B658E
:100F500020656666656374206166746572207265DB
:100F600073746172742900436F6E74696E75696E73
:100F70006720776974682063757272656E74207378
:100F8000657474696E67732E0032202D204E6F2CAD
:100F900020636F6E74696E7565207769746820636D
:100FA000757272656E742073657474696E67730010
:100FB00031202D205965732C207265737461727411
:100FC000206E6F770052657374617274206E6F7754
:100FD00020746F206170706C79206368616E676542
:100FE000733F004368616E6765732077726974743C
:100FF000656E20746F20454550524F4D202877690B
:101000006C6C2070657273697374206163726F73A6
:101010007320726573746172747329004545505270
:101020004F4D20636C65617265642E205265737448
:10103000617274696E672E2E2E00436C6561726951
:101040006E6720656E7469726520454550524F4D3C
:101050002E2E2E00454550524F4D20636C65617217
:101060002063616E63656C6C65642E0054797065F5
:1010700020275945532720746F20636F6E6669726D
:101080006D3A20005741524E494E473A2054686904
:10109000732077696C6C20636F6D706C6574656C20
:1010A000792065726173652074686520656E746966
:1010B000726520454550524F4D20696E636C7564D2
:1010C000696E672073657269616C206E756D62650B
:1010D00072210044656661756C747320777269745F
:1010E00074656E2E2052657374617274696E672E1A
:1010F0002E2E004170706C79696E67206368616E96
:1011000067657320616E6420726573756D696E67C3
:10111000206F7065726174696F6E2E2E2E004469A7
:1011200073636172646564206368616E6765732EC2
:1011300000410100018A342524420200005F34008E
:10114000004302000072340000440200006E3400CC
:1011500000450200006C340000460200006A3400C2
:1011600000470100017434D321480100017F34F5A8
:101170001A4D000000D027000053020000EB1A00B7
:101180000056020000541A0000570200001120000F
:101190000058020000B61F00005402000070340026
:1011A00000310300006B200000320300006B2000C0
:1011B00000330300006B200000340300006B2000AC
:1011C00000556E6B6E6F776E20636F6D6D616E6430
:1011D000003030303130323033303430353036302A
:1011E00037303830393130313131323133313431D7
:1011F00035313631373138313932303231323232BD
:1012000033323432353236323732383239333033A2
:101210003133323333333433353336333733383392
:101220003934303431343234333434343534363480
:101230003734383439353035313532353335343566
:10124000353536353735383539363036313632364C
:101250003336343635363636373638363937303732
:101260003137323733373437353736373737383722
:101270003938303831383238333834383538363810
:1012800037383838393930393139323933393439F6
:10129000353936393739383939010000000A00004C
:1012A0000064000000E803000010270000A0860191
:1012B0000040420F008096980000E1F50500CA9AB0
:1012C0003B00002100240027002A002D00300033BD
:1012D0000001010000040107010A010000220025AD
:1012E0000028002B002E0031003400020100000510
:1012F0000108010B01000020002300260029002C1A
:10130000002F003200000100000301060109010561
:10131000050505070508080808020202020A0A086E
:101320000804040404010101010101010103030394
:101330000303030303040707070C0C0C0C0C0C0C31
:101340000C0202020206060606060606060B0B0B38
:101350000B0B0B0B0B010210202008081020401073
:101360002040800201020108040201010204081069
:101370002040808040201008040201800402018087
:1013800040201008040201080402010102040810B0
:10139000204080010204081020408000000A0B0257
:1013A000090C0D0E080703040100000000000000F6
:1013B000000000000000000000000000000000002D
:1013C00000000000000000121110000000000000EA
:1013D000000000000000000000000000000000000D
:1013E000004368616E67657320646973636172644A
:1013F00065642E0032202D2044697363617264207D
:101400006368616E6765730031202D204B656570E0
:10141000206368616E676573004368616E6765731A
:10142000206B6570742E005361766520746F2045C3
:101430004550524F4D207769746820275727206107
:101440006E64207265737461727420666F722063BB
:1014500068616E676520746F2074616B65206566D6
:10146000666563742E00804011241FBECFEFD1E269
:10147000DEBFCDBF00E00CBF1AE0A0E0B2E0E4EFB9
:10148000FAEA00E00BBF02C007900D92A236B10746
:10149000D9F72EE0A2E6BAE001C01D92AB3FB20739
:1014A000E1F71AE0C4E3DAE000E006C021970109A1
:1014B000802FFE010E94EB52C333D10780E0080762
:1014C000A9F70E942C410C9478550C9400002091AF
:1014D000270C222361F02FB7F8943091270C31307C
:1014E00049F43DB33093260C3DB33DBB2FBF8CBDBB
:1014F0009DBD08952093260CFACFCF92DF92EF92F4
:10150000FF926B017C01E091380CF091390C82E084
:101510008083C11481EED806E104F104A1F060E0FB
:1015200079E08DE390E0A70196010E945952215085
:101530003109410951095695479537952795211548
:1015400080E13807A8F0E091380CF091390C108256
:1015500060E874E88EE190E0A70196010E9459527C
:1015600021503109410951095695479537952795DD
:10157000E091340CF091350C3083E091360CF09111
:10158000370C20831092400CE0913C0CF0913D0C04
:1015900086E08083E0913A0CF0913B0C8081806181
:1015A0008083E0913A0CF0913B0C808188608083CD
:1015B000E0913A0CF0913B0C808180688083E0914F
:1015C0003A0CF0913B0C80818F7D8083FF90EF90EF
:1015D000DF90CF9008958150823108F05AC0E82FF3
:1015E000F0E08827E950F54F8F4F0C94EB52170B22
:1015F0001B0B090B0F0B130B490B1E0B240B280B9A
:101600002E0B320B360B3C0B400B490B440B4A0B99
:101610004E0B809180008F77809380000895809199
:1016200080008F7DF9CF80918000877FF5CF84B5D2
:101630008F7784BD089584B58F7DFBCF8091B000F6
:101640008F778093B00008958091B0008F7DF9CF9F
:10165000809190008F778093900008958091900002
:101660008F7DF9CF80919000877FF5CF8091A0008A
:101670008F778093A00008958091A0008F7DF9CF8F
:101680008091A000877FF5CF809120018F77809394
:1016900020010895809120018F7DF9CF8091200154
:1016A000877FF5CFCF93DF93282F30E0F901E55600
:1016B000FC4E8491F901EB5AFC4ED491F901E15FA3
:1016C000FC4EC491CC23A1F081110E94EB0AEC2FB7
:1016D000F0E0EE0FFF1FEB50FD4EA591B491EC91A1
:1016E000ED2381E090E009F480E0DF91CF9108954F
:1016F00080E090E0FACF1F93CF93DF93282F30E064
:10170000F901E556FC4E8491F901EB5AFC4ED49157
:10171000F901E15FFC4EC491CC23A9F0162F811191
:101720000E94EB0AEC2FF0E0EE0FFF1FE552FD4E9A
:10173000A591B4918FB7F894EC91111108C0D09590
:10174000DE23DC938FBFDF91CF911F910895DE2BB5
:10175000F8CFCF93DF9390E0FC01EB5AFC4E24913D
:10176000815F9C4EFC0184918823D1F090E0880F2A
:10177000991FFC01EF53FD4EA591B491FC01E55278
:10178000FD4EC591D49161110EC09FB7F8948C9114
:10179000E22FE0958E238C932881E223E8839FBF7C
:1017A000DF91CF9108958FB7F894EC91E22BEC93F1
:1017B0008FBFF6CF90917B00977F90937B008653ED
:1017C000806480937C0080917A00806480937A00AA
:1017D00080917A0086FDFCCF80917800909179000D
:1017E00008953FB7F8948091820B9091830BA0915C
:1017F000840BB091850B26B5A89B05C02F3F19F02F
:101800000196A11DB11D3FBFBA2FA92F982F882780
:10181000BC01CD01620F711D811D911D42E0660F5B
:10182000771F881F991F4A95D1F708958F929F922D
:10183000AF92BF92CF92DF92EF92FF924B015C0189
:101840000E94F10B6B017C010E94F10B6C197D0968
:101850008E099F09683E734081059105A8F321E038
:10186000821A9108A108B10888EEC80E83E0D81E3C
:10187000E11CF11C81149104A104B10429F7FF902B
:10188000EF90DF90CF90BF90AF909F908F90089592
:101890002091610B3091620B4091630B5091640B6E
:1018A0006091650B7091660B8091670B9091680B4E
:1018B000A1E00E949B542093610B3093620B4093F4
:1018C000630B5093640B6093650B7093660B80936E
:1018D000670B9093680B08957091610B6091620B98
:1018E0005091630B4091640B3091650B2091660B16
:1018F0009091670B8091680BE5ECFCE0738764873F
:10190000558746873787208B918B828B08957091FE
:10191000610B6091620B5091630B4091640B3091AD
:10192000650B2091660B9091670B8091680BE3E645
:10193000FDE07083618352834383348325839683E0
:1019400087830895AF92BF92CF92DF92EF92FF927A
:101950000F931F93CF93DF936C017B018B01040FD7
:10196000151FEB015E01AE18BF08C017D10759F073
:101970006991D601ED91FC910190F081E02DC601B5
:101980001995892B79F7C501DF91CF911F910F919F
:10199000FF90EF90DF90CF90BF90AF9008952F927F
:1019A0003F924F925F926F927F928F929F92AF92EF
:1019B000BF92CF92DF92EF92FF920F931F93CF933C
:1019C000DF93CDB7DEB7C654D1090FB6F894DEBFAA
:1019D0000FBECDBF922E832E742E652E562E472E0F
:1019E000382E292EA0E00E94B9540CF078C08DE268
:1019F00089A3832D0E941554922E832E742E652E5A
:101A0000562E472E382E292ECE01829627969FAF2E
:101A10008EAF2797CE01019625969FAF8EAF259763
:101A20002596AEADBFAD259711962396BFAFAEAF4D
:101A300023978AE0A82EB12CC12CD12CE12CF12CBB
:101A400000E010E0292D382D472D562D652D742DE1
:101A5000832D922D0E948553205D2596EEADFFAD1E
:101A600025972083292D382D472D562D652D742D32
:101A7000832D922D0E948753922E832E742E652ED5
:101A8000562E472E382E292E23968EAD9FAD2397A6
:101A900025969FAF8EAF2597292D382D472D562D92
:101AA000652D742D832D922DA0E00E94B95409F06C
:101AB000B7CF2796EEADFFAD27979E012F5F3F4F23
:101AC000AF012396AEADBFAD23972A173B0780F435
:101AD0008E912396BFAFAEAF23978193F1CFA0E055
:101AE0000E94B95441F580E389A3AE014E5D5F4F7A
:101AF000BE016F5D7F4F461B570B88E29CE00E9442
:101B0000A20CCA5BDF4F0FB6F894DEBF0FBECDBF8D
:101B1000DF91CF911F910F91FF90EF90DF90CF90C9
:101B2000BF90AF909F908F907F906F905F904F90FD
:101B30003F902F900895FE01B1962796FFAFEEAF2C
:101B4000279768CFFC01538D448D252F30E0842FDB
:101B500090E0821B930B541710F0CF9608950197D5
:101B60000895FC01918D828D981761F0A28DAE0FC2
:101B7000BF2FB11D5D968C91928D9F5F9F73928F49
:101B800090E008958FEF9FEF0895FC01918D828D75
:101B9000981731F0828DE80FF11D858D90E0089542
:101BA0008FEF9FEF0895FC01918D228D892F90E09A
:101BB000805C9F4F821B91098F739927089588E25B
:101BC0009CE00E94D30D21E0892B09F420E0822FB4
:101BD0000895FC01A48DA80FB92FB11DA35ABF4FC2
:101BE0002C91848D90E001968F739927848FA6891C
:101BF000B7892C93A089B1898C91837080648C9370
:101C0000938D848D981306C00288F389E02D80811E
:101C10008F7D80830895EF92FF920F931F93CF9350
:101C2000DF93EC0181E0888F9B8D8C8D98131AC017
:101C3000E889F989808185FF15C09FB7F894EE89FE
:101C4000FF896083E889F98980818370806480835B
:101C50009FBF81E090E0DF91CF911F910F91FF90A6
:101C6000EF900895F62E0B8D10E00F5F1F4F0F734E
:101C70001127E02E8C8D8E110CC00FB607FCFACF09
:101C8000E889F989808185FFF5CFCE010E94E90DB1
:101C9000F1CFEB8DEC0FFD2FF11DE35AFF4FF082DA
:101CA0009FB7F8940B8FEA89FB8980818062CFCF40
:101CB000682F88E29CE00C940B0E682F88E29CE071
:101CC0000C940B0ECF93DF93EC01888D8823B9F031
:101CD000AA89BB89E889F9898C9185FD03C0808137
:101CE00086FD0DC00FB607FCF7CF8C9185FFF2CFB4
:101CF000808185FFEDCFCE010E94E90DE9CFDF9114
:101D0000CF91089588E29CE00E94620EE8E2FCE038
:101D1000A289B3898C918F7E8C93A289B3898C918F
:101D2000877F8C93A289B3898C918F778C93A289BA
:101D3000B3898C918F7D8C93828D818F089580E003
:101D400090E0892B29F00E94DF0D81110E94000094
:101D500080E090E0892B49F080E090E0892B29F029
:101D60000E94000081110E94000080E090E0892B19
:101D700049F080E090E0892B29F00E940000811159
:101D80000E94000080E090E0892B49F080E090E024
:101D9000892B29F00E94000081110C940000089505
:101DA0002F923F924F925F926F927F928F929F926B
:101DB000AF92BF92CF92DF92EF92FF920F931F9359
:101DC000CF93DF93CDB7DEB72F970FB6F894DEBF72
:101DD0000FBECDBFFC017F876E875C874B8710826B
:101DE0001182128213821482158216821782108643
:101DF000118612861386DB01AB2B09F4D1C0DA0100
:101E0000AB2B09F4CDC0DB018D909D90AD90BC90C3
:101E1000DA014D905D906D907C90DB0114962C91D1
:101E2000149715963C91159716964C911697179600
:101E30005C91179718966C91189719967C91199741
:101E40001A968C911A971B969C91AB85BC8514961B
:101E50002C90149715963C9015971696CC90169743
:101E60001796DC9017971896EC9018971996FC9097
:101E700019971A960C911A971B961C918414950425
:101E8000A604B70409F4A6C0B1E0B9834814590404
:101E90006A047B040CF4A5C01982AB85BC854D9007
:101EA0005D906D907C90AE85BF854D915D916D91FB
:101EB0007C91441A550A660A770AAB85BC8514964C
:101EC0003C9014971596BC91BA83AB85BC85169649
:101ED000BC91BB83AB85BC851796BC91BC83AB859D
:101EE000BC851896BC91BD83AB85BC8519968C903A
:101EF00019971A969C901A971B962C90AE85BF85C1
:101F00001496BC91BD87AE85BF851596BC91BB87E5
:101F1000AE85BF851696BC91BE83AE85BF851796EC
:101F2000BC91BF83AE85BF851896BC91B887AE853E
:101F3000BF851996BC91B987AE85BF851A96BC91AD
:101F4000BA87AE85BF851B96BC91BE87232D3A818B
:101F50004B815C816D81782D892D922DAD84BB8460
:101F6000CE80DF80E884F9840A851B2F0E94B0545C
:101F700008F440C00E94A75459016A017B018C01FA
:101F8000A981AA2309F455C04082518262827382DA
:101F9000A482B582C682D782E086F1860287138743
:101FA000CF012F960FB6F894DEBF0FBECDBFDF91E5
:101FB000CF911F910F91FF90EF90DF90CF90BF9046
:101FC000AF909F908F907F906F905F904F903F90D9
:101FD0002F900895A1E0A98351010E94B05408F404
:101FE0005BCF9B858C85AE85BF85BC87AB879E8785
:101FF0008F8753CF3A814B815C816D81305F4A4539
:102000005B4267417F4F8F4F9F4FAD84BB84CE8033
:10201000DF80E884F9840A851E850E94A75459014F
:102020006A017B018C0121E0421A510861087108A4
:10203000A7CF9501A601B701C801A0E00E94B9543D
:1020400069F47094609450944094411C511C611C3C
:10205000711C4082518262827382A2CFD301C2017D
:1020600080959095A095B09580839183A283B3834A
:1020700020E030E145EA54ED68EE70E080E090E069
:102080000E94A754248335834683578360877187D2
:102090008287938785CF8091270C882361F09FB733
:1020A000F8942091270C8091260C213019F48DBBD7
:1020B0009FBF08958FBF08950F931F93CF93DF9312
:1020C0008C01C62FD42F80E591E00E94670A60E062
:1020D000F80187810E947B0BC064CD27DC27CD27C8
:1020E0000CB405FC17C0DEBD00000DB407FEFDCF2B
:1020F0008EB5CEBD00000DB407FEFDCF8EB561E0FC
:10210000F80187810E947B0BDF91CF911F910F9186
:102110000C944B10CEBD00000DB407FEFDCF8EB564
:10212000DEBD00000DB407FEFDCFE8CFFC01EF5689
:10213000FF4F408160E00C945C108EBD00000DB438
:1021400007FEFDCF8EB50895CF92DF92EF92FF92FA
:102150000F931F93CF93DF938C01C62FD42EF52EB0
:10216000E22E80E591E00E94670AF80182818033C7
:1021700009F049C080910201877F809302018C2F72
:1021800080680E949D10CD2DDF2DF12C80E00E94F3
:102190009D10C82E80E00E949D10D82E80E00E94E5
:1021A0009D104C2D50E070E060E0BA0155274427A7
:1021B000480F511D611D711D8D2D90E0982F8827AE
:1021C000480F591F611D711D499359936993799364
:1021D000F394EF10DBCFF80182818033C1F480915A
:1021E00002018860809302010E944B108FE090E012
:1021F0000197F1F7DF91CF911F910F91FF90EF9031
:10220000DF90CF900895809102018F7EB6CF8091AC
:1022100002018061E7CF1F93CF93DF93EC0180E54C
:1022200091E00E94670A60E08F810E947B0B82E050
:102230000E949D1080E00E949D10182F61E08F8108
:102240000E947B0B0E944B10412F62E0CE01DF9178
:10225000CF911F910C945C102F923F924F925F92FE
:102260006F927F928F929F92AF92BF92CF92DF92A6
:10227000EF92FF920F931F93CF93DF93CDB7DEB70B
:10228000AA970FB6F894DEBF0FBECDBF1C0123E0A6
:10229000AE014F5F5F4F60E10E94A41089819A8177
:1022A000AB81BC81F101838B948BA58BB68B8D8127
:1022B0009E81AF81B885878F90A3A1A3B2A38985A2
:1022C0009A85AB85BC85878B908FA18FB28F22E0DA
:1022D000AE014F5F5F4F6BE1C1010E94A410A98066
:1022E000BA80CB80DC80D1019396AD92BD92CD9225
:1022F000DC9296974D805E806F8078844D865E86F6
:102300006F86788A97964D925D926D927C929A979D
:1023100053964D905D906D907C9056974BA25CA229
:102320006DA27EA257969C9057975896BC91B98FF4
:10233000F101818CE28C478C50A061A072A0E05921
:10234000FF4FF08001811281B381648175812F2D4F
:10235000302F412F5B2F86819781A0E00E94B954D6
:1023600009F08FC1998AF98DFA8B8B8AEC8AE090FB
:102370006B0BED8EF0906C0BFE8E80906D0B909041
:102380006E0B00916F0B0F8F1091700B18A32091A3
:10239000710B29A33091720B3AA3A3019201B701EB
:1023A000C4010E94DB52F101E858FF4F0081118106
:1023B000228133812B013C01401A510A620A730ABF
:1023C000498E5A8E6B8E7C8E709780819181A2810E
:1023D000B38120E432E44FE050E0281B390B4A0B74
:1023E0005B0B8091690B90916A0B01972C01990FFF
:1023F00066087708411451046104710421F4412CEA
:10240000512C320143946D857E858F8598896A1998
:102410007B098C099D090E944B5369014FA358A762
:1024200069A77AA75C01C301B20122E030E040E075
:1024300050E00E94275279018A01550F220B322F5A
:10244000A9012D873E874F87588B96014FA158A52C
:1024500069A57AA5C50157016801ED84FE2C0E2DF2
:102460001E2D0E94925463015201DD0CAA08BA2C61
:102470006501AD86BE86CF86D88A52016301ED84A0
:10248000FE2C0E2D1E2D0E9487532D873E874F87D1
:10249000588B4D845E846F84788845284628472869
:1024A00041F4412C512C320143944D865E866F8657
:1024B000788A8BA19CA1ADA1BEA149885A886B885E
:1024C0007C8884199509A609B7092C013D01770C70
:1024D0004408542C3201AD8CBE8C6401EF8CF8A002
:1024E00009A11AA19C01AD01642D742D842D942D98
:1024F0000E94F352722E832E942EB52FF62FE72FC3
:10250000582E692EA0E00E94B95409F453C04D859D
:102510005E856F85788976956795579547955A01B9
:102520006B01E12CF12C8701498BBA8A6B8BDC8A19
:10253000ED8AFE8A0F8B188F10E4A12E02E4B02ED4
:102540004FE0C42ED12CE12CF12C00E010E0492DFD
:102550005B2F6F2F7E2F0E94F35259016A017B017E
:102560008C0129893A894B895C8960E070E080E0C0
:1025700090E00E949254CD84DE84EF84F888560166
:102580006701E12CF12C8701A98ABA8ACB8ADC8AFF
:10259000ED8AFE8A0F8B188FE12CF12C00E010E001
:1025A0000E948753722E832E942EB52FF62FE72F7D
:1025B000582E692EC98CDA8CEB8CFC8CFF0CCC0865
:1025C000DC2C7601298D3A8D4B8D5C8D6C2D7C2D0C
:1025D0008C2D9C2DA72CB82CC92CDB2EEF2EFE2E7B
:1025E000052D162D0E949254152FC901A42FB12F2D
:1025F000A901BD01770F440B542FBA01F10183A744
:1026000094A7A5A716A747A740AB41AB42ABED5B8C
:10261000FF4F80839183A283B383C1010E940B117A
:10262000D1019B962C919B979C963C919C979D9653
:102630004C919D979E965C919E979F966C919F97CB
:10264000D0967C91D097D1968C91D197D2969C912F
:10265000AA960FB6F894DEBF0FBECDBFDF91CF9123
:102660001F910F91FF90EF90DF90CF90BF90AF90B0
:102670009F908F907F906F905F904F903F902F90A2
:102680000895F98A0A8B1B8BBC8B71CECF92DF9297
:10269000EF92FF920F931F93CF93DF93CDB7DEB7E7
:1026A0002C970FB6F894DEBF0FBECDBF8C010E94F1
:1026B0002C11D8019B962C939B979C963C939C97AE
:1026C0009D964C939D979E965C939E979F966C9338
:1026D0009F97D0967C93D097D1968C93D197D29692
:1026E0009C9369017A01C8010E94961085E589834F
:1026F0008AEA8A83F801E057FF4F80818B83F89440
:10270000F80173856485558546858785808981892B
:1027100082899B01CA0178943C832D839E838F8399
:10272000C886D986EA86FB86FE013396AE01445FF1
:102730005F4F80E06CE8E417F50781F091918927FD
:1027400098E0282F30E03595279580FF05C0822F2F
:1027500086279150B1F7EFCF822FFBCF8C8788E28D
:102760009CE00E94A20D0C97D4F34CE050E0BE0117
:102770006F5F7F4F88E29CE00E94A20CD8011B96FD
:102780007C911B971C966C911C971D965C911D97D4
:102790001E964C911E971F963C911F9750962C9118
:1027A000509751969C91519752968C915297F8015F
:1027B000E058FF4F708361835283438334832583C2
:1027C00096838783E554F109DB962C913181428110
:1027D00053816481758186819781A1E00E949B5419
:1027E000D801DB962C9331834283538364837583B2
:1027F0008683978381E02C960FB6F894DEBF0FBED8
:10280000CDBFDF91CF911F910F91FF90EF90DF909F
:10281000CF9008952F923F924F925F926F927F9246
:102820008F929F92AF92BF92CF92DF92EF92FF92E0
:102830000F931F93CF93DF93CDB7DEB764970FB697
:10284000F894DEBF0FBECDBF9A8B898B280139016A
:102850004A011B01DC019B968C919B97D3968C932C
:10286000D3979C968C919C97D4968C93D4979D9655
:102870008C919D97D5968C93D5979E968C919E978B
:10288000D6968C93D6979F968C919F97D7968C933C
:10289000D797D0968C91D097D8968C93D897D1967D
:1028A0008C91D197D9968C93D997D2968C91D297B7
:1028B000DA968C93DA97AC5ABF4FE989FA89E85BCC
:1028C000FF4FFC83EB838CE001900D928A95E1F73A
:1028D00089899A890E942C11A989BA899B962C937F
:1028E0009B979C963C939C979D964C939D979E9608
:1028F0005C939E979F966C939F97D0967C93D0976E
:10290000D1968C93D197D2969C93D297CD010E9469
:102910009610F894E989FA8923853485458556858A
:102920006785708981899289E058FF4FA080B180C6
:10293000C280D380E480F5800681178120833183B3
:1029400042835383648375838683978378940E943C
:10295000A75452016301740181010E94F352A989B5
:10296000BA899B96AC909B979C96BC909C979D96A1
:10297000CC909D979E96DC909E979F96EC909F970B
:10298000D096FC90D097D1960C91D197D2961C916D
:10299000D2970E94A754D396AC90D397D496BC906C
:1029A000D497D596CC90D597D696DC90D697D796D7
:1029B000EC90D797D896FC90D897D9960C91D99748
:1029C000DA961C910E949254522E632E742E852EFC
:1029D000962E7983482EB92FA0E00E94B9540CF4AA
:1029E00052C0E989FA89E45BFF4FA080B180C280C0
:1029F000D380E480F580068117810E949254208361
:102A00003183428353836483758386839783E08015
:102A1000F18002811381C480D580B681B78097018F
:102A2000A801B6018B2F9B2D2F3FAFE03A07A5EAF7
:102A30004A07A4ED5A07A8EE6A07710581059105BA
:102A400009F008F475C03051454A544D684E71097B
:102A50008109910920833183428353836483758381
:102A600086839783AB81BC814D915D916D917C9103
:102A700013974F5F5F4F6F4F7F4F4D935D936D93F4
:102A80007C931397C4CF7981842D9B2F0E9415547A
:102A900029873A874B875C876D877E878F87988BDE
:102AA00029883A88ECE42E0E311CF101F081FB8B71
:102AB000F101F181FC8BF101A281F381FA83F10133
:102AC000F481FD83F101F581FE83F101F681FF833D
:102AD000F101F781F887AB88BC88CA2EDA80ED80D7
:102AE000FE800F811F2F0E94B05411F008F05BC0D0
:102AF000252D362D472D582D692D7981842D9B2F1D
:102B00000E949254D1012C9311963C9311971296E6
:102B10004C93129713965C93139714966C93149797
:102B200015967C93159716968C93169717969C93EB
:102B3000E989FA89E95BFF4F81E08083E989FA89B5
:102B4000FB96A989BA89DB962C9131814281538108
:102B50006481758186819781A1E00E949B54A98937
:102B6000BA89DB962C9331834283538364837583C4
:102B70008683978364960FB6F894DEBF0FBECDBFF1
:102B8000DF91CF911F910F91FF90EF90DF90CF9049
:102B9000BF90AF909F908F907F906F905F904F907D
:102BA0003F902F90089529853A854B855C856D85EA
:102BB0007E858F859889AB88BC88DA80ED80FE8021
:102BC0000F8118850E94A75429013A014B0189837E
:102BD0009A83A12C20E1B22E35EAC32E44EDD42EE7
:102BE00058EEE52EF12C00E010E09201A3010E94C6
:102BF000B853A1E00E949B5459016A01EB81FC810A
:102C000080819181A281B3818A199B09AC09BD0998
:102C100080839183A283B383A12C60E1B62E75EAF1
:102C2000C72EE4EDDE2EF8EEEF2EF12C00E010E0E2
:102C30009201A301B40189819A810E94B65359017E
:102C40006A017B018C0120E030E145EA54ED68EE39
:102C500070E080E090E00E94A75454CFCF93DF93C0
:102C6000EC010E940B11FE01EF56FF4F40814E7F99
:102C700060E0CE010E945C106AE070E080E090E0CD
:102C80000E94160CCE010E940B11CE010E949610DC
:102C90001B8A1C8A1D8A1E8A1F8A188E198E1A8EFC
:102CA0001B8E1C8E1D8E1E8E1F8E18A219A21AA29C
:102CB0001BA21CA21DA21EA21FA218A619A61AA61C
:102CC0001BA61CA61DA61EA61FA618AA19AA1AAAEC
:102CD0001BAA1CAA1DAA1EAA1FAA18AE19AE1AAEBC
:102CE000FE01ED5BFF4F1082118212821382349637
:102CF00010823196108211821282138234961082D1
:102D000011821282138214821582168217823896DB
:102D100010821182128213823496108211821282E2
:102D200013821482158216821782B896108211823D
:102D300012821382148215821682178238961082AC
:102D4000118212821382C457DF4F188219821A82AD
:102D50001B82DF91CF9108952F923F924F925F9205
:102D60006F927F928F929F92AF92BF92CF92DF929B
:102D7000EF92FF920F931F93CF93DF93CDB7DEB700
:102D80002C970FB6F894DEBF0FBECDBF29833A83D0
:102D90004B835C836D837E838F8398871801FA86CB
:102DA000E98680EAA82E97EFB92E66ECC62E70E170
:102DB000D72EE12CF12C00E010E060E070E080E024
:102DC00090E00E94F35200E10E94775429013A01F9
:102DD0004B018C879B8729813A814B815C816D8176
:102DE0007E818F81988500E20E94775400E00E94E6
:102DF000F35200E10E945C5459016A017B018C018D
:102E00009201A301B4018C859B850E94925400E23B
:102E10000E947754422E532E642E752EA3019201E8
:102E200060E472E48FE090E00E94DB5229813A81F5
:102E30004B815C81261B370B480B590BDA01C9010A
:102E4000803432E493073FE0A307B10548F04FEF29
:102E5000441A540A640A740A80549244AF40B10977
:102E6000F1014082518262827382E985FA85808312
:102E70009183A283B3832C960FB6F894DEBF0FBE66
:102E8000CDBFDF91CF911F910F91FF90EF90DF9019
:102E9000CF90BF90AF909F908F907F906F905F90FA
:102EA0004F903F902F900895DB0141505109FC0154
:102EB0002491222349F00196FD01E61BF70BE4174C
:102EC000F50710F42D93F3CF1C920895CF93DF9361
:102ED000DC01FB01EA018991AE0120813181882367
:102EE000E1F022303105C8F02D913C911197C901D4
:102EF000019611969C938E93CE010197EC018881E7
:102F0000E9018883CD91DC9111971882208131816C
:102F10002150310931832083DDCF81E0223031051A
:102F200008F480E0DF91CF9108954F925F926F9205
:102F30007F92AF92BF92CF92DF92EF92FF920F9368
:102F40001F93CF93DF9300D000D000D01F921F9229
:102F5000CDB7DEB78C017B0157FF21C0DB018D911E
:102F60009C91029708F457C0D801ED91FC911197FC
:102F7000CF01019611969C938E938DE28083ED9103
:102F8000FC911082FB018081918101979183808364
:102F900050954095309521953F4F4F4F5F4FCA0157
:102FA000B9011B866E01FBE0CF0ED11C2AE0422E38
:102FB000512C612C712C9E012F5F3F4F5901A301B1
:102FC00092010E945952605DD6016E936D01B90164
:102FD000CA01611571058105910519F0AA16BB0694
:102FE00071F7A601B701C8010E9466172B960FB6AC
:102FF000F894DEBF0FBECDBFDF91CF911F910F912F
:10300000FF90EF90DF90CF90BF90AF907F906F9048
:103010005F904F90089580E0E9CFCF93DF93EC016C
:10302000DB012D913C91119722303105D0F0FA014E
:1030300084914F5F5F4F8823A1F0E881F9819F0160
:103040002F5F3F4F398328838083E881F981108285
:103050002D913C9111972150310911963C932E935B
:10306000E0CF81E02230310508F480E0DF91CF919C
:103070000895AF92BF92CF92DF92EF92FF920F939B
:103080001F9380917C0B81116FC02091980E30911D
:10309000990E40919A0E50919B0E60919C0E7091EA
:1030A0009D0EA090110EB090120EC090130ED090F5
:1030B000140EE090150EF090160E0091170E109160
:1030C000180E80919E0E90919F0E0E94B05409F0B0
:1030D0004BC02091A00E3091A10E4091A20E5091B4
:1030E000A30E6091A40E7091A50EA090190EB09041
:1030F0001A0EC0901B0ED0901C0EE0901D0EF0908A
:103100001E0E00911F0E1091200E8091A60E909120
:10311000A70E0E94B05441F52091A80E3091A90E3F
:103120008091210E9091220E28173907E9F4909191
:10313000B50E80912E0E981317C09091B60E809107
:103140002F0E981311C081E02091B00E9091290E9E
:10315000291301C080E01F910F91FF90EF90DF9045
:10316000CF90BF90AF90089581E0F5CF87E8E2E778
:10317000FEE0ABEEBDE001900D928A95E1F7109272
:103180000D0B0895082E000C990B0E94580E88E232
:103190009CE00C94620ECF92DF92EF92FF920F931D
:1031A0001F93CF93DF938C016B01D0E0C0E088E2E6
:1031B0009CE00E94D30D892B39F461E070E080E03F
:1031C00090E00E94160CF3CF88E29CE00E94B10DC3
:1031D0008D309105B1F4209731F08DE00E94C21836
:1031E0008AE00E94C218F801EC0FFD1F1082CE0188
:1031F000DF91CF911F910F91FF90EF90DF90CF90D3
:1032000008958A30910539F38830910519F08F3788
:10321000910569F4209759F2219788E00E94C2181D
:1032200080E20E94C21888E00E94C218C0CF7E01CE
:103230002FEFE21AF20AEC14FD0408F0B8CFC00F29
:10324000D11F88830E94C218E701B1CF9EEF980F6B
:10325000923008F4A5C09EEE980F943008F4A0C0F8
:1032600090E0FC01EB5AFC4E2491FC01E15FFC4E26
:103270003491433009F038C0323031F54091850A3D
:10328000422B4093850A835D9B4FFC01A491323011
:1032900009F043C0B0E0AA0FBB1FAC58B54F6D9307
:1032A0007C93E9EFF2E1A591B4918C918093860A29
:1032B0008BE690E09093630A8093620A80916800A5
:1032C0008160809368004AC03A3031F44091970A97
:1032D000422B4093970AD7CF3B30A9F64091AA0AD8
:1032E000422B4093AA0ACFCF323031F44091840A66
:1032F000422B4093840AC7CF3A3031F44091960A6A
:10330000422B4093960ABFCF3B3009F0BCCF40918F
:10331000A90A422B4093A90AB6CF3A3039F5B0E05A
:10332000AA0FBB1FA957B54F6D937C93E9E0F3E15A
:10333000A591B4918C918093980A8CE690E090933B
:10334000630A8093620A80916800826080936800BB
:103350008091950A822B8093950A220FA091620A90
:10336000B091630AEC912E2B2C9308953B30B1F76A
:10337000B0E0AA0FBB1FA756B54F6D937C93EBE04F
:10338000F3E1A591B4918C918093AB0A8DE690E026
:103390009093630A8093620A80916800846091CF61
:1033A0009FB7F894833069F18231A1F0823039F50A
:1033B00070936D0A60936C0AEC9880916A008C7F20
:1033C00080936A0080916A00482B40936A00E49AD7
:1033D000EC9A15C070936B0A60936A0AEB9880911F
:1033E00069008F738093690080916900F0E44F9FBA
:1033F000A0011124482B40936900E39AEB9A9FBFE8
:10340000089570936F0A60936E0AED9880916A0038
:10341000837F80936A0080916A0024E0429FA0012C
:103420001124482B40936A00E59AED9AE8CFFC01FD
:1034300001900020E9F73197AF01481B590BBC01FF
:1034400088E29CE00C94A20CCF93DF93D0E0C0E024
:10345000009719F00E94171AEC0182E492E00E9492
:10346000171A8C0F9D1FDF91CF9108950C94171A96
:1034700085E492E00E94361A8DE193E00E94361AAC
:1034800088E29CE00C94620ECF93DF93EC0185E41C
:1034900092E00E94361ACE010E94241A88E29CE033
:1034A000DF91CF910C94620E0F931F93CF93DF9314
:1034B000CDB7DEB7C458D1090FB6F894DEBF0FBE42
:1034C000CDBF19828E010F5F1F4FCF57DF4F19837A
:1034D0000883C158D04080E890E0CD57DF4F9983F2
:1034E0008883C358D04048E452E0BE016D577F4FF7
:1034F000CE018F579F4F0E9466174FE152E0BE01E9
:103500006D577F4FCE018F579F4F0E9466174BE537
:1035100052E0BE016D577F4FCE018F579F4F0E94E3
:10352000661747E152E0BE016D577F4FCE018F57BE
:103530009F4F0E946617CD57DF4F88819981C358EE
:10354000D040029720F1CF57DF4FE881F981C15871
:10355000D040CF010196CF57DF4F99838883C15860
:10356000D04089E28083CF57DF4FE881F981C1588D
:10357000D0401082CD57DF4F88819981C358D04009
:103580000197CD57DF4F99838883C358D0404EE5CC
:1035900052E0BE016D577F4FCE018F579F4F0E9463
:1035A00066174EE45BE0BE016D577F4FCE018F572B
:1035B0009F4F0E946617C8010E94441A81E0CC57B1
:1035C000DF4F0FB6F894DEBF0FBECDBFDF91CF91B6
:1035D0001F910F91089584E492E00E94441A84E4BC
:1035E00092E00E94441A81E00895CF93DF93CDB713
:1035F000DEB7C058D1090FB6F894DEBF0FBECDBFFD
:1036000084E492E00E94441A40E850E0BE016F5FFB
:103610007F4F8EE999E00E945417CE0101960E94D7
:10362000441A40E850E0BE016F5F7F4F80E999E0A7
:103630000E945417CE0101960E94441A40E850E0BF
:10364000BE016F5F7F4F81E899E00E945417CE0161
:1036500001960E94441A40E850E0BE016F5F7F4F20
:1036600082E799E00E945417CE0101960E94441A05
:1036700040E850E0BE016F5F7F4F83E699E00E9413
:103680005417CE0101960E94441A40E850E0BE0152
:103690006F5F7F4F89E499E00E945417CE01019635
:1036A0000E94441A40E850E0BE016F5F7F4F89E3FB
:1036B00099E00E945417CE0101960E94441A84E4B6
:1036C00092E00E94441AC058DF4F0FB6F894DEBF54
:1036D0000FBECDBFDF91CF9108950F931F93CF936E
:1036E000DF938C0185E492E00E94361AE801FE0126
:1036F00084912196882331F0082E000C990B0E94AA
:10370000580EF5CF82E492E00E94171A88E29CE0FE
:10371000DF91CF911F910F910C94620E80917C0BE1
:10372000811123C00E943918882351F08FE495E05D
:103730000E946D1B68EE73E080E090E00C94160C24
:1037400080910D0B882371F08BED95E00E946D1B2D
:1037500010920D0B85EB95E00E946D1B84E895E0BF
:103760000C946D1B85EB95E0FBCF0895CF93DF9311
:103770009C01D9019C912F5F3F4F9032D1F399303A
:10378000C1F3FD0101900020E9F73197EF01AE1779
:10379000BF0728F482918032C9F38930B9F31882C7
:1037A000CD01DF91CF910895CF93C82F86EA9BE09A
:1037B0000E94441A87E294E10E946D1B84E492E027
:1037C0000E94441AC11107C089E194E10E946D1B57
:1037D00081E0CF91089588E094E10E946D1B84EF11
:1037E00093E10E946D1B0E94381A88E29CE00E94BF
:1037F000D30D181619062CF488E29CE00E94B10D36
:10380000F4CF60E270E086E89BE00E94CB1886E887
:103810009BE00E94B61BFC0180818233A9F681EEF9
:1038200093E10E946D1B80E0D4CF8F929F92AF9264
:10383000BF92CF92DF92EF92FF920F931F93CF939D
:10384000DF93CDB7DEB7A1970FB6F894DEBF0FBEFA
:10385000CDBF6C01990FEE08FF08F7FE3FC08DE267
:103860000E945D0E8C0122273327A9012C193D09E6
:103870004E095F0919A2CE0181967C019AE0892E3A
:10388000912CA12CB12CCA01B901A50194010E946F
:103890005952605DF70162937F01211531054105A1
:1038A000510589F790E080E0309719F0CF010E9430
:1038B000171A800F911FA1960FB6F894DEBF0FBEA6
:1038C000CDBFDF91CF911F910F91FF90EF90DF90CF
:1038D000CF90BF90AF909F908F900895A7019601D1
:1038E00019A28E010F5D1F4F8AE0C82ED12CE12C4A
:1038F000F12CCA01B901A70196010E945952605DDD
:10390000F80162938F01211531054105510589F7B1
:1039100090E080E0309779F2CF010E94171ACBCF68
:10392000EF92FF920F931F93CF93DF938B010C5F66
:103930001F4FEB017C01E61AF70AC7018C0F9D1F90
:103940000E9411528993C017D107B9F784E090E023
:10395000DF91CF911F910F91FF90EF9008952F92DB
:103960003F924F925F926F927F928F929F92AF920F
:10397000BF92CF92DF92EF92FF920F931F93CF935C
:10398000DF9300D01F921F92CDB7DEB76B015D832E
:103990004C8323ED3DE442E650E10E945A5306E297
:1039A0000E947754190128EE33E0229EC001239E25
:1039B000900D329E900D11249601281B390B3A83ED
:1039C00029838DECA82E9CECB92E2CECC22E3CEC5D
:1039D000D32EE12CF12C00E010E0910140E050E00A
:1039E00060E070E080E090E00E94F35203E20E9409
:1039F00077542B83E981FA8100E09F0140E050E099
:103A000060E070E080E090E00E94F35203E20E94E8
:103A10007754122FFB816F2F70E0660F771F6F5264
:103A20007E4E42E050E08C819D810E94CD4D20E38E
:103A3000220E0AE03B81309F20181124EC81FD8189
:103A40002282612F70E0660F771F6F527E4E42E038
:103A500050E0CF0103960E94CD4D8981805D109F7B
:103A600080191124EC81FD8185830F900F900F90B8
:103A70000F900F90DF91CF911F910F91FF90EF90DA
:103A8000DF90CF90BF90AF909F908F907F906F907E
:103A90005F904F903F902F9008952F923F924F92BA
:103AA0005F926F927F928F929F92AF92BF92CF92CE
:103AB000DF92EF92FF920F931F93CF93DF93CDB7D7
:103AC000DEB76B970FB6F894DEBF0FBECDBF1C01FB
:103AD0005E8B4D8B822E452B09F4DFC18091600BEC
:103AE000882341F090900102F0900002011113C070
:103AF000F12C14C08091AE0E9091AF0E6CE0962E1A
:103B00008D3091051CF497FD80E0982EF12C002358
:103B100051F0F090AC0E29E02F1550F38CE0891590
:103B200010F45CE0952EAD89BE894D905D906D904E
:103B30007C90810177FE0DC00F5F1F4F8DE2F10178
:103B400080837094609450944094411C511C611C7B
:103B5000711C498A5A8A6B8A7C8A8FEF8F0D893053
:103B600008F0DEC08F2D90E0988F8F8BFC01EE0F58
:103B7000FF1FEE0FFF1FE756FD4E25913591459132
:103B80005491C301B2010E945952B62EE72E6C0126
:103B9000698FA72E8A8FDB8E4AE0442E512C612C30
:103BA000712CA30192010E945952605D698B92E0D1
:103BB000F91279C0205DD8012C9311966C9368019D
:103BC000F2E0CF0ED11CED89FE89992069F1260122
:103BD000BFEF4B1A5B0A8EE2D6018C9324813581AC
:103BE000468157816085718582859385BCE09B12F3
:103BF00016C1FE0131967F018E01035F1F4F0E94A7
:103C0000AC166D857E858F859889A2010E94AF1CB8
:103C1000A601495F5F4F69817A818B819C810E94F7
:103C2000AF1CFDE0CF0ED11C882D8F7D09F42CC177
:103C300080E2D6018C9383E611968C93119788E6E7
:103C400012968C93129713968C9213978DE014967C
:103C50008C9314978AE015968C93B6E0CB0ED11C0A
:103C6000860102191309A801B10188E29CE00E94B3
:103C7000A20CC8016B960FB6F894DEBF0FBECDBF85
:103C8000DF91CF911F910F91FF90EF90DF90CF9038
:103C9000BF90AF909F908F907F906F905F904F906C
:103CA0003F902F90089523E0F2121AC06B2D7E2DC5
:103CB000C60124E630E040E050E00E945952205D09
:103CC000D8012C93A30192010E945952205DF80162
:103CD000218329892283680183E0C80ED11C73CF18
:103CE000CF88D88CC00ED11E76012AE0422E512CEE
:103CF000612C712C91E0E91AF108698D7A2D8A8D79
:103D00009B8DA30192010E945952605DD7016C9373
:103D1000298FA32E4A8F5B8F0E151F0559F753CF9E
:103D2000BAE04B165104610471044CF46801EFEFE2
:103D3000CE1ADE0A80E3840DD8018C9344CF8AE04A
:103D4000A82EB12CC12CD12CC301B201A601950122
:103D50000E94595290E3F92EF60EB4E64B16510428
:103D6000610471045CF4205DF80120836801F2E0D5
:103D7000CF0ED11CD8011196FC9225CFB8EE4B1670
:103D8000B3E05B0661047104D0F4C301B20124E620
:103D900030E040E050E00E945952205DF80120835D
:103DA000A60195010E945952205DD80111962C93CD
:103DB0006801B3E0CB0ED11CF801F28204CFCE0132
:103DC00001965C01D12CC12C7C019FEFC91AD90A44
:103DD00069897A898B899C892AE030E040E050E04B
:103DE0000E945952605DD5016D935D01298B3A8B1C
:103DF0004B8B5C8B89899A89AB89BC89892B8A2BEF
:103E00008B2B19F7F801C601019730F0D701A80FE5
:103E1000B91F2C912193F8CFC00ED11ED4CE692C9E
:103E2000712CA6E0A91598F0FE013D967F018E0148
:103E30000F5F1F4F0E94AC1669817A818B819C8134
:103E4000A2010E94AF1C6201C60CD71CEDCEDE01A0
:103E50001D967D018E010F5F1F4F0E94AC16698178
:103E60007A818B819C81A2010E94AF1CB7E0CB0EAE
:103E7000D11C6D857E858F859889A6010E94AF1C17
:103E8000E6E06E1A7108E0CF8DE0F60180838AE0EB
:103E90008183F2E0CF0ED11CE3CE0FEF1FEFE9CE0E
:103EA000CF92DF92EF92FF920F931F93CF93DF9306
:103EB0001F921F92CDB7DEB78B01BE016F5F7F4FA0
:103EC0000E94664C6B017C01E981FA81808181113D
:103ED0002CC020E030E0A901C701B6010E94444E89
:103EE00087FD23C029EA3FE543E658E5C701B6014F
:103EF0000E94D6521816CCF0C701B6010E948A5211
:103F0000F8012083318342835383648375838683DE
:103F1000978381E00F900F90DF91CF911F910F91C8
:103F2000FF90EF90DF90CF90089580E0F3CFEF9275
:103F3000FF920F931F93CF93DF937C018B01D0E00F
:103F4000C0E0F80161918F01C7018C0F9D1F0E9495
:103F500019522196C430D105A1F784E090E0DF9199
:103F6000CF911F910F91FF90EF900895CF93DF9322
:103F700084E890E10E946D1B84E492E00E94441A60
:103F80008CE690E10E946D1B0E94381A60E870E098
:103F900086EA9BE00E94CB1886EA9BE00E94B61B53
:103FA0006FE672E00E94EC54EC01892BA9F48AE3DD
:103FB00090E10E946D1B6FEFCE010E941952219675
:103FC000C11580E1D807B9F78CE190E10E946D1B23
:103FD00080E0DF91CF91089584E590E10E946D1B10
:103FE00081E0F7CFEF92FF920F931F93CF93DF9370
:103FF0007C018B01D0E0C0E0F80161918F01C70125
:104000008C0F9D1F0E9419522196C738D105A1F728
:1040100087E890E0DF91CF911F910F91FF90EF9093
:1040200008951F93CF93DF9300D000D01F921F926B
:10403000CDB7DEB7142F62E77EE090E080E00E940B
:10404000F21F10920D0B83EE9FE00E946D1B112357
:10405000F1F184E492E00E94441A85EC9FE00E9412
:104060006D1B80EB9FE00E946D1B89E89FE00E9422
:104070006D1B84E492E00E94441A0E94381A68E0A2
:1040800070E0CE0101960E94CB18CE0101960E94ED
:10409000B61B63E772E00E94EC54892B79F481E04F
:1040A00080937C0B10E0812F28960FB6F894DEBF2A
:1040B0000FBECDBFDF91CF911F91089587E69FE09E
:1040C0000E946D1B8EE39FE00E946D1BECCF81E090
:1040D00080937C0BE8CFCF93DF93CDB7DEB7C75883
:1040E000D1090FB6F894DEBF0FBECDBF8233B1F059
:1040F0008333B9F0813309F054C18EE191E10E941C
:104100006D1B10920D0B80E0C957DF4F0FB6F8946E
:10411000DEBF0FBECDBFDF91CF91089583EF90E159
:10412000EECF8CE0898341E150E06FE172E0CE0197
:1041300002960E94FC5484E48B8B41E150E06EE4D3
:104140007BE0CE0144960E94FC541DA21EA280E892
:104150008FA386E988A788E989A71AA61BA61CA6AB
:104160001DA61EA61FA681EE88AB85EF89AB85E054
:104170008AAB1BAA1CAA1DAA1EAA84E190E098AFD4
:104180008FAB85E090E09AAF89AF1CAE1BAE8BE0A1
:1041900090E09EAF8DAF80E58FAF80E092ECA1E024
:1041A000B0E024968CAF9DAFAEAFBFAF249781E453
:1041B00027968FAF279782E428968FAF2897299666
:1041C0001FAE29972A961FAE2A972B961FAE2B97C4
:1041D0002C961FAE2C972D961FAE2D972E961FAEA8
:1041E0002E972F961FAE2F9760961FAE6097619601
:1041F0001FAE619762961FAE629763961FAE63977C
:1042000064961FAE649765961FAE659766961FAE5F
:10421000669767961FAE679768961FAE689782E5A8
:1042200025968FAF259726968FAF269794EC6996A3
:104230009FAF699789E06A968FAF6A976B961FAEBA
:104240006B976C961FAE6C976D961FAE6D976E96C2
:104250001FAE6E976F961FAE6F97A0961FAEA0977A
:10426000A1969FAFA197A2968FAFA297A3961FAEDC
:10427000A397A4961FAEA497A5961FAEA597A69642
:104280001FAEA697A7961FAEA797A8961FAEA89792
:10429000A9961FAEA997AA961FAEAA97AB961FAE76
:1042A000AB97AC961FAEAC97AD961FAEAD97AE96E2
:1042B0001FAEAE97AF961FAEAF97E0961FAEE097DA
:1042C000E1961FAEE197E2961FAEE297E3961FAE2E
:1042D000E397E4961FAEE497E5961FAEE597E69662
:1042E0001FAEE697E7961FAEE797E8961FAEE897F2
:1042F000E9961FAEE997EA961FAEEA97EB961FAED6
:10430000EB97EC961FAEEC97ED961FAEED97EE9601
:104310001FAEEE97EF961FAEEF97C158DF4F188292
:10432000CF57D040C058DF4F1882C058D040CF5729
:10433000DF4F1882C158D040CE57DF4F1882C25885
:10434000D040CD57DF4F1882C358D040CC57DF4FF5
:104350001882C458D040CB57DF4F1882C558D04080
:10436000CA57DF4F1882C658D040C957DF4F18824E
:10437000C758D04087E8FE013196A2E7BEE0019021
:104380000D928A95E1F762E77EE090E080E00E947E
:10439000F21F83ED90E10E946D1B81E080937C0B06
:1043A000B2CE81E0B1CE2F923F924F925F926F9248
:1043B0007F928F929F92AF92BF92CF92DF92EF92B5
:1043C000FF920F931F93CF93DF93CDB7DEB7C758FC
:1043D000D1090FB6F894DEBF0FBECDBF84E492E0E2
:1043E0000E94441A40E850E09E012F5F3F4F490170
:1043F000B90184E99AE00E945417C4010E94441A4A
:1044000040E850E0B40182E79AE00E94541782E746
:10441000682E8EE0782EF30126A037A040A451A488
:10442000F2A5CD57DF4FF883C358D040F301F3A571
:10443000CC57DF4FF883C458D040F301F4A5CB57D5
:10444000DF4FF883C558D040F301F5A5CA57DF4FB9
:10445000F883C658D040F40101900020E9F7319765
:104460009F0128193909CF57DF4F39832883C15855
:10447000D04090E4A92E22E4B22E3FE0C32ED12CEE
:10448000E12CF12C00E010E09101A201CD57DF4FAB
:104490006881C358D040CC57DF4F7881C458D04092
:1044A000CB57DF4F8881C558D040CA57DF4F98811E
:1044B000C658D0400E9485535F934F933F932F93EC
:1044C0009101A201CD57DF4F6881C358D040CC572E
:1044D000DF4F7881C458D040CB57DF4F8881C55813
:1044E000D040CA57DF4F9881C658D0400E948753AA
:1044F0005F934F933F932F9385E792E09F938F9322
:1045000040E8442E512CC201CF57DF4FE881F9819A
:10451000C158D0408E1B9F0B9F938F93CF01880D66
:10452000991D9F938F930E940B55C4010E94441ABA
:1045300040E850E0B40181E59AE00E945417F3018D
:1045400026A437A4F0A9CF57DF4FF883C158D04035
:10455000F301F1A9CD57DF4FF883C358D040F301E1
:10456000F2A9CC57DF4FF883C458D040F301F3A928
:10457000CB57DF4FF883C558D040F301F4A9CA5791
:10458000DF4FF883C658D040F301F5A9C957DF4F74
:10459000F883C758D040F40101900020E9F7319723
:1045A0003F01681879089101CF57DF4F4881C15802
:1045B000D040CD57DF4F5881C358D040CC57DF4F44
:1045C0006881C458D040CB57DF4F7881C558D04060
:1045D000CA57DF4F8881C658D040C957DF4F9881EE
:1045E000C758D0400E9485535F934F933F932F93BA
:1045F0009101CF57DF4F4881C158D040CD57DF4F91
:104600005881C358D040CC57DF4F6881C458D04040
:10461000CB57DF4F7881C558D040CA57DF4F8881CC
:10462000C658D040C957DF4F9881C758D0400E9424
:1046300087535F934F933F932F9384E892E09F9328
:104640008F93C201861997099F938F93C401860D9A
:10465000971D9F938F930E940B55C4010E94441A8B
:1046600040E850E0B40186E29AE00E945417F40159
:1046700001900020E9F73197CF0188199909E1EC01
:10468000FEE023812F9322812F9321812F9320817C
:104690002F93E9EBFEE023812F9322812F93218139
:1046A0002F9320812F9304E912E01F930F9392011F
:1046B000281B390B3F932F93880D991D9F938F9340
:1046C0000E940B550FB6F894DEBF0FBECDBFC401DC
:1046D0000E94441A40E850E0B40182E09AE00E944F
:1046E0005417F40101900020E9F73197CF018819A0
:1046F0009909E1EDFEE023812F9322812F932181FF
:104700002F9320812F93E9ECFEE023812F932281C8
:104710002F9321812F9320812F931F930F93920129
:10472000281B390B3F932F93880D991D9F938F93CF
:104730000E940B55C4010E94441A40E850E0B401A5
:104740008EED99E00E945417F40101900020E9F7E2
:104750003197CF0188199909E1EEFEE023812F936B
:1047600022812F9321812F9320812F93E9EDFEE069
:1047700023812F9322812F9321812F9320812F93A7
:104780001F930F939201281B390B3F932F93880D92
:10479000991D9F938F930E940B55C4010E94441A48
:1047A00040E850E0B4018EEB99E00E945417F40108
:1047B00001900020E9F73197CF0188199909E1EFBD
:1047C000FEE023812F9322812F9321812F9320813B
:1047D0002F93E9EEFEE023812F9322812F932181F5
:1047E0002F9320812F931F930F93481A590A5F929A
:1047F0004F92880D991D9F938F930E940B550FB672
:10480000F894DEBF0FBECDBFC4010E94441A84E4F9
:1048100092E00E94441AC957DF4F0FB6F894DEBFEA
:104820000FBECDBFDF91CF911F910F91FF90EF9001
:10483000DF90CF90BF90AF909F908F907F906F90C0
:104840005F904F903F902F900895CF93DF93CDB717
:10485000DEB7C058D1090FB6F894DEBF0FBECDBF8A
:1048600084E492E00E94441A40E850E0BE016F5F89
:104870007F4F8EE299E00E945417CE0101960E946C
:10488000441A40E850E0BE016F5F7F4F8FE199E02E
:104890000E945417CE0101960E94441A40E850E04D
:1048A000BE016F5F7F4F89E099E00E945417CE01EF
:1048B00001960E94441A40E850E0BE016F5F7F4FAE
:1048C00083EF98E00E945417CE0101960E94441A8B
:1048D00040E850E0BE016F5F7F4F89ED98E00E9495
:1048E0005417CE0101960E94441A40E850E0BE01E0
:1048F0006F5F7F4F8DEC98E00E945417CE010196B8
:104900000E94441A40E850E0BE016F5F7F4F89EB80
:1049100098E00E945417CE0101960E94441A40E884
:1049200050E0BE016F5F7F4F8EEA98E00E945417FF
:10493000CE0101960E94441A40E850E0BE016F5F2C
:104940007F4F8DE998E00E945417CE0101960E9496
:10495000441A84E492E00E94441A40E850E0BE0108
:104960006F5F7F4F8EE898E00E945417E091960E9B
:1049700066E878E0E83038F4F0E0EE0FFF1FE95F1A
:10498000FD4F60817181CE0101960E94D64DCE010E
:1049900001960E94441A84E492E00E94441AC0588E
:1049A000DF4F0FB6F894DEBF0FBECDBFDF91CF91C2
:1049B00008952F923F924F925F926F927F928F92C3
:1049C0009F92AF92BF92CF92DF92EF92FF920F939E
:1049D0001F93CF93DF93CDB7DEB764970FB6F894EC
:1049E000DEBF0FBECDBF29833A834B835C836987CB
:1049F0007A878B879C872AA52D833BA53E838CA530
:104A00008F83EDA5E887FEA5FD872FA52E8738A902
:104A10003F8789A9888B2AA83BA84CA85DA8EEA946
:104A2000E98BFFA9FA8B28AD2B8B39AD3C8B6AAC97
:104A30007BAC8CAC9DAC8EAD9FAD5F924F923F92A4
:104A40002F92E885EF93FF81FF932E812F933D8175
:104A50003F93DF92CF92BF92AF92EC81EF93FB81B5
:104A6000FF932A812F9339813F939F938F938DEFEB
:104A700095E09F938F9386EA9BE09F938F930E948C
:104A8000144E86EA9BE00E94441A84E492E00E945D
:104A9000441A88E094E10E946D1B84EF93E10E9428
:104AA0006D1B0E94381A60E870E086EA9BE00E9465
:104AB000CB1886EA9BE00E94B61B0FB6F894DEBFC7
:104AC0000FBECDBFFC012081223309F043C001900D
:104AD0000020E9F79F012250310928173907D1F545
:104AE0002981F30120833A8131838B8182832C8158
:104AF0002383398534838A8585832B8526833C856A
:104B00003783F401A082B182C282D382E482F5822B
:104B10000683178310920D0B81EE93E10E946D1BAB
:104B200080E064960FB6F894DEBF0FBECDBFDF9174
:104B3000CF911F910F91FF90EF90DF90CF90BF909A
:104B4000AF909F908F907F906F905F904F903F902D
:104B50002F9008952D81F30120833E8131838F8131
:104B60008283288523833D8534838E8585832F85A5
:104B7000268338893783F40120823182428253822E
:104B8000298924833A8935838B8986832C892783D5
:104B900089E194E10E946D1B81E0C3CFCF92DF9247
:104BA000EF92FF920F931F93CF93DF93CDB7DEB7B2
:104BB000C058D1090FB6F894DEBF0FBECDBF84E454
:104BC00092E00E94441A40E850E08E010F5F1F4FB0
:104BD000B8018DE698E00E945417C8010E94441A5B
:104BE00040E850E0B80187E598E00E945417E09152
:104BF000960E66E878E0E83038F4F0E0EE0FFF1F3C
:104C0000E95FFD4F60817181C8010E94D64D67EA5E
:104C100077E0C8010E94D654C8010E94441A40E8B7
:104C200050E0B80180E398E00E945417E091AC0E88
:104C3000F091AD0E1E161F060CF478C165E776E004
:104C40008DEE9AE00E94E14DF80101900020E9F715
:104C50003197E01BF10B8DEE9AE09F938F9380913B
:104C6000AD0E8F938091AC0E8F938DE992E09F9360
:104C70008F9380E8E82EF12CC7018E1B9F0B9F932A
:104C80008F93E00FF11FFF93EF930E940B55C80124
:104C90000E94441A40E850E0B80189E098E00E9480
:104CA0005417F80101900020E9F73197E01BF10B50
:104CB0008091AF0E8F938091AE0E8F9383EA92E036
:104CC0009F938F93C7018E1B9F0B9F938F93E00F32
:104CD000F11FFF93EF930E940B55C8010E94441AE5
:104CE00040E850E0B80186EE97E00E945417F801C2
:104CF00001900020E9F73197E01BF10B8091B00E95
:104D0000282F082E000C330B3F938F939AEAC92E5D
:104D100092E0D92EDF92CF92C7018E1B9F0B9F93FB
:104D20008F93E00FF11FFF93EF930E940B55C80183
:104D30000E94441A40E850E0B80187EC97E00E94D6
:104D40005417F80101900020E9F73197E01BF10BAF
:104D50008091B80E282F082E000C330B3F938F93B1
:104D60008091B70E282F082E000C330B3F938F93A2
:104D700087EA92E09F938F93C7018E1B9F0B9F93AF
:104D80008F93E00FF11FFF93EF930E940B550FB627
:104D9000F894DEBF0FBECDBFC8010E94441A40E8A0
:104DA00050E0B80187EA97E00E9454178091970E6F
:104DB000882309F4EFC0F80101900020E9F731974A
:104DC000E01BF10B282F082E000C330B3F938F9321
:104DD000DF92CF92EE1AFF0AFF92EF92E00FF11FDF
:104DE000FF93EF930E940B550FB6F894DEBF0FBEF2
:104DF000CDBFC8010E94441A40E850E0B8018BE8DA
:104E000097E00E945417C8010E94441A40E850E0FD
:104E1000B80189E697E00E945417F801019000203C
:104E2000E9F73197E01BF10B8091B40E8F938091DD
:104E3000B30E8F938091B20E8F938091B10E8F93AA
:104E40008EEA92E09F938F9380E890E08E1B9F0BF9
:104E50009F938F93E00FF11FFF93EF930E940B55E9
:104E6000C8010E94441A84E492E00E94441A40E877
:104E700050E0B80180E597E00E945417C8010E94F5
:104E8000441A40E850E0B8018AE397E00E945417C2
:104E9000C8010E94441A40E850E0B80180E297E05F
:104EA0000E945417C8010E94441A40E850E0B8011B
:104EB0008AEE96E00E945417C8010E94441A84E4C6
:104EC00092E00E94441A40E850E0B8018DEC96E070
:104ED0000E945417C8010E94441A40E850E0B801EB
:104EE00086EA96E00E945417C8010E94441A40E8DE
:104EF00050E0B80180E896E00E945417C8010E9473
:104F0000441A0FB6F894DEBF0FBECDBFC058DF4FB6
:104F10000FB6F894DEBF0FBECDBFDF91CF911F91CA
:104F20000F91FF90EF90DF90CF900895EA30F10558
:104F3000F4F4EE0FFF1FEE0FFF1FE35BF94F8591B7
:104F40009591A591B491BF93AF939F938F9385E370
:104F500096E09F938F938DEE9AE09F938F930E949C
:104F6000144E0FB6F894DEBF0FBECDBF6DCEFF93CB
:104F7000EF938CE196E09F938F938DEE9AE09F9351
:104F80008F930E94144E0F900F900F900F900F90E0
:104F90000F905ACE61EA77E0C8010E94D64D29CF22
:104FA0000E94CE2581E008952F923F924F925F920A
:104FB0006F927F928F929F92AF92BF92CF92DF9229
:104FC000EF92FF920F931F93CF93DF93CDB7DEB78E
:104FD000C55BD1090FB6F894DEBF0FBECDBF7B0114
:104FE000C455DF4F4883CC5AD040190130E020E04F
:104FF0000217130709F45EC2F1019491A101435D08
:105000005F4F891721F02F5F3F4F1A01F1CF211415
:10501000310409F44FC231962491C555DF4F2883DE
:10502000CB5AD040349685909590A590B490F101DC
:105030003D964590559065907490F101B396E4913A
:10504000F101B59685919591A591B491F1013396B1
:1050500005911491F101B19625913491C555DF4F19
:105060003881CB5AD040353009F014C1F1017D961A
:10507000259134914EE02639340709F075C010911E
:10508000960E8093960E181302C081E014C281E040
:1050900080930D0B1092A60B86EA9BE023969FAFA0
:1050A0008EAF239780E890E09A8389834CE355E0A4
:1050B000BE016F5F7F4FCE018F5B9F4F0E940D1827
:1050C000E091960E46E858E0E83038F4F0E0EE0F54
:1050D000FF1FE95FFD4F40815181BE016F5F7F4F30
:1050E000CE018F5B9F4F0E940D1886EA9BE00E94C5
:1050F000441AC455DF4F5881CC5AD040552311F47F
:105100000C94D73284E492E00E94441A8BE295E03A
:105110000E946D1B87E195E00E946D1B0E94381A6A
:1051200060E870E086EA9BE00E94CB1886EA9BE08C
:105130000E94B61BFC012081223311F00C94D7325F
:1051400001900020E9F79F01225031092817390703
:1051500011F00C94D7321093960E10920D0B84E040
:1051600095E00E946D1B91CF215B3E4009F08DCFF1
:10517000C090B10ED090B20EE090B30EF090B40E8D
:105180008093B10E9093B20EA093B30EB093B40E71
:105190008C159D05AE05BF0509F477CF81E080939E
:1051A0000D0B1092A60B86EA9BE023969FAF8EAF65
:1051B000239780E890E09A83898341EE54E0BE0112
:1051C0006F5F7F4FCE018F5B9F4F0E940D18A7012D
:1051D0009601BE016F5F7F4FCE018F5B9F4F0E9494
:1051E00095174AED54E0BE016F5F7F4FCE018F5B94
:1051F0009F4F0E940D182091B10E3091B20E409138
:10520000B30E5091B40EBE016F5F7F4FCE018F5B26
:105210009F4F0E94951786EA9BE00E94441AC4554E
:10522000DF4F2881CC5AD040222311F40C94D7327E
:1052300084E492E00E94441A8BE295E00E946D1B88
:1052400087E195E00E946D1B0E94381A60E870E0CB
:1052500086EA9BE00E94CB1886EA9BE00E94B61B80
:10526000FC012081223311F00C94D73201900020F0
:10527000E9F79F01225031092817390711F00C94E2
:10528000D732C092B10ED092B20EE092B30EF0922D
:10529000B40E63CFE114F10421F0F7018081811194
:1052A00028C085E492E00E94361AF80184910F5FCD
:1052B0001F4F882331F0082E000C990B0E94580EC6
:1052C000F4CF88E29CE00E94620E60E870E086EA1B
:1052D0009BE00E94CB1886EA9BE00E94B61B7C01F3
:1052E000FC018081882309F4D0CEE114F10409F493
:1052F000CCCEA501940160E070E0CB01C556DF4F34
:105300008882CB59D040C456DF4F3883CC59D04027
:10531000C356DF4FA882CD59D040C256DF4F5883C5
:10532000CE59D040C156DF4F6883CF59D040C056C8
:10533000DF4F7883C05AD040CF55DF4F8883C15AA2
:10534000D040CE55DF4F9883C25AD040A30192017E
:1053500060E070E0CB01CD55DF4F4882C35AD040AA
:10536000CC55DF4F3883C45AD040CB55DF4F6882CD
:10537000C55AD040CA55DF4F5883C65AD040C95588
:10538000DF4F6883C75AD040C855DF4F7883C85A6B
:10539000D040C755DF4F8883C95AD040C655DF4F2C
:1053A0009883CA5AD040CF57DF4F1882C158D04097
:1053B000CE57DF4F1882C258D040CD57DF4F1882EA
:1053C000C358D040CC57DF4F1882C458D040CB5779
:1053D000DF4F1882C558D040CA57DF4F1882C658D1
:1053E000D040C957DF4F1882C758D040C857DF4F49
:1053F0001882C858D040C757DF4F1882C958D040CC
:10540000C657DF4F1882CA58D040C557DF4F1882A1
:10541000CB58D040C457DF4F1882CC58D040C35728
:10542000DF4F1882CD58D040C257DF4F1882CE5878
:10543000D040C157DF4F1882CF58D040C057DF4F00
:105440001882C059D040CF56DF4F1882C159D04082
:10545000CE56DF4F1882C259D040CD56DF4F18824A
:10546000C359D040CC56DF4F1882C459D040CB56D8
:10547000DF4F1882C559D040CA56DF4F1882C6592F
:10548000D040C956DF4F1882C759D040C856DF4FA9
:105490001882C859D040C555DF4F3881CB5AD0400B
:1054A000323009F4F8C108F5332309F459C031301A
:1054B00009F473C180E0CB54DF4F0FB6F894DEBF20
:1054C0000FBECDBFDF91CF911F910F91FF90EF9055
:1054D000DF90CF90BF90AF909F908F907F906F9014
:1054E0005F904F903F902F900895C555DF4F4881B2
:1054F000CB5AD040433009F445C24430D9F6F701C5
:1055000001900020E9F731975F01AE18BF0822E053
:10551000A216B10449F4F7019080FFE29F1621F032
:10552000F70181818032C9F46FE270E0C7010E9407
:10553000E1548C01892B09F01DC360E270E0C701C2
:105540000E94E1548C01892B09F014C3AA94AB2862
:1055500009F061C3F7018081982EFF24F3942DC3D5
:10556000F7018081882309F40FC18B3219F0412C97
:105570008D3241F4442443948D3209F0412CFFEFE5
:10558000EF1AFF0AF7018081882309F4FDC0C35593
:10559000DF4FF982E882CD5AD040712C812CB0E0E7
:1055A000A0E0C155DF4F1882CF5AD040C055DF4F21
:1055B0001882C05BD040512C612CC355DF4FE8816D
:1055C000F981CD5AD0409190C355DF4FF983E883DC
:1055D000CD5AD040992009F445C080ED890D8A301C
:1055E00008F0D2C0FAE0AF2EB12CC12CD12CE12CA6
:1055F000F12C00E010E0272D382D4B2F5A2FC155EC
:10560000DF4F6881CF5AD040C055DF4F7881C05BF3
:10561000D040852D962D0E94F35259016A017B01DD
:105620008C01892D990C990BC097E92FEE0FEE0B89
:105630009C014E2F5E2F6E2F7E2F8E2F9E2F0E944D
:105640009254722E832EB42FA52FC155DF4F68833D
:10565000CF5AD040C055DF4F7883C05BD040582E22
:10566000692EABCF442011F1272D382D4B2F5A2F07
:10567000C155DF4F6881CF5AD040C055DF4F788188
:10568000C05BD040852D962D0E941554722E832E1E
:10569000B42FA52FC155DF4F6883CF5AD040C055D6
:1056A000DF4F7883C05BD040582E692ECF57DF4F35
:1056B0007882C158D040CE57DF4F8882C258D04040
:1056C000CD57DF4FB883C358D040CC57DF4FA883A6
:1056D000C458D040C155DF4FF881CF5AD040CB5786
:1056E000DF4FF883C558D040C055DF4FE881C05B1D
:1056F000D040CA57DF4FE883C658D040C957DF4F64
:105700005882C758D040C857DF4F6882C858D04029
:10571000C556DF4F2881CB59D040C456DF4F388162
:10572000CC59D040C356DF4F4881CD59D040C256E6
:10573000DF4F5881CE59D04060E070E080E090E0CB
:10574000A72CB82CCB2EDA2EEF2EFE2E052D162DE3
:105750000E94B05409F0C4F4CD55DF4F2881C35ADC
:10576000D040CC55DF4F3881C45AD040CB55DF4FA5
:105770004881C55AD040CA55DF4F5881C65AD040DB
:105780000E94B0540CF0F8C082ED94E00E946D1BB2
:1057900084E492E00E94441A78CCF7010190002042
:1057A000E9F7CF0102978E159F0571F7F701808108
:1057B000082E000C990B0E94C554182F48E050E0A9
:1057C000B1016B5E7F4FCE0101960E94CD4D898164
:1057D00021E0882361F0612F012E000C770BCE01B0
:1057E00001960E94E15421E0892B09F420E0912CDC
:1057F00080E0F12C90E0222339F2F1017D96A59111
:10580000B491C555DF4FF881CB5AD040F23009F43E
:1058100041C308F00AC2FF2309F470C2F13009F055
:1058200034CC7EE0A03BB70709F0E4C20091B00E93
:105830001093B00EC555DF4F8881CB5AD04080936E
:105840000D0B812F012E000C990B9F931F93802F1E
:10585000002E000C990B9F930F938CEE92E09F9378
:105860008F931F9280E88F9386EA9BE09F938F939C
:105870000E940B55C455DF4F8881CC5AD0400E94FE
:10588000D41B0FB6F894DEBF0FBECDBF8111FDCB88
:105890000093B00E6FC2F7018081882309F474CFA2
:1058A000BE016F577F4FC7010E94501F882309F424
:1058B0006BCFCF57DF4F6880C158D040CE57DF4FF6
:1058C0007880C258D040CD57DF4F8880C358D04031
:1058D000CC57DF4F9880C458D040CB57DF4FB881AA
:1058E000C558D040CA57DF4FA881C658D040C957C5
:1058F000DF4FF881C758D040C857DF4FE881C858FC
:10590000D0409301A4016B2F7A2F8F2F9E2FC55665
:10591000DF4FA880CB59D040C456DF4FB880CC5958
:10592000D040C356DF4FC880CD59D040C256DF4F5C
:10593000D880CE59D040E12CF12C00E010E00E943C
:10594000B0540CF421CFCD55DF4FA880C35AD040BE
:10595000CC55DF4FB880C45AD040CB55DF4FC880FC
:10596000C55AD040CA55DF4FD880C65AD0400E9491
:10597000B05411F00CF008CF912C80E0F12C90E0A5
:1059800010E03BCFF7018081882309F4FDCE6FE260
:1059900070E0C7010E94E1548C01892B49F460E258
:1059A00070E0C7010E94E1548C01892B09F4ECCE10
:1059B0005801AE18BF08F0E4AF16B10408F0E4CE09
:1059C000A501B701CE018F5B9F4F0E94FC54E1E41B
:1059D000F0E0EC0FFD1FEA0DFB1D1082B8016F5FB8
:1059E0007F4FCE0101960E94F55422968FAD2297EB
:1059F000882309F4C9CEBE0167577F4FCE018F5B64
:105A00009F4F0E94501F882309F4BECE89818823AE
:105A100009F4BACEBE016F567F4FCE0101960E94A7
:105A2000501F882309F4B0CEC757DF4F6880C9588C
:105A3000D040C657DF4F7880CA58D040C557DF4F97
:105A40008880CB58D040C457DF4F9880CC58D04086
:105A5000C357DF4FB881CD58D040C257DF4FA88120
:105A6000CE58D040C157DF4FF881CF58D040C057F3
:105A7000DF4FE881C059D0409301A4016B2F7A2FEA
:105A80008F2F9E2FC556DF4FA880CB59D040C456CC
:105A9000DF4FB880CC59D040C356DF4FC880CD59B6
:105AA000D040C256DF4FD880CE59D040E12CF12CE7
:105AB00000E010E00E94B0540CF466CECD55DF4FEC
:105AC000A880C35AD040CC55DF4FB880C45AD040CC
:105AD000CB55DF4FC880C55AD040CA55DF4FD8805C
:105AE000C65AD0400E94B05411F00CF04DCECF56A3
:105AF000DF4F6880C159D040CE56DF4F7880C25901
:105B0000D040CD56DF4F8880C359D040CC56DF4FB0
:105B10009880C459D040CB56DF4FB881C559D0408A
:105B2000CA56DF4FA881C659D040C956DF4FF88109
:105B3000C759D040C856DF4FE881C859D0409301BB
:105B4000A4016B2F7A2F8F2F9E2FC556DF4FA88071
:105B5000CB59D040C456DF4FB880CC59D040C35643
:105B6000DF4FC880CD59D040C256DF4FD880CE59C4
:105B7000D040E5CEE016F10619F5912CF12CF80194
:105B80008181882309F44EC0B8016F5F7F4F40E1E7
:105B900050E0CE0101960E94004ECE0101960E9477
:105BA000B61BFC0101900020E9F79F01225031094A
:105BB00028173907B9F5FC01808191E021E030C058
:105BC0005801AE18BF08F0E1AF16B10418F0EFE0CD
:105BD000AE2EB12CA501B701CE0101960E94CD5485
:105BE000E1E0F0E0EC0FFD1FEA0DFB1D1082CE019D
:105BF00001960E94B61BFC0101900020E9F79F016D
:105C0000225031092817390709F0B7CFFC019080DD
:105C1000FF24F394B4CF912C80E0F12C90E020E0AD
:105C200010E0E9CD80E090E0C9CFC555DF4F288175
:105C3000CB5AD040233009F4BEC4243009F025CA21
:105C40003EE0A53BB30709F0EBC50091B50E1091FE
:105C5000B60EF1109092B50E91118093B60E81E0C0
:105C600080930D0B8091B50E863421F08091B60E95
:105C7000863441F48AE794E00E946D1B84E492E04C
:105C80000E94441A8091B60E282F082E000C330B68
:105C90003F938F938091B50E282F082E000C330B65
:105CA0003F938F93812F012E000C990B9F931F938D
:105CB000802F002E000C990B9F930F9385E693E0A5
:105CC0009F938F931F9280E88F9386EA9BE09F9328
:105CD0008F930E940B55C455DF4F8881CC5AD0401A
:105CE0000E94D41B0FB6F894DEBF0FBECDBF81114A
:105CF000CCC90093B50E1093B60E3CC03EE0AC3A52
:105D0000B307D9F50091AC0E1091AD0ECF57DF4F10
:105D10008881C158D040CE57DF4F9881C258D040BB
:105D20008093AC0E9093AD0E21E020930D0B9F93CA
:105D30008F931F930F9383EB92E09F938F931F9208
:105D400080E88F9386EA9BE09F938F930E940B5588
:105D5000C455DF4F8881CC5AD0400E94D41B0FB667
:105D6000F894DEBF0FBECDBF81118FC90093AC0E7A
:105D70001093AD0E10920D0B88C9AE5ABE4009F0BB
:105D800084C90091AE0E1091AF0ECF57DF4F8881BE
:105D9000C158D040CE57DF4F9881C258D040809331
:105DA000AE0E9093AF0E21E020930D0B9F938F9337
:105DB0001F930F938EEC92E09F938F931F9280E836
:105DC0008F9386EA9BE09F938F930E940B55C45557
:105DD000DF4F8881CC5AD0400E94D41B0FB6F89474
:105DE000DEBF0FBECDBF811150C90093AE0E109320
:105DF000AF0EC0CFA759BE4009F047C90091970E1A
:105E00001D3209F410E01093970E81E080930D0B82
:105E100065E073E086EA9BE00E94F554002361F19F
:105E2000E6EAFBE0DF010D900020E9F711970C9303
:105E300001900020E9F710826BE173E086EA9BE0B5
:105E40000E94D6541123F9F0E6EAFBE0DF010D9041
:105E50000020E9F711971C9301900020E9F71082C8
:105E6000C455DF4F8881CC5AD0400E94D41B811189
:105E70000CC90093970E7ECF6AEC76E086EA9BE031
:105E80000E94D654D9CF6AEC76E086EA9BE00E9465
:105E9000D654E6CF2EE0A839B20709F086C120908B
:105EA000980E3090990E40909A0E50909B0E6090F4
:105EB0009C0E70909D0E80909E0E90909F0ECF57DE
:105EC000DF4F8881C158D0408093980ECE57DF4F66
:105ED0008881C258D0408093990ECD57DF4F88817A
:105EE000C358D04080939A0ECC57DF4F8881C45856
:105EF000D04080939B0ECB57DF4F8881C558D04050
:105F000080939C0ECA57DF4F8881C658D04080933B
:105F10009D0EC957DF4F8881C758D04080939E0E91
:105F2000C857DF4F8881C858D04080939F0E81E0CA
:105F300080930D0B50E4A52E62E4B62E7FE0C72EB1
:105F4000D12CE12CF12C00E010E09101A201B30171
:105F5000C4010E9485535F934F933F932F93910108
:105F6000A201B301C4010E9487535F934F933F93F3
:105F70002F934CED56E05F934F931F9270E27F9307
:105F8000CE018F5B9F4FC756DF4F99838883C959D6
:105F9000D0409F938F930E940B55CF57DF4F98812E
:105FA000C158D040C556DF4F9883CB59D040CE570B
:105FB000DF4FE881C258D040CD55DF4FE883C35A48
:105FC000D040CD57DF4FF881C358D040C555DF4F83
:105FD000F883CB5AD040CC57DF4F2881C458D040EB
:105FE000C455DF4F2883CC5AD040CB57DF4F388180
:105FF000C558D040C355DF4F3883CD5AD040CA571B
:10600000DF4F4881C658D040C155DF4F4883CF5A33
:10601000D040C957DF4F5881C758D040C055DF4FD7
:106020005883C05BD040C857DF4F6881C858D04004
:10603000CF54DF4F6883C15BD040292F3E2F4F2FB5
:10604000C455DF4F5881CC5AD040C355DF4F6881CB
:10605000CD5AD040C155DF4F7881CF5AD040C0557E
:10606000DF4F8881C05BD040CF54DF4F9881C15B48
:10607000D0400E9485535F934F933F932F93C55613
:10608000DF4F2881CB59D040CD55DF4F3881C35ADF
:10609000D040C555DF4F4881CB5AD040C455DF4F63
:1060A0005881CC5AD040C355DF4F6881CD5AD0407B
:1060B000C155DF4F7881CF5AD040C055DF4F88811E
:1060C000C05BD040CF54DF4F9881C15BD0400E946D
:1060D00087535F934F933F932F938CED96E09F935D
:1060E0008F931F92F0E2FF938E010F5F1F4F1F935C
:1060F0000F930E940B551F930F93C656DF4F2881B5
:10610000CA59D0402F93C756DF4F3881C959D04064
:106110003F938DEB94E09F938F9386EA9BE09F9350
:106120008F930E94144E0FB6F894DEBF0FBECDBF02
:1061300086EA9BE00E94441A84E492E00E94441A9A
:106140008BE295E00E946D1B87E195E00E946D1B3C
:106150000E94381A60E870E086EA9BE00E94CB1843
:1061600086EA9BE00E94B61BFC012081223309F0E5
:106170001EC201900020E9F79F0122503109281723
:10618000390709F014C22092980E3092990E40926D
:106190009A0E50929B0E60929C0E70929D0E809271
:1061A0009E0E90929F0E0C94AD28A05ABE4011F006
:1061B0000C9445282091A00EC556DF4F2883CB595B
:1061C000D0403091A10ECD55DF4F3883C35AD04017
:1061D0004091A20EC555DF4F4883CB5AD040509115
:1061E000A30EC455DF4F5883CC5AD0402090A40E44
:1061F0003090A50E4090A60E5090A70ECF57DF4FBF
:106200008881C158D0408093A00ECE57DF4F88813F
:10621000C258D0408093A10ECD57DF4F8881C3581C
:10622000D0408093A20ECC57DF4F8881C458D04015
:106230008093A30ECB57DF4F8881C558D040809301
:10624000A40ECA57DF4F8881C658D0408093A50E50
:10625000C957DF4F8881C758D0408093A60EC857D2
:10626000DF4F8881C858D0408093A70E81E080938B
:106270000D0B80E4A82E92E4B92E6FE0C62ED12C2F
:10628000E12CF12C00E010E0B101C2010E94875323
:10629000922E832E742E652EE0ECAE2EFDEBBF2EDB
:1062A000A0EFCA2EDD24DA94EE24EA94FF24FA94B7
:1062B0000FEF1FEF0E94F352C556DF4FA880CB5956
:1062C000D040CD55DF4FB880C35AD040C555DF4FC1
:1062D000C880CB5AD040C455DF4FD880CC5AD0406C
:1062E000710182010E9492545F934F933F932F93C9
:1062F0006F927F928F929F9267EF76E07F936F937A
:106300001F9290E29F93FE01EF5BFF4FC756DF4F56
:10631000F983E883C959D040FF93EF930E940B554E
:10632000CF57DF4FF881C158D040C355DF4FF883B6
:10633000CD5AD040CE57DF4F2881C258D040C155EA
:10634000DF4F2883CF5AD040CD57DF4F3881C35815
:10635000D040C055DF4F3883C05BD040CC57DF4FB3
:106360004881C458D040CF54DF4F4883C15BD040F0
:10637000CB57DF4F5881C558D040CE54DF4F58839C
:10638000C25BD040CA57DF4F6881C658D040CD5459
:10639000DF4F6883C35BD040C957DF4F7881C75850
:1063A000D040CC54DF4F7883C45BD040C857DF4F18
:1063B0008881C858D040CB54DF4F8883C55BD0401C
:1063C000B0E4AB2E12E4B12E0FE0C02ED12CE12CA4
:1063D000F12C00E010E02F2FC155DF4F3881CF5A4C
:1063E000D040C055DF4F4881C05BD040CF54DF4F15
:1063F0005881C15BD040CE54DF4F6881C25BD04032
:10640000CD54DF4F7881C35BD040CC54DF4F8881BF
:10641000C45BD040CB54DF4F9881C55BD0400E9415
:106420008753922E832E742E652E20ECA22E3DEBE8
:10643000B32E40EFC42EDD24DA94EE24EA94FF2438
:10644000FA940FEF1FEF292D382D472D0E94F3529C
:10645000C355DF4FA880CD5AD040C155DF4FB8801B
:10646000CF5AD040C055DF4FC880C05BD040CF541A
:10647000DF4FD880C15BD040CE54DF4FE880C25B95
:10648000D040CD54DF4FF880C35BD040CC54DF4FB9
:106490000881C45BD040CB54DF4F1881C55BD0402E
:1064A0000E9492545F934F933F932F936F927F92EA
:1064B0008F929F92E7EFF6E0FF93EF931F9230E207
:1064C0003F938E010F5F1F4F1F930F930E940B5539
:1064D0001F930F93C656DF4F4881CA59D0404F9340
:1064E000C756DF4F5881C959D0405F9380E293E08F
:1064F0009F938F931F9280E88F9386EA9BE09F93F0
:106500008F930E940B550FB6F894DEBF0FBECDBF20
:1065100086EA9BE00E94441A84E492E00E94441AB6
:106520008BE295E00E946D1B87E195E00E946D1B58
:106530000E94381A60E870E086EA9BE00E94CB185F
:1065400086EA9BE00E94B61BFC012081223379F58C
:1065500001900020E9F79F012250310928173907DF
:1065600031F5C556DF4FF881CB59D040F093A00EDE
:10657000CD55DF4F2881C35AD0402093A10EC55579
:10658000DF4F3881CB5AD0403093A20EC455DF4F35
:106590004881CC5AD0404093A30E2092A40E309252
:1065A000A50E4092A60E5092A70E0C94AD2886EF31
:1065B00094E00C94B1285EE0A93BB50709F09BC0BC
:1065C0002091B90E3091BA0E4091BB0E5091BC0E85
:1065D0006091BD0E7091BE0E8091BF0E9091C00E65
:1065E000E1ECFEE0A090C10EB090C20EC090C30ED0
:1065F000D090C40EE090C50EF090C60E0091C70E6C
:106600001091C80E9924939490920D0B0F2EFBE3DA
:106610008F2EF3E09F2EF02D9F928F92FF93EF939A
:10662000BF93AF93C856DF4FE881C859D040EF936E
:10663000C956DF4FE881C759D040EF93CA56DF4FA4
:10664000E881C659D040EF93CB56DF4FE881C5595A
:10665000D040EF93CC56DF4FE881C459D040EF9340
:10666000CD56DF4FE881C359D040EF93CE56DF4F70
:10667000E881C259D040EF93CF56DF4FE881C1592E
:10668000D040EF93C057DF4FE881C059D040EF931F
:10669000C157DF4FE881CF58D040EF93C257DF4F4B
:1066A000E881CE58D040EF93C357DF4FE881CD58F3
:1066B000D040EF93C457DF4FE881CC58D040EF93E0
:1066C000C557DF4FE881CB58D040EF93C657DF4F17
:1066D000E881CA58D040EF93C757DF4FE881C958C7
:1066E000D040EF930E94D9240FB6F894DEBF0FBEBE
:1066F000CDBF0C9445287EE0A93CB70769F52091F1
:10670000C90E3091CA0E4091CB0E5091CC0E6091C3
:10671000CD0E7091CE0E8091CF0E9091D00EE1ED06
:10672000FEE0A090D10EB090D20EC090D30ED090CB
:10673000D40EE090D50EF090D60E0091D70E1091A9
:10674000D80E9924939490920D0B0F2EF5E48F2E72
:10675000F3E09F2EF02D60CF9EE0A93DB90769F5CB
:106760002091D90E3091DA0E4091DB0E5091DC0E63
:106770006091DD0E7091DE0E8091DF0E9091E00E43
:10678000E1EEFEE0A090E10EB090E20EC090E30ECC
:10679000D090E40EE090E50EF090E60E0091E70E4A
:1067A0001091E80E9924939490920D0B0F2EF3E51F
:1067B0008F2EF3E09F2EF02D2FCFFEE0A93EBF07D6
:1067C00011F00C9445282091E90E3091EA0E409189
:1067D000EB0E5091EC0E6091ED0E7091EE0E8091EB
:1067E000EF0E9091F00EE1EFFEE0A090F10EB09070
:1067F000F20EC090F30ED090F40EE090F50EF090F3
:10680000F60E0091F70E1091F80E99249394909241
:106810000D0B0F2EFEE58F2EF3E09F2EF02DFCCEFC
:10682000A75BBE4011F00C9445280091B70E109163
:10683000B80EF1109092B70E91118093B80E81E0CE
:1068400080930D0B8091B80E282F082E000C330B6F
:106850003F938F938091B70E282F082E000C330B97
:106860003F938F93812F012E000C990B9F931F93C1
:10687000802F002E000C990B9F930F9383E893E0D9
:106880009F938F931F9280E88F9386EA9BE09F935C
:106890008F930E940B55C455DF4F8881CC5AD0404E
:1068A0000E94D41B0FB6F894DEBF0FBECDBF81117E
:1068B0000C9445280093B70E1093B80E5BCA0F9343
:1068C0001F9306E010E020E33EE00E94D4271F91D2
:1068D0000F9108950C945F340C945F340C945F34E2
:1068E0000C945F340C945F340F931F9306E010E018
:1068F00022E23DE00E94D4271F910F9108950F934B
:106900001F9306E010E024E13CE00E94D4271F9191
:106910000F9108950F931F9308E010E02CEA3AE0DE
:106920000E94D4271F910F910895CF92DF92EF928A
:10693000FF920F931F93CF93DF93CDB7DEB7C05471
:10694000D1090FB6F894DEBF0FBECDBFE62E0E9470
:10695000B61B8C01FC018081811102C081E02FC037
:10696000082E000C990B0E94C554F82EF8010190D6
:106970000020E9F73197E01BF10B329780F5109278
:106980000E0BF1E4FF1248C0F80101900020E9F776
:106990003197E01BF10B329708F478C0F801818140
:1069A000282F082E000C330B205331092A303105D3
:1069B00008F06CC04E2D6EE07BE00E948A34C05C13
:1069C000DF4F0FB6F894DEBF0FBECDBFDF91CF9182
:1069D0001F910F91FF90EF90DF90CF900895F801F5
:1069E00031969F012F5F3F4F8081803271F0AEE082
:1069F000BBE090E080E02191322F3F7D41F08F336A
:106A0000910529F001962D93F6CFF901EACF825F27
:106A1000944FFC011082B5CFF7E4FF121AC0F801C1
:106A200001900020E9F73197E01BF10B329770F1EC
:106A3000F8018181282F082E000C330B20533109D7
:106A40002A30310518F54E2D6EE07BE00E9474343B
:106A5000B6CFF8E4FF121AC0F80101900020E9F760
:106A60003197E01BF10B329788F0F8018181282FD4
:106A7000082E000C330B205331092A30310530F435
:106A80004E2D6EE07BE00E947F3499CF01E311E14F
:106A900081EC91E1F8012491F21669F1085F1F4F32
:106AA00080179107B9F740E450E0BE016F5F7F4F58
:106AB00081EC91E10E945417CE0101960E94441A84
:106AC0004DCFF801349625913491B6016F5F7F4F19
:106AD0004E2DF901199573CF8230910549F4F801D3
:106AE0003496259134914E2D6EE07BE08F2DF1CFC1
:106AF0000397A9F3D8CF3196E4918E2F90E0F80157
:106B00003396E491009759F38130910529F7F80104
:106B1000369685919491009709F420CFFC01199540
:106B20000E94381A60E870E086EA9BE00E94CB1869
:106B300086EA9BE00E94B61B6C01FC0180818823E1
:106B400009F40CCF282F082E000C330BA901405359
:106B500051094A30510508F4B4CF01900020E9F7FB
:106B60003197EC19FD09329708F4F8CEC9010E945B
:106B7000C5542F2DFF0C330B8217930709F0EECE6F
:106B8000F6018181282F082E000C330B2053310988
:106B90002A30310508F0E2CEF8013496259134917F
:106BA000B6016E5F7F4F94CFBF92CF92DF92EF928C
:106BB000FF920F931F93CF93DF93CDB7DEB7C058EB
:106BC000D1090FB6F894DEBF0FBECDBF8BE3B82E50
:106BD0000E94CE250E94381A60E870E086EA9BE0A9
:106BE0000E94CB1886EA9BE00E94B61B8C01FC0138
:106BF0008081882379F36BE370E0C8010E94E1543F
:106C0000892B09F454C04FE750E0B801CE0101963A
:106C10000E94FC54C058DF4F1882C058D040CE01AB
:106C200001967C01F7018081882391F26BE370E08B
:106C3000C7010E94E1546C010097D9F0FC01108259
:106C40008C01C7010E94B61BFC012081211119C0D3
:106C5000CD2809F4BDCFF801B1927F018081319632
:106C60008032D9F3882309F4B3CFE114F104D1F6CB
:106C7000AFCFF70101900020E9F78F010150110912
:106C8000E0CF60E00E9495348111E2CFC058DF4F21
:106C90000FB6F894DEBF0FBECDBFDF91CF911F912D
:106CA0000F91FF90EF90DF90CF90BF90089561E03B
:106CB000C8010E94953481118BCFE8CF2F923F926B
:106CC0004F925F926F927F928F929F92AF92BF92FC
:106CD000CF92DF92EF92FF920F931F93CF93DF93A8
:106CE000CDB7DEB7CE59D1090FB6F894DEBF0FBECF
:106CF000CDBF9E012F5F3F4F390153E9452E69E615
:106D0000262E64E0362E552453948091970E8111DF
:106D1000512C88E29CE00E94D30D181619060CF045
:106D200091C088E29CE00E94B10D8093EC0A83320E
:106D300009F07EC088E29CE00E94D30D892B29F0E7
:106D400088E29CE00E94B10DF5CF84EA93E00E94B6
:106D5000241A4091560D4E7F60E085EC9CE00E9425
:106D60005C104091E90D4E7F60E088E59DE00E9457
:106D70005C108AEC93E00E94241A85EC9CE00E944F
:106D80002E1688E59DE00E942E166AE070E080E0F5
:106D900090E00E94160C88E29CE00E94D30D892BA3
:106DA00029F088E29CE00E94B10DF5CF0E94B61850
:106DB0000E94D43588E29CE00E94D30D892B29F0F3
:106DC00088E29CE00E94B10DF5CF0E948E1B0E94CC
:106DD00039188823F9F081E080937B0B80930202BD
:106DE000C256DF4F0FB6F894DEBF0FBECDBFDF91A6
:106DF000CF911F910F91FF90EF90DF90CF90BF90B8
:106E0000AF909F908F907F906F905F904F903F904A
:106E10002F9008958BEF93E00E94241A85EC9CE05C
:106E20000E94961088E59DE00E94961010920D0B2E
:106E30008091970E882331F09091EC0A891302C05B
:106E40005524539480910202882391F11092B50A3F
:106E50001092B60A1092B70A1092B80A7091610B9C
:106E60006091620B5091630B4091640B3091650B04
:106E70002091660B9091670B8091680B7093AD0A1F
:106E80006093AE0A5093AF0A4093B00A3093B10AB0
:106E90002093B20A9093B30A8093B40A1092AC0A7A
:106EA0001092020264E670E080E090E00E94160C0E
:106EB0000E94F10B0091B50A1091B60A2091B70A11
:106EC0003091B80A6B017C01C01AD10AE20AF30AB8
:106ED000970186010B3F11052105310508F47CC09F
:106EE0006093B50A7093B60A8093B70A9093B80A74
:106EF000F894A091610BC756DF4FA883C959D040C1
:106F0000B091620BC356DF4FB883CD59D04080900B
:106F1000630B9090640BB091650BA091660BF091A0
:106F2000670BE091680BC256DF4FE883CE59D04023
:106F30007894A090AD0AB090AE0AC090AF0AD090FD
:106F4000B00AE090B10AF090B20A0091B30A109131
:106F5000B40AC756DF4F2881C959D040C356DF4F06
:106F60003881CD59D040A4016B2F7A2F8F2FC25674
:106F7000DF4F9881CE59D040E091AC0A0E94B054C6
:106F800009F4A1C0E11109C08091080188608093D3
:106F90000801CC24C394C092AC0AC756DF4FE881E5
:106FA000C959D040E093AD0AC356DF4FE881CD59AF
:106FB000D040E093AE0A8092AF0A9092B00AB093AC
:106FC000B10AA093B20AF093B30AC256DF4FF88118
:106FD000CE59D040F093B40A8091CA0C0E94520B53
:106FE0008C0180915D0D0E94520B012B09F023C191
:106FF0002091960E892B09F0BEC080910801806413
:10700000809308018091080180618093080180913C
:107010000801806880930801809108018062809354
:107020000801223009F073C085EC9CE00E944613F1
:10703000882351F0809108018F7B80930801809113
:1070400008018F7E8093080188E59DE00E94461329
:10705000811186C080910C0D811105C080919F0D1A
:10706000882309F450CE2091000D3091010D4091FC
:10707000020D5091030D6091040D7091050D8091EA
:10708000060D9091070DA1E00E94B95411F00CF08B
:1070900028C12091930D3091940D4091950D509100
:1070A000960D6091970D7091980D8091990D90912A
:1070B0009A0D0E94B95411F00CF013C110920C0DEE
:1070C00010929F0D20CEEE2309F486CF8091080107
:1070D000877F8093080188E194E00E94241A81E36D
:1070E00094E00E94241A1092AC0A88E29CE00E946C
:1070F000D30D892B39F46AE070E080E090E00E94C3
:10710000160CF3CF88E29CE00E94B10D69CE80900E
:10711000730B9090740BA090750BB090760BC09091
:10712000770BD090780BE090790BF0907A0B84017C
:107130009501A601B70185EC9CE00E940A14950117
:10714000A601B70188E59DE00E940A14809108011C
:107150008F7B80930801809108018F7E80930801C6
:10716000809108018F7780930801809108018F7DBD
:10717000809308016FCF809108018064809308019B
:1071800080910801806180930801223081F485ECB0
:107190009CE00E944613882309F45CCF809108018B
:1071A0008F7B80930801809108018F7EE1CF009151
:1071B000730B1091740B2091750B3091760B4091ED
:1071C000770B5091780B6091790B70917A0B85EC6D
:1071D0009CE00E940A14809108018F7B8093080133
:1071E000809108018F7E8093080180915D0D0E943F
:1071F000520B892B09F02ECF809108018068809373
:107200000801809108018062809308010091730B4E
:107210001091740B2091750B3091760B4091770B88
:107220005091780B6091790B70917A0B88E59DE015
:107230000E940A1495CF892B09F00CCF8091080188
:107240008068809308018091080180628093080122
:107250008091960E823009F4F7CE0091730B109155
:10726000740B2091750B3091760B4091770B5091F8
:10727000780B6091790B70917A0B88E59DE00E9404
:107280000A14809108018F7780930801809108018A
:107290008F7D809308018091CA0C0E94520B892B2C
:1072A00009F0D8CE80910801806480930801809114
:1072B00008018061809308010091730B1091740B99
:1072C0002091750B3091760B4091770B5091780B94
:1072D0006091790B70917A0B85EC9CE00E940A1406
:1072E0005DCF8091960E81112BC0552009F4A0C06E
:1072F00080910C0D882321F080919F0D81111FC278
:1073000080910C0D882361F001E02091550D4DE036
:107310005DE060E470E0C3010E944D1D10920C0D11
:1073200080919F0D882361F001E02091E80D40EAF3
:107330005DE060E470E0C3010E944D1D10929F0D5E
:107340008091960E843009F073C0552009F470C006
:1073500080910C0D8823A1F12091000D3091010D39
:107360004091020D5091030D6091040D7091050D37
:107370008091060D9091070DA2E00E94B95401F191
:10738000FCF044ED5AE06DE07DE0CE018F579F4F59
:107390000E94D00E00E02091550DAE014F575F4F77
:1073A00060E470E0C3010E944D1D10920C0D8CE052
:1073B000EDE0FDE0A4EDBAE001900D928A95E1F7D1
:1073C00080919F0D8823A1F12091930D3091940D10
:1073D0004091950D5091960D6091970D7091980D7B
:1073E0008091990D90919A0DA2E00E94B95401F1FB
:1073F000FCF040EE5AE060EA7DE0CE018F579F4FEF
:107400000E94D00E00E02091E80DAE014F575F4F73
:1074100060E470E0C3010E944D1D10929F0D8CE04E
:10742000E0EAFDE0A0EEBAE001900D928A95E1F766
:107430008091960E863041F435ECE32E3CE0F32E3D
:10744000B12CA12C5110EAC18091960E813009F027
:1074500057C090E080E0489EF001499EF00D112455
:10746000DF01A45FB24F2C91222301F12091D30AB6
:107470002230A0F43DE0329FA00111244754554F23
:10748000E35FF24F3CE0DA0101900D923A95E1F7AB
:10749000DA011C968C932F5F2093D30A489EF0014B
:1074A000499EF00D1124E45FF24F1082019709F01C
:1074B00094C28091D30A823019F5552009F1E091E8
:1074C000C50AE1118DC28091D20A813009F095C2BE
:1074D00049EB5AE086ECE82E8AE0F82E01E0209194
:1074E000550D60E470E0C3010E944D1D2091E80D30
:1074F000A70160E470E0C3010E944D1D1092D30A01
:1075000080910C0D882309F4FECB80919F0D882378
:1075100009F4F9CB2091000D3091010D4091020D3D
:107520005091030D6091040D7091050D8091060D31
:107530009091070DA2E00E94B95409F00CF4E3CB3E
:107540002091930D3091940D4091950D5091960D91
:107550006091970D7091980D8091990D90919A0D71
:107560000E94B95409F00CF4CECB552009F4CBCBD2
:107570008091960E833009F453C2853009F0C3CB55
:1075800001E02091550D4DE05DE060E470E0C30145
:107590000E944D1D2091E80D40EA5DE060E470E03E
:1075A000C3010E944D1D4DE05DE060EA7DE0CE012B
:1075B00083579F4F0E94D00ECF56DF4FA880C159EE
:1075C000D040CE56DF4FB880C259D040CD56DF4FA5
:1075D000C880C359D040CC56DF4FD880C459D04062
:1075E000CB56DF4FE880C559D040CA56DF4FF880F0
:1075F000C659D040C956DF4F0881C759D040C85638
:10760000DF4F1881C859D0408091A00D9091A10DF5
:10761000A091A20DB091A30DC756DF4F8883998327
:10762000AA83BB83C959D040CF57DF4F8883998342
:10763000AA83BB83C158D040CB57DF4FA882C5581F
:10764000D040CA57DF4FB882C658D040C957DF4F25
:10765000C882C758D040C857DF4FD882C858D040DA
:10766000C757DF4FE882C958D040C657DF4FF8826E
:10767000CA58D040C557DF4F0883CB58D040C457B5
:10768000DF4F1883CC58D040C357DF4F8881998192
:10769000AA81BB81CD58D040B7FF4EC09501A6014D
:1076A000B701C801A0E00E94B95409F445C020E028
:1076B00030E145EA54ED68EE70E080E090E00E9431
:1076C000A754CB57DF4F2883C558D040CA57DF4F48
:1076D0003883C658D040C957DF4F4883C758D04079
:1076E000C857DF4F5883C858D040C757DF4F68830B
:1076F000C958D040C657DF4F7883CA58D040C557C5
:10770000DF4F8883CB58D040C457DF4F9883CC5885
:10771000D040C756DF4F88819981AA81BB81C95962
:10772000D0400197A109B109CF57DF4F88839983D2
:10773000AA83BB83C158D04001E023E47CC14091BF
:107740000D0D50910E0D60910F0D7091100D8091E7
:10775000A00D9091A10DA091A20DB091A30D48177D
:1077600059076A077B074CF1481759076A077B07D7
:1077700009F04CC02091110D3091120D4091130D64
:107780005091140D6091150D7091160DA090A40DDF
:10779000B090A50DC090A60DD090A70DE090A80DBB
:1077A000F090A90D0091AA0D1091AB0D8091170DCD
:1077B0009091180D0E94B05448F590E080E0EE24BE
:1077C000E394F12C489EA001499E500D1124FA012A
:1077D000EB5AF24F435F524F01E0208160E470E0CA
:1077E000C3010E944D1D4E9CA0014F9C500D1124C1
:1077F000FA01EB5AF24F435F524F208160E470E090
:10780000C3010E944D1D10920C0D98CD81E090E0B7
:10781000F12CE12CD7CFAA24A394B12C4A9CC0010F
:107820004B9C900D11249C012B53334F690149014E
:1078300037E4830E911CD4018C91882309F4C5C0D0
:10784000F70123ADFB9631814281538164817581BB
:1078500086819781A2E00E94B95409F00CF4B5C06A
:10786000D70156968C9156978F9355968C91559734
:107870008F9354968C9154978F9353968C918F93AA
:107880003F922F927F926F920E9448558C01F70190
:10789000828D8F93818D8F93808D8F9387898F9326
:1078A0003F922F92C301800F911F9F938F930E944D
:1078B0004855080F191FD70192968C9192978F9374
:1078C00091968C9191978F9390968C9190978F939E
:1078D0005F968C918F933F922F92C301800F911FDF
:1078E0009F938F930E944855080F191FF70186A197
:1078F0008F9385A18F9384A18F9383A18F933F92C0
:107900002F92C301800F911F9F938F930E94485520
:10791000080F191F0FB6F894DEBF0FBECDBFD701F9
:107920009A968C919A978F9399968C9199978F9319
:1079300098968C9198978F9397968C918F933F926E
:107940002F92C301800F911F9F938F930E944855E0
:10795000AC01400F511FB30188E29CE00E94A20CD1
:10796000F6013B96D6011B962C91318142815381C1
:1079700064817581868197810E94CF0C80E290E0BE
:107980000E94580EF70123A534A545A556A567A565
:1079900070A981A992A90E94CF0C80E290E00E9478
:1079A000580E00E0F701E057FF4F2081A701485B28
:1079B0005F4F60E870E0C3010E944D1DD4011C922E
:1079C0000FB6F894DEBF0FBECDBFF3E9EF0EF11C8A
:1079D000AA94AB2809F01FCF37CD81E090E03BCDD2
:1079E000E13059F48091D20A46EC5AE099EBE92E45
:1079F0009AE0F92E882309F471CD4E9EF0011124EE
:107A0000EB5AF24F108101E0212F49EB5AE060E47C
:107A100070E0C3010E944D1D212F46EC5AE069CD54
:107A20004DE05DE060EA7DE0CE018F579F4F0E9400
:107A3000D00E00E020E0AE014F575F4F60E470E0F1
:107A4000C3010E944D1D3ACB1F920F920FB60F92A9
:107A500011242F933F938F939F93AF93BF93809164
:107A60007E0B90917F0BA091800BB091810B309198
:107A70007D0B23E0230F2D3758F50196A11DB11D75
:107A800020937D0B80937E0B90937F0BA093800BB4
:107A9000B093810B8091820B9091830BA091840B0A
:107AA000B091850B0196A11DB11D8093820B90931F
:107AB000830BA093840BB093850BBF91AF919F91E3
:107AC0008F913F912F910F900FBE0F901F9018959F
:107AD00026E8230F0296A11DB11DD2CF1F920F924F
:107AE0000FB60F9211240BB60F922F933F934F9323
:107AF0005F936F937F938F939F93AF93BF93EF9316
:107B0000FF9388E29CE00E94E90DFF91EF91BF9105
:107B1000AF919F918F917F916F915F914F913F9125
:107B20002F910F900BBE0F900FBE0F901F901895C6
:107B30001F920F920FB60F9211240BB60F922F9334
:107B40008F939F93EF93FF93E091380CF091390C52
:107B50008081E0913E0CF0913F0C82FD1DC0908130
:107B60008091410C8F5F8F732091420C821741F0FE
:107B7000E091410CF0E0E85DF34F958F8093410C6C
:107B8000FF91EF919F918F912F910F900BBE0F90CE
:107B90000FBE0F901F9018958081F2CF1F920F9209
:107BA0000FB60F9211240BB60F922F933F934F9362
:107BB0005F936F937F938F939F93AF93BF93CF9375
:107BC000EF93FF9390910601C091AB0A8091AA0AAE
:107BD0003091A90A292F209523238923822B2091D4
:107BE0006D00C927C223C8239093AB0ACC23C1F1EF
:107BF000C0FF05C0E091990AF0919A0A1995C1FF5A
:107C000005C0E0919B0AF0919C0A1995C2FF05C03E
:107C1000E0919D0AF0919E0A1995C3FF05C0E0917D
:107C20009F0AF091A00A1995C4FF05C0E091A10A2E
:107C3000F091A20A1995C5FF05C0E091A30AF09141
:107C4000A40A1995C6FF05C0E091A50AF091A60AFD
:107C50001995C7FF05C0E091A70AF091A80A1995E8
:107C6000FF91EF91CF91BF91AF919F918F917F91B4
:107C70006F915F914F913F912F910F900BBE0F909D
:107C80000FBE0F901F9018951F920F920FB60F9274
:107C900011240BB60F922F933F934F935F936F93E3
:107CA0007F938F939F93AF93BF93CF93EF93FF9364
:107CB00090910301C091980A8091970A3091960A99
:107CC000292F209523238923822B2091950AC927C8
:107CD000C223C8239093980ACC2389F1C0FF05C022
:107CE000E091870AF091880A1995C1FF05C0E091DB
:107CF000890AF0918A0A1995C2FF05C0E0918B0AA2
:107D0000F0918C0A1995C3FF05C0E0918D0AF0919E
:107D10008E0A1995C4FF05C0E0918F0AF091900A70
:107D20001995C5FF05C0E091910AF091920A199545
:107D3000C6FF05C0E091930AF091940A1995FF914E
:107D4000EF91CF91BF91AF919F918F917F916F9163
:107D50005F914F913F912F910F900BBE0F900FBEEF
:107D60000F901F9018951F920F920FB60F9211242B
:107D70000BB60F922F933F934F935F936F937F9325
:107D80008F939F93AF93BF93CF93EF93FF9393B151
:107D9000C091860A8091850A3091840A292F209506
:107DA00023238923822B20916B00C927C223C82358
:107DB0009093860ACC23C1F1C0FF05C0E091740AFC
:107DC000F091750A1995C1FF05C0E091760AF0910E
:107DD000770A1995C2FF05C0E091780AF091790AF7
:107DE0001995C3FF05C0E0917A0AF0917B0A1995B5
:107DF000C4FF05C0E0917C0AF0917D0A1995C5FF8A
:107E000005C0E0917E0AF0917F0A1995C6FF05C072
:107E1000E091800AF091810A1995C7FF05C0E091B1
:107E2000820AF091830A1995FF91EF91CF91BF914A
:107E3000AF919F918F917F916F915F914F913F9102
:107E40002F910F900BBE0F900FBE0F901F901895A3
:107E50001F920F920FB60F9211240BB60F922F9311
:107E60003F934F935F936F937F938F939F93AF93C2
:107E7000BF93EF93FF93E091720AF091730A199503
:107E8000FF91EF91BF91AF919F918F917F916F91F2
:107E90005F914F913F912F910F900BBE0F900FBEAE
:107EA0000F901F9018951F920F920FB60F921124EA
:107EB0000BB60F922F933F934F935F936F937F93E4
:107EC0008F939F93AF93BF93EF93FF93E091700ACB
:107ED000F091710A1995FF91EF91BF91AF919F9128
:107EE0008F917F916F915F914F913F912F910F9063
:107EF0000BBE0F900FBE0F901F9018951F920F9200
:107F00000FB60F9211240BB60F922F933F934F93FE
:107F10005F936F937F938F939F93AF93BF93EF93F1
:107F2000FF93E0916E0AF0916F0A1995FF91EF911E
:107F3000BF91AF919F918F917F916F915F914F9181
:107F40003F912F910F900BBE0F900FBE0F901F907F
:107F500018951F920F920FB60F9211240BB60F9225
:107F60002F933F934F935F936F937F938F939F9341
:107F7000AF93BF93EF93FF93E0916C0AF0916D0A7A
:107F80001995FF91EF91BF91AF919F918F917F9143
:107F90006F915F914F913F912F910F900BBE0F907A
:107FA0000FBE0F901F9018951F920F920FB60F9251
:107FB00011240BB60F922F933F934F935F936F93C0
:107FC0007F938F939F93AF93BF93EF93FF93E09132
:107FD0006A0AF0916B0A1995FF91EF91BF91AF91E9
:107FE0009F918F917F916F915F914F913F912F91D1
:107FF0000F900BBE0F900FBE0F901F9018951F9201
:108000000F920FB60F9211240BB60F922F933F933E
:108010004F935F936F937F938F939F93AF93BF9390
:10802000EF93FF93E091680AF091690A1995FF9127
:10803000EF91BF91AF919F918F917F916F915F91E0
:108040004F913F912F910F900BBE0F900FBE0F904D
:108050001F9018951F920F920FB60F9211240BB616
:108060000F922F933F934F935F936F937F938F93D1
:108070009F93AF93BF93EF93FF93E091660AF091C4
:10808000670A1995FF91EF91BF91AF919F918F91E1
:108090007F916F915F914F913F912F910F900BBE08
:1080A0000F900FBE0F901F9018951F920F920FB652
:1080B0000F9211240BB60F922F933F934F935F9320
:1080C0006F937F938F939F93AF93BF93EF93FF93A0
:1080D000E091640AF091650A1995FF91EF91BF91C3
:1080E000AF919F918F917F916F915F914F913F9150
:1080F0002F910F900BBE0F900FBE0F901F901895F1
:10810000CF92DF92EF92FF920F931F93CF93DF9363
:10811000E8E2FCE01382128288EE93E0A0E0B0E097
:1081200084839583A683B78384E392E091838083DD
:1081300085EC90E09587848784EC90E0978786872C
:1081400080EC90E0918B808B81EC90E0938B828B24
:1081500082EC90E0958B848B86EC90E0978B868BFD
:10816000118E128E138E148E8CE08093720E80937B
:10817000EB0DC5ECDCE084E090E09983888380E33C
:108180008A8382E090E09C838B838AE090E09E83E8
:108190008D8386E090E098878F8384E490E09A87CF
:1081A000898761E084E00E94A90B60E08D810E94D4
:1081B000A90B61E08F810E94A90B60E08B810E9476
:1081C000A90B61E089850E94A90B85E090E090935E
:1081D000590D8093580D81E380935A0D0BE51DE0F6
:1081E00083E090E0F801918380838DE5C82E8DE0D7
:1081F000D82E8BE090E0F601918380839FE5E92EF5
:108200009DE0F92E87E090E0F70191838083C1E63D
:10821000DDE085E490E09983888361E085E00E9459
:10822000A90B60E0F60180810E94A90B61E0F701D3
:1082300080810E94A90B60E0F80180810E94A90B57
:1082400061E08881DF91CF911F910F91FF90EF90B6
:10825000DF90CF900C94A90BCF93DF93CDB7DEB70F
:10826000CC51D1400FB6F894DEBF0FBECDBF78948D
:1082700084B5826084BD84B5816084BD85B582602B
:1082800085BD85B5816085BD80916E0081608093DC
:108290006E00109281008091810082608093810045
:1082A0008091810081608093810080918000816055
:1082B000809380008091B10084608093B1008091B0
:1082C000B00081608093B0008091910082608093C3
:1082D0009100809191008160809391008091900045
:1082E0008160809390008091A10082608093A100C2
:1082F0008091A10081608093A1008091A0008160A5
:108300008093A0008091210182608093210180915F
:1083100021018160809321018091200181608093FF
:10832000200180917A00846080937A0080917A00A5
:10833000826080937A0080917A00816080937A00D5
:1083400080917A00806880937A001092C1001E01AB
:1083500028E8220E311CC1010196C55EDE4F9983CB
:108360008883CB51D14060E082E10E94A90B61E09B
:108370008CE00E94A90B61E08DE00E94A90B61E0F6
:1083800082E40E94A90B61E083E40E94A90B61E0F2
:1083900081E40E94A90B8091080180648093080108
:1083A00080910801806180930801809108018068B4
:1083B0008093080180910801806280930801BE01CA
:1083C000615F7E4F80EF9FE00E94901CB10184EFBF
:1083D0009FE00E94901CC15FDE4F88819981AA8135
:1083E000BB81CF50D1408F3FEFEF9E07AE07BE0756
:1083F00009F094C0F10180819181A281B3818F3F06
:108400009F4FAF4FBF4F09F097C080E794E00E94A5
:10841000241A86E30E94DA0BBC01990F880B990B92
:10842000611571058105910511F00E945D4C0E9456
:108430000E4C2FEF3FEF40E050E00E942752C15F0B
:10844000DE4F688379838A839B83CF50D14089E351
:108450000E94DA0BBC01990F880B990B611571050D
:108460008105910511F00E945D4C0E940E4C2FEF8A
:108470003FEF40E050E00E942752D1016D937D9381
:108480008D939C931397BE01615F7E4F80EF9FE0B9
:108490000E94971FB10184EF9FE00E94971FF10196
:1084A00083818F9382818F9381818F9380818F933A
:1084B000CE5EDE4F8881C251D1408F93CF5EDE4FBA
:1084C0008881C151D1408F93C05FDE4F8881C051F8
:1084D000D1408F93C15FDE4F8881CF50D1408F93C1
:1084E00025E934E03F932F938EE49BE09F938F9395
:1084F0000E94485582E895E00E94361A8EE49BE07F
:108500000E94241A6CE47DE180E090E00E94160C49
:108510000FB6F894DEBF0FBECDBF0EC0892B8A2BDD
:108520008B2B51F4F10180819181A281B381892B40
:108530008A2B8B2B09F469CFD10113968C91139759
:108540008F9312968C9112978F9311968C9111970D
:108550008F938C918F93CE5EDE4F8881C251D14034
:108560008F93CF5EDE4F8881C151D1408F93C05F22
:10857000DE4F8881C051D1408F93C15FDE4F88812B
:10858000CF50D1408F93E5E9F4E0FF93EF938EE471
:108590009BE09F938F930E94485590E080E00E945B
:1085A00011520FB6F894DEBF0FBECDBF8C3009F468
:1085B000EEC10E94820E60E072EC81E090E00E94C9
:1085C0007D0A6CED75E080E090E00E94160C88E278
:1085D0009CE00E94620E80EA94E00E94241A8CE0E3
:1085E000D1018C9341E150E06FE172E0C55EDE4F56
:1085F00088819981CB51D1400E94FC5484E4F101DF
:10860000828B41E150E06EE47BE0C10143960E9421
:10861000FC54D10194961C92949795961C92959730
:1086200080E896968C93969786E997968C93979781
:1086300088E998968C93989799961C9299979A9610
:108640001C929A979B961C929B979C961C929C9727
:108650009D961C929D979E961C929E9781EE9F964A
:108660008C939F9785EFD0968C93D09785E0D19689
:108670008C93D197D2961C92D297D3961C92D39773
:10868000D4961C92D497D5961C92D59784E190E00D
:10869000D7969C938E93D69785E090E0D9969C933D
:1086A0008E93D897DB961C921E92DA978BE090E01F
:1086B000DD969C938E93DC9780E5DE968C9380E02C
:1086C00092ECA1E0B0E0F101FF9680839183A28358
:1086D000B38381E4C353DF4F8883CD5CD04082E411
:1086E000C253DF4F8883CE5CD040C153DF4F188226
:1086F000CF5CD040C053DF4F1882C05DD040CF5216
:10870000DF4F1882C15DD040CE52DF4F1882C25D6C
:10871000D040CD52DF4F1882C35DD040CC52DF4FE6
:108720001882C45DD040CB52DF4F1882C55DD04067
:10873000CA52DF4F1882C65DD040C952DF4F18823F
:10874000C75DD040C852DF4F1882C85DD040C752C5
:10875000DF4F1882C95DD040C652DF4F1882CA5D14
:10876000D040C552DF4F1882CB5DD040C452DF4F9E
:108770001882CC5DD040C352DF4F1882CD5DD0400F
:10878000C252DF4F1882CE5DD04082E5C553DF4F25
:108790008883CB5CD040C453DF4F8883CC5CD0400F
:1087A00094ECC152DF4F9883CF5DD04089E0C05236
:1087B000DF4F8883C05ED040CF51DF4F1882C15E4B
:1087C000D040CE51DF4F1882C25ED040CD51DF4F36
:1087D0001882C35ED040CC51DF4F1882C45ED040B7
:1087E000CB51DF4F1882C55ED040CA51DF4F18828F
:1087F000C65ED040C951DF4F9883C75ED040C85194
:10880000DF4F8883C85ED040C751DF4F1882C95EF2
:10881000D040C651DF4F1882CA5ED040C551DF4FED
:108820001882CB5ED040C451DF4F1882CC5ED0405E
:10883000C351DF4F1882CD5ED040C251DF4F188246
:10884000CE5ED040C151DF4F1882CF5ED040C051C4
:10885000DF4F1882C05FD040CF50DF4F1882C15F1A
:10886000D040CE50DF4F1882C25FD040CD50DF4F96
:108870001882C35FD040CC50DF4F1882C45FD04015
:10888000CB50DF4F1882C55FD040CA50DF4F1882EF
:10889000C65FD040C950DF4F1882C75FD040C85074
:1088A000DF4F1882C85FD040C750DF4F1882C95FC2
:1088B000D040C650DF4F1882CA5FD040C550DF4F4E
:1088C0001882CB5FD040C450DF4F1882CC5FD040BD
:1088D000C350DF4F1882CD5FD040C250DF4F1882A7
:1088E000CE5FD040C150DF4F1882CF5FD040C05024
:1088F000DF4F1882C050D140CF5FDE4F1882C15089
:10890000D140CE5FDE4F1882C250D140CD5FDE4FE6
:108910001882C350D140CC5FDE4F1882C450D14082
:10892000CB5FDE4F1882C550D140CA5FDE4F188240
:10893000C650D140C95FDE4F1882C750D140C85FD2
:10894000DE4F1882C850D140C75FDE4F1882C95031
:10895000D140C65FDE4F1882CA50D140C55FDE4F9E
:108960001882CB50D140C45FDE4F1882CC50D1402A
:10897000C35FDE4F1882CD50D140C25FDE4F1882F8
:10898000CE50D140B10190E080E00E94F21FE2E7BA
:108990008E2EEEE09E2E10E000E0C8010E941152E3
:1089A000F40181934F010F5F1F4F07381105A9F79D
:1089B0000E94820E6091B10E7091B20E8091B30E42
:1089C0009091B40E0E947D0A6CED75E080E090E01D
:1089D0000E94160C88E29CE00E94620E9FB7F894F9
:1089E00080915F0B882319F0815080935F0B8091F9
:1089F0005F0B811105C08CB58F7B8CBD1092270C4D
:108A00009FBF1FB7F89480915F0B811127C0E4E4EA
:108A1000F3E18491EAE8F3E19491E82FF0E0EE0FBE
:108A2000FF1FEF53FD4EA591B491EC91E92321F482
:108A300061E085E30E947B0B61E085E30E94A90B66
:108A40008CB580618CBD8CB580648CBD61E084E3A5
:108A50000E94A90B61E083E30E94A90B80915F0B48
:108A60008F5F80935F0B1FBF85E492E00E94241A02
:108A700085EC94E00E94241A86EE94E00E94241A69
:108A800085E492E00E94241A86E195E00E94241A6F
:108A90008CE295E00E94241A87E8E2E7FEE0DE011E
:108AA000119601900D928A95E1F763E475E0C1019A
:108AB0000E94F5546FE172E0C1010E94D6546BE54B
:108AC00072E0C1010E94D65467E172E0C1010E94C8
:108AD000D65467EA77E0C1010E94D654C1010E94D2
:108AE000441A90E080E00E9411529B89292F092EA0
:108AF000000C330B3F939F931F928F9386E595E075
:108B00009F938F933F922F920E944855C1010E94DC
:108B1000441A6CE775E0C1010E94F554BE016C5E19
:108B20007F4FC1010E94D654C1010E94441A62E9DC
:108B300075E0C1010E94F5540FB6F894DEBF0FBE78
:108B4000CDBFEDA1E830A0F4F0E08827E555FA4B61
:108B50008F4F0C94EB52B345154818481E481B48DC
:108B60002148244827486DEB75E0C1010E94D65486
:108B7000C1010E94441A62E076E0C1010E94F554EE
:108B8000EBADFCADD1010D900020E9F71E161F06DC
:108B90000CF460C2CD01FF93EF9323E136E03F93E5
:108BA0002F9301979F938F930E9448550F900F909A
:108BB0000F900F900F900F90C1010E94441A8EAD3C
:108BC0008F938DAD8F9385E596E09F938F933F9222
:108BD0002F920E944855C1010E94441A8FAD282F40
:108BE000082E000C330B3F938F938FE696E09F93F4
:108BF0008F933F922F920E944855C1010E94441AC0
:108C000024968FAD24978F9323968FAD23978F93C0
:108C100022968FAD22978F9321968FAD21978F93B8
:108C20008CE796E09F938F933F922F920E94485536
:108C3000C1010E94441A28968FAD2897282F082E2C
:108C4000000C330B3F938F9327968FAD2797282FD8
:108C5000082E000C330B3F938F9382E996E09F938D
:108C60008F933F922F920E944855C1010E94441A4F
:108C70008EA10FB6F894DEBF0FBECDBF882309F4D6
:108C800022C2282F082E000C330B3F938F9387EAC4
:108C900096E09F938F933F922F920E9448550F909A
:108CA0000F900F900F900F900F90C1010E94441AE7
:108CB000BFA1CD5EDE4FB883C351D140E8A5CB5EE6
:108CC000DE4FE883C551D14049A45AA46BA47CA4CB
:108CD0008DA49EA440E4A42E52E4B52E6FE0C62ECF
:108CE000D12CE12CF12C00E010E02B2F3E2FA20123
:108CF000B301C4010E9485535F934F933F932F9319
:108D0000CD5EDE4F2881C351D140CB5EDE4F38812E
:108D1000C551D140A201B301C4010E9487535F93A2
:108D20004F933F932F938FEC96E09F938F933F92B7
:108D30002F920E944855C1010E94441AFFA5CD5EA2
:108D4000DE4FF883C351D14028A9CB5EDE4F288384
:108D5000C551D14049A85AA86BA87CA88DA89EA847
:108D60002F2FCB5EDE4F3881C551D140A201B30118
:108D7000C4010E9485535F934F933F932F93CD5E21
:108D8000DE4F2881C351D140CB5EDE4F3881C551C3
:108D9000D140A201B301C4010E9487535F934F9356
:108DA0003F932F938AEE96E09F938F933F922F925B
:108DB0000E944855C1010E94441A88AD8F938FA923
:108DC0008F9386E097E09F938F933F922F920E941C
:108DD0004855C1010E94441A64968FAD64978F93E1
:108DE00063968FAD63978F9362968FAD62978F93E3
:108DF00061968FAD61978F932C968FAD2C978F9343
:108E00002B968FAD2B978F932A968FAD2A978F93A2
:108E100029968FAD29978F9386E197E09F938F9343
:108E20003F922F920E9448550FB6F894DEBF0FBEB6
:108E3000CDBFC1010E94441A8AAD8F9389AD8F9333
:108E400086E397E09F938F933F922F920E9448551D
:108E5000C1010E94441AA4968FADA4978F93A39644
:108E60008FADA3978F93A2968FADA2978F93A19664
:108E70008FADA1978F936C968FAD6C978F936B96F8
:108E80008FAD6B978F936A968FAD6A978F93699624
:108E90008FAD69978F9386E497E09F938F933F926E
:108EA0002F920E944855C1010E94441AE4968FAD4A
:108EB000E4978F93E3968FADE3978F93E2968FAD10
:108EC000E2978F93E1968FADE1978F93AC968FAD3C
:108ED000AC978F93AB968FADAB978F93AA968FADD0
:108EE000AA978F93A9968FADA9978F938AE697E05B
:108EF0009F938F933F922F920E944855C1010E94E9
:108F0000441ACD57DF4F8881C358D0408F93CE5736
:108F1000DF4F8881C258D0408F93CF57DF4F888171
:108F2000C158D0408F93C058DF4F8881C058D0407F
:108F30008F93EC968FADEC978F93EB968FADEB976D
:108F40008F93EA968FADEA978F93E9968FADE99765
:108F50008F938CE897E09F938F933F922F920E947C
:108F600048550FB6F894DEBF0FBECDBFC1010E94B9
:108F7000441A86E195E00E94241A85E492E00E945A
:108F8000241A80917B0B811132C389EA97E00E94F9
:108F9000241A85E492E00E94361A07E010E06AEF96
:108FA00070E080E090E00E94160C8EE20E945D0E60
:108FB00088E29CE00E94D30D892B09F08AC06AEFF9
:108FC00070E080E090E00E94160C8EE20E945D0E40
:108FD00088E29CE00E94D30D892B09F07AC06AEFE9
:108FE00070E080E090E00E94160C8EE20E945D0E20
:108FF00088E29CE00E94D30D892B09F06AC06AEFD9
:1090000070E080E090E00E94160C8EE20E945D0EFF
:1090100088E29CE00E94D30D892B09F05AC00150D0
:10902000110909F0BCCF10E055C065EA75E09DCD8F
:1090300066EB75E09ACD67EC75E097CD6EEC75E068
:1090400094CD61EE75E091CD60EF75E08ECD66EF69
:1090500075E08BCD8D0101501109EA30F10534F531
:1090600021E030E080E090E0912C812CAAE0B0E09B
:10907000AC010E9446529B01BFEF8B1A9B0AE81578
:10908000F905A1F79F938F933F936F93FF93EF930E
:1090900080E296E09F938F931F930F930E94485511
:1090A0000FB6F894DEBF0FBECDBF86CDFF93EF9312
:1090B000FF93EF938AE396E09F938F931F930F9311
:1090C0000E944855EDCF6AEB76E0C1010E94F5544D
:1090D000ECCD11E082E492E00E94171A88E29CE055
:1090E0000E94D30D892B29F088E29CE00E94B10DEB
:1090F000F5CF112331F00E94B6180E94D4350E949A
:109100008E1B8091A00E8093730B8091A10E809393
:10911000740B8091A20E8093750B8091A30E8093A7
:10912000760B8091A40E8093770B8091A50E80938F
:10913000780B8091A60E8093790B8091A70E809377
:109140007A0BA090980EB090990EC0909A0ED09085
:109150009B0EE0909C0EF0909D0E00919E0E109143
:109160009F0E20E030E145EA54ED68EE70E080E0CB
:1091700090E00E94875320936B0B30936C0B4093CD
:109180006D0B50936E0B60936F0B7093700B80930D
:10919000710B9093720BE091A80EF091A90ECB5E2B
:1091A000DE4FF983E883C551D140F0936A0BE09319
:1091B000690B95EC492E9CE0592E27EB3EE0C75EEB
:1091C000DE4F39832883C951D14029EB622E2EE02E
:1091D000722E3DE0832E3DE0932E8DE49DE0CD5E2A
:1091E000DE4F99838883C351D140C95EDE4F198217
:1091F0001882C751D140F20113AEFB961182128240
:109200001382148215821682178243E9C95EDE4FEB
:1092100028813981C751D140429FD001439FB00D71
:109220001124AB53B34FFD013B961B961C92118248
:10923000128213821482158216821782D2019B96A3
:109240001C929B979C961C929C979D961C929D9716
:109250009E961C929E979F961C929F97D0961C92CA
:10926000D097D1961C92D197D2961C92F40110827D
:10927000118212821382148215821682178210863E
:109280001186128613861486158616861786108A0E
:10929000118A128A138A148A158A168A178A10AEBE
:1092A00011AE12AE13AE14AE15AE16AE17AEC75E4B
:1092B000DE4FE881F981C951D1408191C75EDE4F0F
:1092C000F983E883C951D140CD5EDE4FA881B981D1
:1092D000C351D14018968C93F30120813181428192
:1092E00053816481758186819781F8E06F0E711CCE
:1092F000D40158962C93589759963C9359975A965F
:109300004C935A975B965C935B975C966C935C97D7
:109310005D967C935D975E968C935E975F969C932B
:10932000D3011896EC91D4019096EC93D301199641
:10933000EC91D4019196EC93D3011A96EC91D4015F
:109340009296EC93D3011B96EC91D4019396EC93F7
:10935000D3011C96EC91D4019496EC93D3011D9605
:10936000EC91D4019596EC93D3011E96EC91D40127
:109370009696EC93D3011F96EC91D4019796EC93BB
:10938000D3015896EC91D4019896EC93D301599659
:10939000EC91D4019996EC93D3015A96EC91D401B7
:1093A0009A96EC93D3015B96EC91D4019B96EC9347
:1093B000D3015C96EC91D4019C96EC93D3015D961D
:1093C000EC91D4019D96EC93D3015E96EC91D4017F
:1093D0009E96EC93D3015F96EC91D4019F96EC930B
:1093E0009F97F301A0A4B1A4C2A4D3A4E4A4F5A4BC
:1093F00006A517A50E949254D0962C93D097D1968B
:109400003C93D197D2964C93D297D3965C93D397B3
:10941000D4966C93D497D5967C93D597D6968C9307
:10942000D697D7969C93CD5EDE4FA881B981C35164
:10943000D1401D921D921D921C921397FD01148222
:109440001582168217828091AE0E9091AF0E8D30EC
:1094500091050CF0D8C097FD80E0809301028091C7
:10946000AC0E80930002F1E0F093600B60E0D2015B
:109470008C910E947B0B65E070E080E090E00E94A0
:10948000160C61E0F20180810E947B0B65E070E0C8
:1094900080E090E00E94160CCB5EDE4F288139817F
:1094A000C551D14040E42A30310549F040EC283222
:1094B000310529F040E82230310509F440E0CD5E65
:1094C000DE4FA881B981C351D1401A964C9361E017
:1094D000C2010E945C1047E063E0C2010E945C1080
:1094E0004091AA0E66E0C2010E945C1040E067E075
:1094F000C2010E945C10F2018281803309F085C0B4
:109500008091B50E863409F085C088E08368CD5E11
:10951000DE4FA881B981C351D14019968C93C20105
:109520000E940B11C2010E942E16B3E94B0E511C72
:10953000E3E98E0E911CCD5EDE4F28813981C35147
:10954000D1402D563F4FCD5EDE4F39832883C35126
:10955000D140C95EDE4F88819981C751D1400197C2
:1095600009F048C08091B00E803509F0A4C060EDCC
:1095700077E080E090E00E94160C61E08EE30E94AC
:10958000A90B60E08EE30E947B0B68EE73E080E045
:1095900090E00E94160C82E10E94520B21E0892B80
:1095A00009F420E002E010E0822E912C8FE0682E7A
:1095B000712C82E10E94520B8815990569F5C3014F
:1095C0000197F1F703331105A0F70F5F1F4F023327
:1095D000110579F785E492E00E94241A85E492E06F
:1095E0000E94241A8EEC97E00E94241AE2CF109277
:1095F0007B0B87CDA1E0B0E0C95EDE4FB983A883C5
:10960000C751D140F8CD8CE028CF813319F4809137
:10961000B60E78CF80E07ACF61E08EE30E947B0BBC
:109620008EE30E94520B892BD9F31092610B10929A
:10963000620B1092630B1092640B1092650B1092E8
:10964000660B1092670B1092680B42E068E47CE0B6
:1096500082E10E94261943E06CE67CE082E00E94F1
:10966000261943E067E87CE083E00E94261960E069
:109670008EE30E947B0B60E08EE30E94A90B809139
:109680007C0B81114FC085E492E00E94241AE09186
:10969000960EE83008F046C0F0E08827ED5AF44B0B
:1096A0008F4F0C94EB52684B774B864B7A4B7D4B2C
:1096B000804B834BBC4B85E492E00E94241A85E4E6
:1096C00092E00E94241A88EF97E00E94241AA8CF03
:1096D00084E298E00E94361A8091AE0E9091AF0E0F
:1096E0000E94151C8FE398E00E94241A1BC080E59D
:1096F00098E0F0CF80E898E0EDCF84EA98E0EACFF8
:109700008CEB98E0E7CF81EF98E0EECF86E299E02E
:109710000E94241A80E599E00E94241A82E492E0D3
:109720000E94171A809108018F7B80930801809115
:1097300008018F7E80930801809108018F778093C4
:109740000801809108018F7D8093080180910801B4
:10975000877F8093080180917C0B882381F0109291
:109760007C0B81E08093020284EC99E00E94241A31
:109770000E949F0E0C94B34187EA99E0B5CF0E94F6
:109780005E36F6CF8F929F92AF92BF92CF92DF92CA
:10979000EF92FF92CF93DF93EC01688179818A8108
:1097A0009B81611571058105910521F464E279EDD4
:1097B0008BE597E02DE133EF41E050E00E94275226
:1097C00049015A019B01AC01A7EAB1E40E9446524B
:1097D0006B017C01ACEEB4EFA50194010E945452E0
:1097E000C60ED71EE81EF91EF7FE06C081E0C81A95
:1097F000D108E10880E8F80AC882D982EA82FB82AF
:10980000C701B6019F77DF91CF91FF90EF90DF9076
:10981000CF90BF90AF909F908F9008958F929F921E
:10982000AF92BF92CF92DF92EF92FF9260910302CC
:1098300070910402809105029091060261157105F4
:109840008105910521F464E279ED8BE597E02DE146
:1098500033EF41E050E00E94275249015A019B0139
:10986000AC01A7EAB1E40E9446526B017C01ACEE68
:10987000B4EFA50194010E945452C60ED71EE81EF3
:10988000F91EF7FE06C081E0C81AD108E10880E899
:10989000F80AC0920302D0920402E0920502F0920C
:1098A0000602C701B6019F77FF90EF90DF90CF903F
:1098B000BF90AF909F908F90089560930302709334
:1098C0000402809305029093060208958F929F925E
:1098D000AF92BF92CF92DF92EF92FF920F931F93BE
:1098E000CF93DF935C017B016115710519F0DB01FA
:1098F0008D939C9385010F5F1F4FF501D0818D2FB4
:1099000090E00E94C44D6C01892BB9F5DD32B9F5A8
:109910000F5F1F4FD5011196DC91C1E05801F1E0B6
:10992000AF1AB10843E050E068EE71E0C5010E9453
:10993000E84D892B69F5680182E0C80ED11C45E02D
:1099400050E063EE71E0C6010E94E84D892B21F4DE
:10995000680197E0C90ED11CE114F10419F0D70198
:10996000CD92DC9260E070E080E89FEFC111FFC013
:1099700060E070E080E89FE7FAC05801BBCFDB32BF
:1099800029F485010E5F1F4FF501D181C0E0C6CFDC
:1099900043E050E060EE71E0C5010E94E84D892B84
:1099A000E9F0F80110E000E020E030E0A9015F01FB
:1099B000B0ED8B2E8D0E89E08815C8F19C2E689431
:1099C00091F88C2F8870C2FF16C0811102C00F5F02
:1099D0001F4F3196D501DC91C92DE9CFE114F10477
:1099E00029F00E5F1F4FF7011183008360E070E0E4
:1099F00080EC9FE7BCC0882311F001501109A5E05D
:109A0000B0E00E9446529B01AC01220F331F441F5D
:109A1000551F280D311D411D511D283999E9390760
:109A2000490799E15907A8F2C6609C2ED2CFAEEF44
:109A30008A1206C0C3FD3CC09C2E689493F8C9CF1F
:109A4000DF7DD534A9F580818D3239F4C061DF0125
:109A50001296818162E070E006C0DF018B32C1F3B3
:109A6000119661E070E080535D01A61AB70A8A3052
:109A7000F8F4E0E8CE16ECE0DE065CF4B601660F22
:109A8000771F660F771FC60ED71ECC0CDD1CC80EC5
:109A9000D11C5D01FFEFAF1ABF0A8C9180538A3051
:109AA000A8F1C4FF03C0D194C194D1080C0D1D1DB1
:109AB000C1FF09C0E114F10431F081E0A81AB10836
:109AC000D701AD92BC92CA01B9010E94494EC37040
:109AD000C33009F490584B015C0120E030E0A9014B
:109AE0000E94444E882309F440C0C7E1D2E017FF2A
:109AF00005C0119501951109CFEFD1E06E01B8E1D4
:109B0000CB1AD10880E2E82EF12C0FC0D501B1CFDD
:109B1000FE0125913591459154910E191F09C501FA
:109B2000B4010E94AA4E4B015C01D501C4010E157F
:109B30001F0574F72497F594E794CC16DD06A9F772
:109B40008A2F880F8B2F881F8F3F49F020E030E04D
:109B5000A901C501B4010E94444E811106C082E2F0
:109B600090E09093FA0E8093F90EC501B401DF9155
:109B7000CF911F910F91FF90EF90DF90CF90BF900A
:109B8000AF909F908F90089591110C94195180324D
:109B900019F089508550C8F70895FB01DC0102C017
:109BA00005900D9241505040D8F70895FB01DC011B
:109BB0000D900020E9F7119705900D920020E1F734
:109BC0000895FB01DC0105900D920020E1F7089556
:109BD000FB01DC014150504088F08D9181341CF034
:109BE0008B350CF4805E659161341CF06B350CF4A0
:109BF000605E861B611171F3990B0895881BFCCF81
:109C0000DC01FB014150504058F049F001900D92A9
:109C10000020C1F7E61BF70B3197CF0108951C9286
:109C200001900020E9F7F6CF0F931F93CF93DF93B6
:109C3000CDB7DEB72E970FB6F894DEBF0FBECDBFFF
:109C40000E891F898EE08C831A8309838FEF9FE72B
:109C50009E838D83AE01465E5F4F688D798DCE0108
:109C600001960E94174F2F813885020F131FF801AC
:109C700010822E960FB6F894DEBF0FBECDBFDF91D7
:109C8000CF911F910F9108950E94864E08F481E0B4
:109C90000895E89409C097FB3EF4909580957095DF
:109CA00061957F4F8F4F9F4F9923A9F0F92F96E928
:109CB000BB279395F695879577956795B795F1119D
:109CC000F8CFFAF4BB0F11F460FF1BC06F5F7F4F3A
:109CD0008F4F9F4F16C0882311F096E911C077234C
:109CE00021F09EE8872F762F05C0662371F096E855
:109CF000862F70E060E02AF09A95660F771F881F24
:109D0000DAF7880F9695879597F90895990F0008C7
:109D1000550FAA0BE0E8FEEF16161706E807F9073D
:109D2000C0F012161306E407F50798F0621B730BD8
:109D3000840B950B39F40A2661F0232B242B252B59
:109D400021F408950A2609F4A140A6958FEF811DFC
:109D5000811D08950E94BD4E0C94D7510E94C95197
:109D600038F00E94D05120F0952311F00C94C0518E
:109D70000C94C65111240C940B520E94E85170F3BC
:109D8000959FC1F3950F50E0551F629FF001729FA0
:109D9000BB27F00DB11D639FAA27F00DB11DAA1FAF
:109DA000649F6627B00DA11D661F829F2227B00DFC
:109DB000A11D621F739FB00DA11D621F839FA00D87
:109DC000611D221F749F3327A00D611D231F849FD7
:109DD000600D211D822F762F6A2F11249F5750402E
:109DE0009AF0F1F088234AF0EE0FFF1FBB1F661FA9
:109DF000771F881F91505040A9F79E3F510580F072
:109E00000C94C0510C940B525F3FE4F3983ED4F392
:109E1000869577956795B795F795E7959F5FC1F715
:109E2000FE2B880F911D9695879597F908952F928F
:109E30003F924F925F926F927F928F929F92AF92DA
:109E4000BF92CF92DF92EF92FF920F931F93CF9327
:109E5000DF9300D000D000D01F921F92CDB7DEB7A5
:109E60007C013B018A01FC0117821682838181FFFC
:109E7000DDC1CE0101965C01F7019381F30193FDF1
:109E8000859193FF81913F01882309F453C1853265
:109E900039F493FD859193FF81913F01853229F437
:109EA000B70190E00E943251E7CF912C212C312C48
:109EB000FFE1F31538F08B3211F190F4803209F1A3
:109EC000833229F137FC3CC020ED280F2A3050F5B1
:109ED00036FE20C08AE0989E200D1124922E06C0E6
:109EE0008D3291F0803371F7689430F8F30193FD6F
:109EF000859193FF81913F018111DACF21C0689450
:109F000031F8689432F8F2CF689433F8EFCF689460
:109F100034F8ECCFEAE02E9E200D1124222E689416
:109F200035F8E4CF8E3229F436FC04C1689436F853
:109F3000DDCF8C3619F4689437F8D8CF8836B1F273
:109F4000982F9F7D95549330E0F08336A1F18337AD
:109F5000C1F1833509F063C02801F2E04F0E511CB6
:109F6000F801C080D180692D70E036FC02C06FEF2F
:109F70007FEFC6010E941C514C01689437F88201A2
:109F80000AC00C5F1F4FFFE3F98388248394912C50
:109F90006501E89437F833FE2DC0522C81149104EA
:109FA00071F5552009F468CFB70180E290E00E9476
:109FB00032515A94F6CFF801808189830E5F1F4F8A
:109FC000E4CF2801F2E04F0E511CF801C080D1808F
:109FD000692D70E036FC02C06FEF7FEFC6010E9472
:109FE00027514C018201D5CFB70180E290E00E9459
:109FF00032512A942814190409F0B0F7CECFF60193
:10A0000037FC859137FE81916F01B70190E00E9486
:10A01000325151105A94F1E08F1A9108BFCF843613
:10A0200019F0893609F077C0F80137FE6BC06081FE
:10A030007181828193810C5F1F4FF32DFF763F2E3C
:10A0400097FF09C090958095709561957F4F8F4FD0
:10A050009F4F689437F82AE030E0A5010E946251D2
:10A06000C82ECA188C2C432C36FE0CC0E89440F83D
:10A07000C91440F434FE05C032FC03C0F32DFE7E4B
:10A080004F2E892C44FEAAC0FE01EC0DF11D8081EB
:10A09000803309F09CC0242D297E422E842D8870A7
:10A0A000582E43FCAAC040FEA4C09C2C821418F475
:10A0B0002C0C922C981844FEA6C0B70180E390E0C7
:10A0C0000E94325142FE09C088E790E041FE02C082
:10A0D00088E590E0B7010E943251C91408F49FC08E
:10A0E000CA94D12C9FEFC91AD90ACA0CDB1CF601FD
:10A0F00082916F01B70190E00E943251AC14BD040F
:10A10000B1F74FCF60817181072E000C880B990B3E
:10A110000E5F1F4F92CFD32CE894D4F82AE030E0A2
:10A120008537E1F1232D297FD22E8F36A9F1F0F466
:10A13000883551F1F701868197812B960FB6F894F7
:10A14000DEBF0FBECDBFDF91CF911F910F91FF906A
:10A15000EF90DF90CF90BF90AF909F908F907F90C7
:10A160006F905F904F903F902F900895803749F007
:10A17000883701F7D4FE02C06894D2F820E130E0BD
:10A180000DC06894D4F8F6CF34FE03C0822F8660E9
:10A19000D82E20E132E002C028E030E0F801D7FEFE
:10A1A0000FC060817181828193810C5F1F4FA50177
:10A1B0000E946251C82ECA183D2CE89437F852CF3D
:10A1C0006081718190E080E00E5F1F4FF0CF42FC14
:10A1D00002C0839463CF8394839460CF842D867868
:10A1E00009F45CCFF6CFB70180E290E00E943251D3
:10A1F00083948214C0F3512C5ECF522C58188214D1
:10A2000008F459CFF8CF842D867809F466CF8BE215
:10A2100041FE80E247FC8DE2B70190E05CCFB701E0
:10A2200080E390E00E9432519A9457CF8FEF9FEFD6
:10A2300084CF992788270895FC01059061507040CC
:10A240000110D8F7809590958E0F9F1F0895FC01FF
:10A250006150704001900110D8F7809590958E0F55
:10A260009F1F08950F931F93CF93DF93182F092FEC
:10A27000EB018B8181FD09C01FEF0FEF812F902F24
:10A28000DF91CF911F910F91089582FF14C02E810D
:10A290003F818C819D81281739073CF4E881F98141
:10A2A000CF0101969983888310838E819F810196C7
:10A2B0009F838E83E3CFE885F985812F1995892BBC
:10A2C000A1F3DACFFA01AA27283051F1203181F128
:10A2D000E8946F936E7F6E5F7F4F8F4F9F4FAF4FAE
:10A2E000B1E03ED0B4E03CD0670F781F891F9A1FC1
:10A2F000A11D680F791F8A1F911DA11D6A0F711D75
:10A30000811D911DA11D20D009F468943F912AE080
:10A31000269F11243019305D3193DEF6CF01089568
:10A32000462F4770405D4193B3E00FD0C9F7F6CF99
:10A33000462F4F70405D4A3318F0495D31FD405261
:10A34000419302D0A9F7EACFB4E0A69597958795F7
:10A3500077956795BA95C9F70097610571050895D6
:10A360009B01AC010A2E0694579547953795279582
:10A37000BA95C9F7620F731F841F951FA01D08951A
:10A3800097F99F6780E870E060E008959FEF80ECA8
:10A39000089500240A94161617061806090608954B
:10A3A00000240A9412161306140605060895092EB1
:10A3B0000394000C11F4882352F0BB0F40F4BF2B20
:10A3C00011F460FF04C06F5F7F4F8F4F9F4F089560
:10A3D00057FD9058440F551F59F05F3F71F0479556
:10A3E000880F97FB991F61F09F3F79F0879508953B
:10A3F000121613061406551FF2CF4695F1DF08C05A
:10A40000161617061806991FF1CF86957105610576
:10A4100008940895E894BB2766277727CB0197F91E
:10A420000895F999FECF92BD81BDF89A992780B51C
:10A430000895262FF999FECF1FBA92BD81BD20BD88
:10A440000FB6F894FA9AF99A0FBE01960895052E60
:10A4500097FB1EF400940E943E5257FD07D00E94C5
:10A46000595207FC03D04EF40C943E52509540953F
:10A47000309521953F4F4F4F5F4F089590958095B0
:10A48000709561957F4F8F4F9F4F08950E947B522B
:10A49000A59F900DB49F900DA49F800D911D112438
:10A4A0000895B7FF0C9446520E944652821B930BAC
:10A4B0000895A1E21A2EAA1BBB1BFD010DC0AA1F05
:10A4C000BB1FEE1FFF1FA217B307E407F50720F01D
:10A4D000A21BB30BE40BF50B661F771F881F991F98
:10A4E0001A9469F760957095809590959B01AC01E1
:10A4F000BD01CF010895A29FB001B39FC001A39FEA
:10A50000700D811D1124911DB29F700D811D1124AC
:10A51000911D0895BEE304D008F490E80895BFE3C8
:10A5200022273327A9010E94F05160F19F5748F17B
:10A53000B91740F1BFE3B91B9927B8503AF4660F39
:10A54000771F881F991FB395D2F316C0B8504AF0F1
:10A55000232F342F452F562F672F782F8827B85059
:10A56000BAF7B85F49F086957795679557954795FF
:10A5700037952795BA95B9F716F40E94C652889474
:10A580000895889460E070E0CB01089590958095DF
:10A590007095609550954095309521953F4F4F4F60
:10A5A0005F4F6F4F7F4F8F4F9F4F08950E94864E92
:10A5B00008F48FEF0895DB018F939F930E9446521A
:10A5C000BF91AF91A29F800D911DA39F900DB29F4F
:10A5D000900D11240895EE0FFF1F881F8BBF079069
:10A5E000F691E02D1994DF93CF931F930F939A9DCB
:10A5F000F02D219FF00D8B9DF00D8A9DE02DF10D2A
:10A60000039FF00D029FE00DF11D4E9DE00DF11D29
:10A610005E9DF00D4F9DF00D7F936F93BF92AF92B3
:10A620005F934F93D5010E947B528B01AC01D70100
:10A630000E947B52EB01E80FF91FD6010E944253A2
:10A640002F913F91D6010E947B52C60FD71FE81F62
:10A65000F91FAF91BF910E9442532F913F910E94E9
:10A660007B52C60FD71FE81FF91FD6010E947B52ED
:10A67000E60FF71F9801BE01CF010F911F91CF91F7
:10A68000DF9108950E947B52460F571FC81FD91FA4
:10A6900008F43196089597FB57FF0C945B539F93F2
:10A6A0008F930E945B536E1B7F0BAF91BF918A0B00
:10A6B0009B0B0895E894DF93CF93FC01DB010E948C
:10A6C0007B527F936F93E9019A01AC01BF93AF93E3
:10A6D0003F932F93DF010E947B5226F46C1B7D0B6E
:10A6E000820B930B9E01EB01FC010E944253AF9140
:10A6F000BF912F913F910E944253BE01CF01F901BA
:10A700002F913F91CF91DF910895689401C0E89413
:10A71000F92FF12B12F00C94B953A0E0B0E0E3E96B
:10A72000F3E50C942B54092E059422F40E94155441
:10A73000112392F4F0E80F26FFEFE094F0940095D7
:10A740001095B094C094D094A194BF0ACF0ADF0AA8
:10A75000EF0AFF0A0F0B1F0B0E94C45307FC0E9455
:10A760001554CDB7DEB7ECE00C944754689401C0A3
:10A77000E8948F929F92CF93DF930E94C453DF910E
:10A78000CF919F908F90089588249924F401E4013B
:10A79000B0E49F93AA279A158B049C04ED05FE054F
:10A7A000CF05D007A10798F4AD2FDC2FCF2FFE2FB8
:10A7B000E92D982C892E982F872F762F652F542FCF
:10A7C000432F322F2227B85031F7BF9127C01B2EBD
:10A7D000BF91BB27220F331F441F551F661F771FD2
:10A7E000881F991F881C991CEE1FFF1FCC1FDD1F9F
:10A7F000AA1FBB1F8A149B04EC05FD05CE05DF05CF
:10A80000A007B10748F08A189B08EC09FD09CE099A
:10A81000DF09A00BB10B21601A94E1F62EF494012C
:10A82000AF01BE01CD01000C089560957095809533
:10A83000909530954095509521953F4F4F4F5F4FE4
:10A840006F4F7F4F8F4F9F4F08952F923F924F92A0
:10A850005F926F927F928F929F92AF92BF92CF92B0
:10A86000DF92EF92FF920F931F93CF93DF93CDB7B9
:10A87000DEB7CA1BDB0B0FB6F894DEBF0FBECDBF31
:10A8800019942A88398848885F846E847D848C84F2
:10A890009B84AA84B984C884DF80EE80FD800C810B
:10A8A0001B81AA81B981CE0FD11D0FB6F894DEBFEE
:10A8B0000FBECDBFED010895002E083090F0982F07
:10A8C000872F762F652F542F432F322F22270850A2
:10A8D000F4CF220F331F441F551F661F771F881F99
:10A8E000991F0A95B2F7002D089597FD1094002E38
:10A8F000083098F00850232F342F452F562F672FFC
:10A90000782F892F912DF4CF15949795879577956A
:10A91000679557954795379527950A95AAF7112476
:10A92000002D08952A0D3B1D4C1D5D1D6E1D7F1DC4
:10A93000801F911F08950024A7FD00942A0F301D49
:10A94000401D501D601D701D801D901D08952A1909
:10A950003B094C095D096E097F09800B910B089535
:10A960002A153B054C055D056E057F05800791079F
:10A9700008950024A7FD00942A17300540055005CE
:10A980006005700580059005089591110895815620
:10A990008A5108F4805285580895FB01DC0102C0F9
:10A9A00001900D9241505040D8F70895FB01DC0111
:10A9B0000D900020E9F7119701900D920020E1F72A
:10A9C0000895FC018191861721F08823D9F79927F2
:10A9D00008953197CF010895FB01DC018D9101901D
:10A9E00080190110D9F3990B0895FB01DC01019046
:10A9F0000D920020E1F70895FB01DC014150504029
:10AA000048F001900D920020C9F701C01D924150FD
:10AA10005040E0F708950F931F93CF93DF93CDB786
:10AA2000DEB72E970FB6F894DEBF0FBECDBF0E89EE
:10AA30001F89888D998D26E02C831A83098397FFBF
:10AA400002C080E090E801979E838D83AE01445E52
:10AA50005F4F6A8D7B8DCE0101960E94174F4D810D
:10AA60005E8157FD0AC02F813885421753070CF4C9
:10AA70009A01020F131FF80110822E960FB6F89458
:10AA8000DEBF0FBECDBFDF91CF911F910F91089513
:10AA90000F931F93CF93DF93CDB7DEB72E970FB6EB
:10AAA000F894DEBF0FBECDBF0E891F8986E08C8370
:10AAB0001A8309838FEF9FE79E838D83AE01465EE5
:10AAC0005F4F688D798DCE0101960E94174F2F81BF
:10AAD0003885020F131FF80110822E960FB6F894D6
:10AAE000DEBF0FBECDBFDF91CF911F910F910895B3
:04AAF000F894FFCF08
:10AAF400020B010100000078026702560243023C87
:10AB0400022D0227021B0252454C45415345003297
:10AB1400303235313033302E310000000000000077
:10AB2400000000000B0EA20CA20D620ED30DB10D9D
:10AB3400C50D0D0A002320004669726D77617265A8
:10AB44002076657273696F6E3A20002028002C20ED
:10AB5400426F6172642073657269616C3A200059B6
:10AB64004553003100256C642E2530366C64204D2D
:10AB7400487A2900256C642E2530366C6420757360
:10AB840065632900256C642F256C642900256425E0
:10AB94007329002564290025632F25632900256C6A
:10ABA4007529004F4B202D2D205772617020446968
:10ABB40067697473202564202D3E202564004F4B63
:10ABC400202D2D20446563696D616C20506C616398
:10ABD4006573202564202D3E202564004F4B202DD5
:10ABE4002D2053796E63204D6F6465202563202DDD
:10ABF4003E202563004F4B202D2D20506F6C6C2080
:10AC04004368617261637465722000202D3E2000E8
:10AC14004F4B202D2D20436F61727365205469635F
:10AC24006B202573202D3E2025730050726F7044D5
:10AC3400656C61790054696D652044696C6174695F
:10AC44006F6E00666978656454696D6532004655B7
:10AC540044474530004F4B202D2D205374617274AE
:10AC640020456467652025632563202D3E202563E8
:10AC74002563004F4B202D2D204368616E6E656C5B
:10AC8400204E616D65732025632563202D3E2025AC
:10AC940063256300232053746F7070696E67206DA1
:10ACA4006561737572656D656E747320666F72206D
:10ACB400636F6E6669672E2E2E002320466C7573B3
:10ACC40068696E672070656E64696E67206D656182
:10ACD400737572656D656E7473206265666F7265F7
:10ACE40020636F6E6669672E2E2E002320526573D3
:10ACF40074617274696E67206D6561737572656DD8
:10AD0400656E74732E2E2E0023203130204D485A48
:10AD1400205265666572656E6365206C6F7374217D
:10AD2400002320507265737320616E79206B6579FE
:10AD340020746F2072657374617274206166746527
:10AD440072207265666572656E6365206973207230
:10AD54006573746F7265642E002530366C7520003F
:10AD64004E6F2073657269616C206E756D626572D9
:10AD740020666F756E642E2E2E206D616B696E6772
:10AD8400206F6E65002530346C582530346C5800C3
:10AD94004E6F20636F6E66696720666F756E642EF2
:10ADA400202057726974696E672064656661756CEA
:10ADB400742E2E2E002320544150522054494343D4
:10ADC4002054696D657374616D70696E6720436F9B
:10ADD400756E746572002320436F707972696768B9
:10ADE4007420323031362D32303235204E385552BF
:10ADF4002C204B395452562C204E48365A2C20576E
:10AE04004138595751002323232323232323232366
:10AE140023232323232323232323230023205449CD
:10AE2400434320436F6E66696775726174696F6E20
:10AE34003A2000536F6674776172652056657273A9
:10AE4400696F6E3A2000454550524F4D2056657249
:10AE540073696F6E3A2025642C20426F61726420FE
:10AE640056657273696F6E3A20256300426F617292
:10AE7400642053657269616C204E756D6265723A27
:10AE840020004D6561737572656D656E74204D6F3C
:10AE940064653A20005061697265645F54696D6548
:10AEA4007374616D700042696E6172792054696DCA
:10AEB400657374616D7000506572696F64005469E4
:10AEC4006D6520496E74657276616C20412D3E4239
:10AED40000332D436F726E6572656420486174009F
:10AEE4004465627567004E756C6C204F757470759F
:10AEF400740054696D657374616D7020577261706C
:10AF04003A2000256420286E6F2077726170290032
:10AF140025642028777261707320617420256C7514
:10AF2400207365636F6E647329002564202877722B
:10AF34006170732061742031652564207365636FCB
:10AF44006E647329004F7574707574204465636969
:10AF54006D616C20506C616365733A202564005305
:10AF6400796E634D6F64653A202563005365726999
:10AF7400616C204261756420526174653A20256CCD
:10AF840075004368616E6E656C204E616D65733A41
:10AF94002025632F256300506F6C6C204368617219
:10AFA40061637465723A20256300506F6C6C2043B2
:10AFB40068617261637465723A206E6F6E650043F6
:10AFC4006C6F636B2053706565643A20256C642E46
:10AFD4002530366C64204D487A00436F6172736586
:10AFE400207469636B3A20256C642E2530366C64BA
:10AFF40020757365630043616C20506572696F64EA
:10B00400733A2025640050726F7044656C61793A1C
:10B0140020256C642028636830292C20256C64204A
:10B0240028636831290054696D656F75743A20305E
:10B0340078252E32580054696D652044696C61741A
:10B04400696F6E3A20256C642028636830292C20AF
:10B05400256C642028636831290046495845445FBB
:10B0640054494D45323A20256C64202863683029C0
:10B074002C20256C642028636831290046554447F8
:10B0840045303A20256C642028636830292C20251B
:10B094006C6420286368312900232054797065206A
:10B0A400616E792063686172616374657220666F92
:10B0B4007220636F6E666967206D656E750023206C
:10B0C4004E6F20434F415253455F434C4F434B2EE9
:10B0D4002E2E206973203130204D487A20636F6E04
:10B0E4006E65637465643F002320496E2073656355
:10B0F4006F6E64617279206D6F646520616E642087
:10B1040077616974696E6720666F722073796E6304
:10B114002E2E2E00232074696D657374616D70206A
:10B12400287365636F6E64732077697468200020E8
:10B13400646563696D616C20706C6163657329007B
:10B144002320706169726564206368616E6E656C4A
:10B154002D6F726465722074696D657374616D70AE
:10B1640020287365636F6E647320776974682000A8
:10B17400232074696D6520696E74657276616C2034
:10B18400412D3E4220287365636F6E647320776996
:10B19400746820002320706572696F6420287365C9
:10B1A400636F6E6473207769746820002320746968
:10B1B4006D657374616D70206368302C2063683131
:10B1C4003B20696E74657276616C206368412D3E24
:10B1D4004220287365636F6E6473207769746820F6
:10B1E40000232074696D65312074696D65322063B4
:10B1F4006C6F636B312063616C312063616C32204E
:10B2040050494373746F7020746F662074696D6560
:10B214007374616D7000232042696E6172792054E9
:10B22400696D657374616D70206D6F6465202D2088
:10B2340031322062797465206672616D65733A00FB
:10B2440023206865616465722028307835352C3098
:10B25400784141292C206368616E6E656C20283129
:10B264002062797465292C2050494373746F7020CF
:10B274002834206279746573292C20746F66202821
:10B2840034206279746573292C2043524320283179
:10B294002062797465290023206E756C6C206F75AB
:10B2A40074707574206D6F6465202D206E6F20643A
:10B2B4006174610023205265737461727420726535
:10B2C400717565737465642C207265696E6974693F
:10B2D400616C697A696E672073797374656D2E2E5B
:10B2E4002E0042617564205261746500436C6F6383
:10B2F4006B20537065656400436F617273652054FD
:10B3040069636B00577261702044696769747300E4
:10B31400446563696D616C20506C616365730053AF
:10B32400796E63204D6F6465004368616E6E656C71
:10B33400204E616D657300506F6C6C2043686172C0
:10B344006163746572005374617274204564676547
:02B354000000F7
:00000001FF
