:100000000C94C2090C94403D0C94153D0C94EA3CB0
:100010000C94BF3C0C94943C0C94693C0C943E3C76
:100020000C94133C0C949E3B0C942F3B0C94B93ACB
:100030000C94F3090C94F3090C94F3090C94F30950
:100040000C94F3090C94F3090C94F3090C94F30940
:100050000C94F3090C94F3090C94F3090C940F3AE3
:100060000C94F3090C94833A0C94593A0C94F309C8
:100070000C94F3090C94F3090C94F3090C94F30910
:100080000C94F3090C94F3090C94F3090C94F30900
:100090000C94F3090C94F3090C94F3090C94F309F0
:1000A0000C94F3090C94F3090C94F3090C94F309E0
:1000B0000C94F3090C94F3090C94F3090C94F309D0
:1000C0000C94F3090C94F3090C94F3090C94F309C0
:1000D0000C94F3090C94F3090C94F3090C94F309B0
:1000E0000C94F3090C94C60C0C94D80A0C94C932E5
:1000F0000C94451E0C949D0A0C9419450C94800C8C
:100100000C94CD320C94CA0A0C941C450C94CB1B55
:100110000C94CF320C94300C0C94CE0A0C946C0CD2
:100120000C9492480C94D70A0C9495480C94B60AF7
:100130000C94C00A0C9428450C94C11B0C94D60B4B
:100140000C9407200C94DA320C94A2500C949E422A
:100150000C945D0C0C942A1B0C941F450C94A50A5E
:100160000C949E480C948E0C0C942B450C94EA1D18
:100170000C949B480C94DC0A0C9480480C943D260B
:100180000C94A90A0C9498480C94BA320C94180D4B
:100190000C948F480C9425450C94B20A0C94A10A37
:1001A0000C94970A0C94BC0A0C94E5320C94C5325A
:1001B0000C94CB320C94AD1F0C9459220C94C40AAD
:1001C0000C94FA0B0C946B3D0C9422450C94150C7A
:1001D0000C94D4480C94C7320C94D20A0C94AC0AF8
:1001E0004E414E494E495459494E46CDCCCC3D0A1C
:1001F000D7233C17B7D13877CC2B329595E6241FFF
:10020000B14F0A000020410000C84200401C4620B7
:10021000BCBE4CCA1B0E5AAEC59D744E756C6C208C
:100220004F757470757400446562756700332D43B3
:100230006F726E6572656420486174005065726902
:100240006F640054696D6520496E74657276616CE7
:1002500020412D3E420042696E6172792054696DE1
:10026000657374616D7000506169726564205469D2
:100270006D657374616D700054696D657374616D43
:10028000700046554447453020412F42207073206E
:1002900028652E672E2C2034302F3430206F7220AA
:1002A0003165362F326536293A2000466978656413
:1002B0002054696D653220412F42207073202865DB
:1002C0002E672E2C2034302F3430206F7220316571
:1002D000362F326536293A200054696D652044690D
:1002E0006C6174696F6E20412F4220707320286505
:1002F0002E672E2C2034302F3430206F7220316541
:10030000362F326536293A200050726F706167616E
:1003100074696F6E2044656C617920412F422070B2
:10032000732028652E672E2C2034302F3430206F18
:1003300072203165362F326536293A2000436F61CD
:10034000727365205469636B2070732028652E6773
:100350002E2C2031653820666F72203130302075A8
:1003600073293A2000436C6F636B20487A2028651C
:100370002E672E2C2031653720666F722031302099
:100380004D487A293A2000456E74657220506F6C92
:100390006C204368617261637465722028737061B8
:1003A000636520746F20636C656172293A20004593
:1003B0006E746572204E616D657320412F42202856
:1003C000616E792074776F206368617273293A20B7
:1003D00000456E7465722050206F7220533A2000E1
:1003E000456E74657220456467657320412F422015
:1003F0002852206F722046293A20004F757470757C
:100400007420446563696D616C20506C6163657331
:100410002028302E2E3132293A2000577261702068
:100420004469676974732028302E2E3130293A20B0
:100430000000010405050303040506040506070181
:100440000001000302010000010203040506070782
:100450000605040302010007020100070605040364
:100460000201000302010000010203040506070067
:1004700001020304050607020304050606074F4BA5
:10048000202D2D20436C6F636B202573202D3E2083
:10049000257300496E76616C6964003B206E6F774E
:1004A00020004F4B202D2D20426175642072617415
:1004B000652077617320004368616E676573206B08
:1004C0006570742E004368616E676573206469739C
:1004D0006361726465642E0032202D204469736369
:1004E000617264206368616E6765730031202D203E
:1004F0004B656570206368616E676573004F4B20C4
:100500002D2D204D6F64652073657420746F20005D
:10051000436F6E66696775726174696F6E20636898
:10052000616E6765732072657175697265207265A9
:1005300073746172742E2052657374617274696E83
:10054000672E2E2E00284368616E676573206172E6
:10055000652074656D706F72617279202D207769E6
:100560006C6C20726576657274206F6E2072657394
:10057000746172742900526573756D696E67206FBE
:100580007065726174696F6E2077697468206E653A
:10059000772073657474696E67732E004170706C98
:1005A00079696E6720636F6E6669677572617469D9
:1005B0006F6E206368616E6765732E2E2E004F4B41
:1005C000202D2D20257320256C642F256C64202D73
:1005D0003E20256C642F256C6420707300202D2034
:1005E00077726170732061742031652564207365B2
:1005F000636F6E647300202D2077726170732061C9
:100600007420256C75207365636F6E647300010040
:1006100000000A00000064000000E803000010274A
:100620000000A086010040420F008096980000E183
:10063000F50500CA9A3B202D206E6F2077726170FD
:100640000033202D20526573657420616C6C20741A
:100650006F2064656661756C747320616E642072CE
:100660006573746172740032202D204170706C7952
:10067000206368616E67657320616E6420726573C4
:10068000756D65206F7065726174696F6E003120E1
:100690002D2044697363617264206368616E6765CD
:1006A0007320616E6420657869740057202D20578F
:1006B00072697465206368616E67657320746F206A
:1006C000454550524F4D20287065727369737420F0
:1006D0006163726F737320726573746172747329CE
:1006E0000056202D2053686F77206669726D776100
:1006F00072652076657273696F6E0053202D2053EA
:10070000686F77207374617274757020696E666F9C
:10071000004D202D2053686F772074686973206D19
:10072000656E7520616761696E0049202D205365F3
:100730007269616C20426175642052617465202881
:1007400063757272656E746C793A200048202D20B2
:10075000416476616E6365642073657474696E6765
:1007600073006E6F6E65290047202D20506F6C6CF2
:1007700020436861726163746572202863757272C8
:10078000656E746C793A200046202D204368616EB6
:100790006E656C204E616D6573202863757272659D
:1007A0006E746C793A200045202D205072696D617D
:1007B00072792F5365636F6E646172792028637557
:1007C0007272656E746C793A200044202D20547248
:1007D0006967676572204564676520412F4220285C
:1007E00063757272656E746C793A200043202D2017
:1007F0004F757470757420446563696D616C205029
:100800006C61636573202863757272656E746C79B0
:100810003A200042202D2054696D657374616D701B
:10082000205772617020646967697473202863754A
:100830007272656E746C793A200041202D204D6FE4
:100840006465202863757272656E746C793A200055
:100850003D3D205449434320436F6E66696775727E
:100860006174696F6E203D3D00556E6B6E6F776EE3
:100870000043757272656E74206D6F64653A200076
:100880004138202D204E756C6C204F757470757436
:10089000004137202D204465627567004136202DC8
:1008A00020332D436F726E65726564204861740059
:1008B0004135202D20506572696F64004134202D30
:1008C0002054696D6520496E74657276616C2041B3
:1008D000202D3E2042004133202D2042696E61725E
:1008E000792054696D657374616D70004132202DFB
:1008F000205061697265642054696D657374616D1F
:1009000070004131202D2054696D657374616D70E4
:10091000002D2D204D6F6465202D2D004936202D92
:100920002032333034303020627073004935202D4E
:100930002031313532303020627073202864656692
:1009400061756C7429004934202D203537363030DC
:1009500020627073004933202D203338343030202A
:10096000627073004932202D2031393230302062DC
:100970007073004931202D20393630302062707379
:10098000002D2D2053657269616C204261756420D1
:10099000526174652053657474696E6773202D2DE0
:1009A000004836202D20465544474530207073209E
:1009B000412F42202863757272656E746C793A20FB
:1009C000004835202D20666978656454696D65326C
:1009D00020707320412F42202863757272656E74F7
:1009E0006C793A20004834202D2054696D652044EC
:1009F000696C6174696F6E20412F422028637572A3
:100A000072656E746C793A20004833202D20507244
:100A10006F7061676174696F6E2044656C617920E5
:100A2000707320412F42202863757272656E746C5A
:100A3000793A20004832202D20436F61727365207F
:100A40005469636B207573202863757272656E74C8
:100A50006C793A20004831202D20436C6F636B2065
:100A60005370656564204D487A20286375727265FD
:100A70006E746C793A20002D2D20416476616E638E
:100A800065642053657474696E6773202D2D003181
:100A90000500000000000000000000000000000051
:100AA000000000000000000000000000AE0E00008A
:100AB000570A02000000000000000000320500009C
:100AC0000000000000000000000000000000000026
:100AD000000000000000000000AE0E0000570A02F7
:100AE00000010000000000000033050000000000CD
:100AF00000000000000000000000000000000000F6
:100B0000000000000000AE0E0000570A02000200C4
:100B1000000000000000340500000000000000009C
:100B200000000000000000000000000000000000C5
:100B3000000000AE0E0000570A0200030000000093
:100B4000000000350500000000000000000000006B
:100B50000000000000000000000000000000000095
:100B6000AE0E0000570A0200040000000000000062
:100B7000360500000000000000000000000000003A
:100B800000000000000000000000000000AE0E00A9
:100B900000570A02000500000000000000370500B1
:100BA0000000000000000000000000000000000045
:100BB00000000000000000000000AE0E0000570A18
:100BC00002000600000000000000380500000000E0
:100BD0000000000000000000000000000000000015
:100BE00000000000000000AE0E0000570A020007DF
:100BF00000000000000000310500000000000000BF
:100C000000000000000000000000000000000000E4
:100C100000000000C90E00000A0A02008025000042
:100C2000000000003205000000000000000000008D
:100C300000000000000000000000000000000000B4
:100C400000C90E00000A0A0200004B00000000006C
:100C5000003305000000000000000000000000005C
:100C60000000000000000000000000000000C90EAD
:100C700000000A0A0200009600000000000034058F
:100C80000000000000000000000000000000000064
:100C90000000000000000000000000C90E00000A73
:100CA0000A020000E100000000000035050000001D
:100CB0000000000000000000000000000000000034
:100CC0000000000000000000C90E00000A0A020037
:100CD00000C2010000000000360500000000000016
:100CE0000000000000000000000000000000000004
:100CF0000000000000C90E00000A0A020000840380
:100D00000000000000310200650340420F000000B7
:100D100000000024F40000000000000000000000BB
:100D20000000B00E0000140A0200000000000000E5
:100D300000003202003D0300E1F505000000000064
:100D4000E87648170000000000000000000000B82E
:100D50000E0000200A020000000000000000003326
:100D60000300090300000000000000000010A5D4EB
:100D7000E80000000000000000000000D10E0000AC
:100D8000390301000000000000000000340300D916
:100D90000200000000000000000010A5D4E80000E0
:100DA000000000000000000000E10E00004303010D
:100DB000000000000000000000350300AB0200004E
:100DC0000000000000000010A5D4E80000000000B2
:100DD000000000000000F10E0000510301000000BF
:100DE0000000000000003603008202000000000046
:100DF0000000000010A5D4E8000000000000000082
:100E0000000000010F00005C030100000000000072
:100E10000000004200001B04000000000000000071
:100E20000A000000000000000000000000000000B8
:100E3000C40E00002C0A00000000000000000000AA
:100E4000430000FB0300000000000000000C000055
:100E500000000000000000000000000000C60E00BE
:100E600000380A00000000000000000000440400F8
:100E7000E00300000000000000000000000000008F
:100E800000005246000000000000CD0E0000470A9E
:100E900000000000000000000000450100D1030038
:100EA00000000000000000000000000000000050F2
:100EB00053000000000000C80E0000520A000000AD
:100EC00000000000000000460400AF030000000026
:100ED0000000000000000000000000000000000012
:100EE00000000000CF0E00005C0A000000000000BF
:100EF0000000000047010087030000000000000020
:100F000000000000000000000000000000000000E1
:100F100000AF0E00006A0A000000000000000000A0
:100F200000284368616E6765732077696C6C207474
:100F3000616B6520656666656374206166746572C1
:100F400020726573746172742900436F6E74696EE8
:100F500075696E6720776974682063757272656E53
:100F6000742073657474696E67732E0032202D20AF
:100F70004E6F2C20636F6E74696E7565207769748F
:100F8000682063757272656E742073657474696E1F
:100F900067730031202D205965732C20726573749E
:100FA000617274206E6F7700526573746172742081
:100FB0006E6F7720746F206170706C792063686148
:100FC0006E6765733F004368616E67657320777273
:100FD000697474656E20746F20454550524F4D20E2
:100FE0002877696C6C207065727369737420616313
:100FF000726F737320726573746172747329004524
:101000004550524F4D20636C65617265642E2052CD
:10101000657374617274696E672E2E2E00436C6561
:101020006172696E6720656E74697265204545500E
:10103000524F4D2E2E2E00454550524F4D20636C81
:101040006561722063616E63656C6C65642E00542B
:1010500079706520275945532720746F20636F6E80
:101060006669726D3A20005741524E494E473A2008
:10107000546869732077696C6C20636F6D706C6560
:1010800074656C792065726173652074686520658C
:101090006E7469726520454550524F4D20696E63EC
:1010A0006C7564696E672073657269616C206E751A
:1010B0006D626572210044656661756C747320779A
:1010C00072697474656E2E205265737461727469EE
:1010D0006E672E2E2E004170706C79696E672063EA
:1010E00068616E67657320616E6420726573756DEB
:1010F000696E67206F7065726174696F6E2E2E2E37
:1011000000446973636172646564206368616E673B
:1011100065732E0041010001E532592242020000B0
:10112000BA32000043020000CD3200004402000049
:10113000CB32000045020000C93200004602000028
:10114000C732000047020000C5320000480100011C
:10115000CF32072049010001DA32CB1B4D000000DD
:101160003D26000053020000C11B00005602000093
:101170002A1B000057020000AD1F000058020000AB
:10118000EA1D000031030000451E0000320300008C
:10119000451E000033030000451E0000340300001C
:1011A000451E0000556E6B6E6F776E20636F6D6D20
:1011B000616E640000002100240027002A002D0039
:1011C0003000330001010000040107010A010000A2
:1011D0002200250028002B002E00310034000201DF
:1011E0000000050108010B0100002000230026007B
:1011F00029002C002F00320000010000030106012D
:10120000090105050505070508080808020202028C
:101210000A0A080804040404010101010101010192
:101220000303030303030303040707070C0C0C0C5D
:101230000C0C0C0C02020202060606060606060646
:101240000B0B0B0B0B0B0B0B0102102020080810D3
:101250002040102040800201020108040201010226
:1012600004081020408080402010080402018004FF
:10127000020180402010080402010804020101025A
:101280000408102040800102040810204080000063
:101290000A0B02090C0D0E080703040100000000F0
:1012A000000000000000000000000000000000003E
:1012B00000000000000000000000121110000000FB
:1012C000000000000000000000000000000000001E
:1012D00000000000010000000A000000640000009F
:1012E000E803000010270000A086010040420F0024
:1012F0008096980000E1F50500CA9A3B4368616E4C
:10130000676573206469736361726465642E00327B
:10131000202D2044697363617264206368616E6785
:1013200065730031202D204B656570206368616E08
:10133000676573004368616E676573206B657074E1
:101340002E005361766520746F20454550524F4DF5
:1013500020776974682027572720616E64207265A2
:10136000737461727420666F72206368616E676562
:1013700020746F2074616B65206566666563742EEA
:1013800000006B3D11241FBECFEFD1E2DEBFCDBF09
:1013900000E00CBF1AE0A0E0B2E0E2E1F5EA00E014
:1013A0000BBF02C007900D92AA37B107D9F72FE003
:1013B000AAE7BAE001C01D92A331B207E1F719E034
:1013C000C2ECD9E000E006C021970109802FFE01A0
:1013D0000E94FA4FC13CD10780E00807A9F70E949C
:1013E000173E0C9487520C94000020913F0C22234E
:1013F00061F02FB7F89430913F0C313049F43DB390
:1014000030933E0C3DB33DBB2FBF8CBD9DBD0895B9
:1014100020933E0CFACFCF92DF92EF92FF926B01B6
:101420007C01E091500CF091510C82E08083C1145A
:1014300081EED806E104F104A1F060E079E08DE3EB
:1014400090E0A70196010E94684F2150310941099F
:1014500051095695479537952795211580E138070D
:10146000A8F0E091500CF091510C108260E874E803
:101470008EE190E0A70196010E94684F215031094A
:10148000410951095695479537952795E0914C0CA0
:10149000F0914D0C3083E0914E0CF0914F0C208375
:1014A0001092580CE091540CF091550C86E080831A
:1014B000E091520CF091530C808180618083E09127
:1014C000520CF091530C808188608083E091520C23
:1014D000F091530C808180688083E091520CF091F0
:1014E000530C80818F7D8083FF90EF90DF90CF90B1
:1014F00008958150823108F05AC0E82FF0E0882723
:10150000EB57F54F8F4F0C94FA4FA50AA90A970A8B
:101510009D0AA10AD70AAC0AB20AB60ABC0AC00AD6
:10152000C40ACA0ACE0AD70AD20AD80ADC0A8091AB
:1015300080008F77809380000895809180008F7D58
:10154000F9CF80918000877FF5CF84B58F7784BDF8
:10155000089584B58F7DFBCF8091B0008F77809305
:10156000B00008958091B0008F7DF9CF80919000F8
:101570008F77809390000895809190008F7DF9CFB0
:1015800080919000877FF5CF8091A0008F77809326
:10159000A00008958091A0008F7DF9CF8091A000D8
:1015A000877FF5CF809120018F7780932001089568
:1015B000809120018F7DF9CF80912001877FF5CF29
:1015C000CF93DF93282F30E0F901E257FD4E84914D
:1015D000F901E85BFD4ED491F901EE5FFD4EC49137
:1015E000CC23A1F081110E94790AEC2FF0E0EE0FDC
:1015F000FF1FE851FE4EA591B491EC91ED2381E0DF
:1016000090E009F480E0DF91CF91089580E090E0D0
:10161000FACF1F93CF93DF93282F30E0F901E257E1
:10162000FD4E8491F901E85BFD4ED491F901EE5F26
:10163000FD4EC491CC23A9F0162F81110E94790A86
:10164000EC2FF0E0EE0FFF1FE253FE4EA591B49198
:101650008FB7F894EC91111108C0D095DE23DC937C
:101660008FBFDF91CF911F910895DE2BF8CFCF93DD
:10167000DF9390E0FC01E85BFD4E24918E5F9D4E70
:10168000FC0184918823D1F090E0880F991FFC0120
:10169000EC54FE4EA591B491FC01E253FE4EC5916F
:1016A000D49161110EC09FB7F8948C91E22FE09510
:1016B0008E238C932881E223E8839FBFDF91CF9113
:1016C00008958FB7F894EC91E22BEC938FBFF6CF8F
:1016D00090917B00977F90937B00865380648093EA
:1016E0007C0080917A00806480937A0080917A00F7
:1016F00086FDFCCF809178009091790008953FB7E6
:10170000F8948091990B90919A0BA0919B0BB091BA
:101710009C0B26B5A89B05C02F3F19F00196A11D73
:10172000B11D3FBFBA2FA92F982F8827BC01CD012B
:10173000620F711D811D911D42E0660F771F881F8A
:10174000991F4A95D1F708958F929F92AF92BF92B9
:10175000CF92DF92EF92FF924B015C010E947F0BD0
:101760006B017C010E947F0B6C197D098E099F091A
:10177000683E734081059105A8F321E0821A910823
:10178000A108B10888EEC80E83E0D81EE11CF11C48
:1017900081149104A104B10429F7FF90EF90DF9028
:1017A000CF90BF90AF909F908F9008952091780B2D
:1017B0003091790B40917A0B50917B0B60917C0BAF
:1017C00070917D0B80917E0B90917F0BA1E00E9428
:1017D000AA512093780B3093790B40937A0B509356
:1017E0007B0B60937C0B70937D0B80937E0B9093AF
:1017F0007F0B08957091780B6091790B50917A0B63
:1018000040917B0B30917C0B20917D0B90917E0B56
:1018100080917F0BEDEDFCE07387648755874687E9
:101820003787208B918B828B08957091780B609114
:10183000790B50917A0B40917B0B30917C0B20916E
:101840007D0B90917E0B80917F0BEBE7FDE0708329
:1018500061835283438334832583968387830895EA
:10186000AF92BF92CF92DF92EF92FF920F931F93AE
:10187000CF93DF936C017B018B01040F151FEB01EC
:101880005E01AE18BF08C017D10759F06991D601A3
:10189000ED91FC910190F081E02DC6011995892B05
:1018A00079F7C501DF91CF911F910F91FF90EF90D4
:1018B000DF90CF90BF90AF900895FC01538D448D81
:1018C000252F30E0842F90E0821B930B541710F0EB
:1018D000CF96089501970895FC01918D828D9817F8
:1018E00061F0A28DAE0FBF2FB11D5D968C91928DD0
:1018F0009F5F9F73928F90E008958FEF9FEF089501
:10190000FC01918D828D981731F0828DE80FF11DC9
:10191000858D90E008958FEF9FEF0895FC01918DE4
:10192000228D892F90E0805C9F4F821B91098F73DD
:101930009927089580E49CE00E948E0C21E0892B79
:1019400009F420E0822F0895FC01A48DA80FB92F7F
:10195000B11DA35ABF4F2C91848D90E001968F73D7
:101960009927848FA689B7892C93A089B1898C91F6
:10197000837080648C93938D848D981306C0028845
:10198000F389E02D80818F7D80830895EF92FF920F
:101990000F931F93CF93DF93EC0181E0888F9B8D92
:1019A0008C8D98131AC0E889F989808185FF15C04C
:1019B0009FB7F894EE89FF896083E889F98980816F
:1019C0008370806480839FBF81E090E0DF91CF913E
:1019D0001F910F91FF90EF900895F62E0B8D10E060
:1019E0000F5F1F4F0F731127E02E8C8D8E110CC0CF
:1019F0000FB607FCFACFE889F989808185FFF5CF1A
:101A0000CE010E94A40CF1CFEB8DEC0FFD2FF11D48
:101A1000E35AFF4FF0829FB7F8940B8FEA89FB8956
:101A200080818062CFCF682F80E49CE00C94C60C4C
:101A3000CF93DF93EC01888D8823B9F0AA89BB8905
:101A4000E889F9898C9185FD03C0808186FD0DC0F0
:101A50000FB607FCF7CF8C9185FFF2CF808185FF11
:101A6000EDCFCE010E94A40CE9CFDF91CF91089574
:101A700080E49CE00E94180DE0E4FCE0A289B389B8
:101A80008C918F7E8C93A289B3898C91877F8C9364
:101A9000A289B3898C918F778C93A289B3898C9119
:101AA0008F7D8C93828D818F089580E090E0892BCB
:101AB00029F00E949A0C81110E94000080E090E0C1
:101AC000892B49F080E090E0892B29F00E940000EA
:101AD00081110E94000080E090E0892B49F080E0B5
:101AE00090E0892B29F00E94000081110E940000E3
:101AF00080E090E0892B49F080E090E0892B29F08C
:101B00000E94000081110C94000008952F923F92D2
:101B10004F925F926F927F928F929F92AF92BF92FD
:101B2000CF92DF92EF92FF920F931F93CF93DF93A9
:101B3000CDB7DEB72F970FB6F894DEBF0FBECDBF7F
:101B4000FC017F876E875C874B871082118212822F
:101B500013821482158216821782108611861286CD
:101B60001386DB01AB2B09F4D1C0DA01AB2B09F4EE
:101B7000CDC0DB018D909D90AD90BC90DA014D9071
:101B80005D906D907C90DB0114962C9114971596C6
:101B90003C91159716964C91169717965C9117974E
:101BA00018966C91189719967C9119971A968C91A2
:101BB0001A971B969C91AB85BC8514962C90149714
:101BC00015963C9015971696CC9016971796DC9024
:101BD00017971896EC9018971996FC9019971A96E3
:101BE0000C911A971B961C9184149504A604B704B3
:101BF00009F4A6C0B1E0B983481459046A047B040F
:101C00000CF4A5C01982AB85BC854D905D906D909C
:101C10007C90AE85BF854D915D916D917C91441A0C
:101C2000550A660A770AAB85BC8514963C901497D2
:101C30001596BC91BA83AB85BC851696BC91BB83C7
:101C4000AB85BC851796BC91BC83AB85BC851896CB
:101C5000BC91BD83AB85BC8519968C9019971A965B
:101C60009C901A971B962C90AE85BF851496BC91BC
:101C7000BD87AE85BF851596BC91BB87AE85BF85F8
:101C80001696BC91BE83AE85BF851796BC91BF8367
:101C9000AE85BF851896BC91B887AE85BF8519966D
:101CA000BC91B987AE85BF851A96BC91BA87AE85BF
:101CB000BF851B96BC91BE87232D3A814B815C81E9
:101CC0006D81782D892D922DAD84BB84CE80DF80EF
:101CD000E884F9840A851B2F0E94BF5108F440C094
:101CE0000E94B65159016A017B018C01A981AA2386
:101CF00009F455C04082518262827382A482B58207
:101D0000C682D782E086F18602871387CF012F969D
:101D10000FB6F894DEBF0FBECDBFDF91CF911F91FC
:101D20000F91FF90EF90DF90CF90BF90AF909F907A
:101D30008F907F906F905F904F903F902F9008957D
:101D4000A1E0A98351010E94BF5108F45BCF9B859C
:101D50008C85AE85BF85BC87AB879E878F8753CF29
:101D60003A814B815C816D81305F4A455B426741BE
:101D70007F4F8F4F9F4FAD84BB84CE80DF80E88440
:101D8000F9840A851E850E94B65159016A017B01BA
:101D90008C0121E0421A510861087108A7CF950112
:101DA000A601B701C801A0E00E94C85169F470946F
:101DB000609450944094411C511C611C711C4082E1
:101DC000518262827382A2CFD301C2018095909525
:101DD000A095B09580839183A283B38320E030E106
:101DE00045EA54ED68EE70E080E090E00E94B65164
:101DF00024833583468357836087718782879387DF
:101E000085CF80913F0C882361F09FB7F894209193
:101E10003F0C80913E0C213019F48DBB9FBF08957B
:101E20008FBF08950F931F93CF93DF938C01C62F1D
:101E3000D42F80E591E00E94F50960E0F8018781E8
:101E40000E94090BC064CD27DC27CD270CB405FC0C
:101E500017C0DEBD00000DB407FEFDCF8EB5CEBDB0
:101E600000000DB407FEFDCF8EB561E0F80187815B
:101E70000E94090BDF91CF911F910F910C94010FDC
:101E8000CEBD00000DB407FEFDCF8EB5DEBD000057
:101E90000DB407FEFDCFE8CFFC01EF56FF4F4081A8
:101EA00060E00C94120F8EBD00000DB407FEFDCF54
:101EB0008EB50895CF92DF92EF92FF921F93CF934A
:101EC000DF93EC01162F80E591E00E94F50960E0B8
:101ED0008F810E94090B812F0E94530F80E00E9486
:101EE000530FC82E80E00E94530F182F80E00E94ED
:101EF000530FD12CF12CE12C7601DD24CC24C80E1B
:101F0000D11CE11CF11C812F90E0982F8827C80E6E
:101F1000D91EE11CF11C61E08F810E94090B0E9417
:101F2000010F8FE090E00197F1F7C701B601DF9153
:101F3000CF911F91FF90EF90DF90CF9008951F9366
:101F4000CF93DF93EC0180E591E00E94F50960E01A
:101F50008F810E94090B82E00E94530F80E00E9453
:101F6000530F182F61E08F810E94090B0E94010F0F
:101F7000412F62E0CE01DF91CF911F910C94120F9F
:101F80002F923F924F925F926F927F928F929F9289
:101F9000AF92BF92CF92DF92EF92FF920F931F9377
:101FA000CF93DF93CDB7DEB7AA970FB6F894DEBF15
:101FB0000FBECDBF1C0160E10E945A0FD1015396A4
:101FC0006D937D938D939C93569762E1C1010E941E
:101FD0005A0FF101678B708F818F928F61E1C10180
:101FE0000E945A0FD1015F966D937D938D939C93C0
:101FF00092976BE1C1010E945A0FF10163A374A390
:1020000085A396A36CE1C1010E945A0F2B013C01EC
:10201000D10197964D925D926D927C929A975396CC
:102020008D909D90AD90BC9056978D869E86AF8684
:10203000B88A57960C91579758961C91589759966D
:10204000CC9059975A96BC91B987F101878C90A092
:10205000A1A0B2A023A134A145A156A12C8F3D8FF0
:102060004E8F5F8FE059FF4FD080E180F280B381C7
:10207000648175812D2D3E2D4F2D5B2F868197819B
:10208000A0E00E94C85109F0B5C10FA318A7C9A6C6
:10209000B985BAA7E0918A0BEE8BF0918B0BFD8B83
:1020A000C0908C0BD0908D0BE0908E0BF0908F0B2E
:1020B0000091900B1091910BA5019401BF01C601F5
:1020C0000E94EA4FF101E858FF4F80809180A28082
:1020D000B3809B01AC01281939094A095B09298B96
:1020E0003A8B4B8B5C8B70973081398341814A836B
:1020F00052815B8383818C8394819D83A581AE8390
:10210000B681BF83878088868091800B9091810BF8
:1021100001974C01990FAA08BB0889869A86AB865D
:10212000BC8689288A288B2841F4812C912C540163
:10213000839489869A86AB86BC868D859E85AF857D
:10214000B8898FA098A4A9A4BAA488199909AA0942
:10215000BB094C015D01BB0C8808982C54018D868D
:102160009E86AF86B88AAE88BD889C01AD016D851C
:10217000762F862F962F0E9402502D873D8B4E8BF7
:102180005F8B688F798F8A8F9B8F59016A017B01E2
:102190008C01A0E00E94C85109F4A7C0C301B2019C
:1021A0008C8C9D8CAE8CBF8C681979098A099B092F
:1021B00020E432E44FE050E0E980FA800B811C819A
:1021C0002E193F09400B510B0E945A5089017A0188
:1021D0004B0188A39C8F69857A858B859C8522E03D
:1021E00030E040E050E00E94364F29013A01550F9F
:1021F000220B322FA90129833A834B835C839801F8
:10220000A701B40188A19C8D52016301E980FE2CD5
:102210000E2D1E2D0E94A15149845A846B847C840A
:10222000770C4408542C3201A984BA84CB84DC8412
:10223000E42CF42C042D142D0E949650422E732E63
:102240004A016EA37DA3582E692EA0E00E94C851BA
:1022500009F04CF444244394712C812C912C1EA23F
:102260001DA2512C612C242D372DA4016EA17DA11E
:10227000852D962D01E00E948451298339874C8F4A
:1022800058A369A37AA38BA39CA330E4A32E42E4B2
:10229000B42E5FE0C52ED12CE12CF12C00E010E033
:1022A0002D853D894E895F89688D798D8A8D9B8DBD
:1022B0000E94025059016A017B018C0129813985F4
:1022C0004C8D58A169A17AA18BA19CA10E94A1511A
:1022D000A42CB72C6401EEA0FDA0052D162D0E94A4
:1022E000965059016A017B018C0149885A886B8894
:1022F0007C88770C4408542C320129893A894B890F
:102300005C89642D742D842D942D0E94A151B22FCF
:10231000A32FF42FF52E8B0189879983203E344714
:102320004A4F5540610571058105910551F04CF00A
:10233000B0EEA4E7FAEF95E0F92E00E010E0198680
:102340001982EF2ED12E2B2F3A2FA701602F712F3C
:1023500089859981203E33494440510561057105C5
:10236000810591054CF4B0EEA3E984E0E82EF12C50
:1023700000E0D12C19861982F101B3A7A4A7E5A624
:10238000F6A607A7D0AA898481AA998092AAA1015A
:102390004D5B5F4F9D01DA013C9311962C93119791
:1023A0001296EC9212971396FC92C1010E949F0F15
:1023B000F10123A534A545A556A567A570A981A956
:1023C00092A9AA960FB6F894DEBF0FBECDBFDF91DB
:1023D000CF911F910F91FF90EF90DF90CF90BF9022
:1023E000AF909F908F907F906F905F904F903F90B5
:1023F0002F900895DFA2E8A6F9A6BAA74BCECF92F8
:10240000DF92EF92FF920F931F93CF93DF93CDB79D
:10241000DEB72C970FB6F894DEBF0FBECDBF8C0190
:102420000E94C00FD8019B962C939B979C963C933F
:102430009C979D964C939D979E965C939E979F9696
:102440006C939F97D0967C93D097D1968C93D1978D
:10245000D2969C9369017A01C8010E944C0F85E5D0
:1024600089838AEA8A83F801E057FF4F80818B8352
:10247000F894F8017385648555854685878580893C
:10248000818982899B01CA0178943C832D839E8334
:102490008F83C886D986EA86FB86FE013396AE0115
:1024A000445F5F4F80E06CE8E417F50781F091919D
:1024B000892798E0282F30E03595279580FF05C0C3
:1024C000822F86279150B1F7EFCF822FFBCF8C87D9
:1024D00080E49CE00E945D0C0C97D4F34CE050E04B
:1024E000BE016F5F7F4F80E49CE00E94300CD801FA
:1024F0001B967C911B971C966C911C971D965C916A
:102500001D971E964C911E971F963C911F975096B3
:102510002C91509751969C91519752968C9152972D
:10252000F801E058FF4F7083618352834383348303
:10253000258396838783E554F109DB962C913181BD
:10254000428153816481758186819781A1E00E94D7
:10255000AA51D801DB962C93318342835383648341
:1025600075838683978381E02C960FB6F894DEBF3F
:102570000FBECDBFDF91CF911F910F91FF90EF90D4
:10258000DF90CF9008952F923F924F925F926F927B
:102590007F928F929F92AF92BF92CF92DF92EF92F3
:1025A000FF920F931F93CF93DF93CDB7DEB764975E
:1025B0000FB6F894DEBF0FBECDBF9A8B898B280172
:1025C00039014A011B01DC019B968C919B97D396A4
:1025D0008C93D3979C968C919C97D4968C93D497FC
:1025E0009D968C919D97D5968C93D5979E968C9120
:1025F0009E97D6968C93D6979F968C919F97D796B9
:102600008C93D797D0968C91D097D8968C93D89757
:10261000D1968C91D197D9968C93D997D2968C914B
:10262000D297DA968C93DA97AC5ABF4FE989FA8938
:10263000E85BFF4FFC83EB838CE001900D928A9561
:10264000E1F789899A890E94C00FA989BA899B9666
:102650002C939B979C963C939C979D964C939D970F
:102660009E965C939E979F966C939F97D0967C9333
:10267000D097D1968C93D197D2969C93D297CD0137
:102680000E944C0FF894E989FA89238534854585A1
:1026900056856785708981899289E058FF4FA080AF
:1026A000B180C280D380E480F580068117812083C9
:1026B00031834283538364837583868397837894BD
:1026C0000E94B65152016301740181010E940250BF
:1026D000A989BA899B96AC909B979C96BC909C9735
:1026E0009D96CC909D979E96DC909E979F96EC90A1
:1026F0009F97D096FC90D097D1960C91D197D29677
:102700001C91D2970E94B651D396AC90D397D49691
:10271000BC90D497D596CC90D597D696DC90D6978A
:10272000D796EC90D797D896FC90D897D9960C91DD
:10273000D997DA961C910E94A151522E632E742EC5
:10274000852E962E7983482EB92FA0E00E94C8517D
:102750000CF452C0E989FA89E45BFF4FA080B18094
:10276000C280D380E480F580068117810E94A15148
:102770002083318342835383648375838683978365
:10278000E080F18002811381C480D580B681B7805A
:102790009701A801B6018B2F9B2D2F3FAFE03A0781
:1027A000A5EA4A07A4ED5A07A8EE6A077105810554
:1027B000910509F008F475C03051454A544D684EF2
:1027C0007109810991092083318342835383648392
:1027D000758386839783AB81BC814D915D916D91AB
:1027E0007C9113974F5F5F4F6F4F7F4F4D935D937A
:1027F0006D937C931397C4CF7981842D9B2F0E9476
:10280000245129873A874B875C876D877E878F871E
:10281000988B29883A88ECE42E0E311CF101F08166
:10282000FB8BF101F181FC8BF101A281F381FA8331
:10283000F101F481FD83F101F581FE83F101F6815F
:10284000FF83F101F781F887AB88BC88CA2EDA8054
:10285000ED80FE800F811F2F0E94BF5111F008F004
:102860005BC0252D362D472D582D692D7981842D5E
:102870009B2F0E94A151D1012C9311963C9311974B
:1028800012964C93129713965C93139714966C932D
:10289000149715967C93159716968C931697179602
:1028A0009C93E989FA89E95BFF4F81E08083E9899C
:1028B000FA89FB96A989BA89DB962C9131814281EC
:1028C00053816481758186819781A1E00E94AA511C
:1028D000A989BA89DB962C9331834283538364831D
:1028E00075838683978364960FB6F894DEBF0FBE18
:1028F000CDBFDF91CF911F910F91FF90EF90DF90AF
:10290000CF90BF90AF909F908F907F906F905F908F
:102910004F903F902F90089529853A854B855C858F
:102920006D857E858F859889AB88BC88DA80ED803F
:10293000FE800F8118850E94B65129013A014B0192
:1029400089839A83A12C20E1B22E35EAC32E44ED6F
:10295000D42E58EEE52EF12C00E010E09201A301F8
:102960000E94C750A1E00E94AA5159016A01EB815F
:10297000FC8180819181A281B3818A199B09AC0974
:10298000BD0980839183A283B383A12C60E1B62E1D
:1029900075EAC72EE4EDDE2EF8EEEF2EF12C00E006
:1029A00010E09201A301B40189819A810E94C5506F
:1029B00059016A017B018C0120E030E145EA54EDC8
:1029C00068EE70E080E090E00E94B65154CFCF9363
:1029D000DF93EC010E949F0FFE01EF56FF4F4081F5
:1029E0004E7F60E0CE010E94120F6AE070E080E04E
:1029F00090E00E94A40BCE010E949F0FCE010E9486
:102A00004C0F1B8A1C8A1D8A1E8A1F8A188E198EDB
:102A10001A8E1B8E1C8E1D8E1E8E1F8E18A219A242
:102A20001AA21BA21CA21DA21EA21FA218A619A6B2
:102A30001AA61BA61CA61DA61EA61FA618AA19AA82
:102A40001AAA1BAA1CAA1DAA1EAA1FAA18AE19AE52
:102A50001AAEFE01ED5BFF4F1082118212821382CB
:102A6000349610823196108211821282138234962B
:102A700010821182128213821482158216821782AA
:102A8000389610821182128213823496108211823B
:102A9000128213821482158216821782B8961082CF
:102AA000118212821382148215821682178238963E
:102AB0001082118212821382C457DF4F188219824A
:102AC0001A821B82DF91CF910895CF92DF92EF920D
:102AD000FF920F931F93CF93DF938A01EA0126960B
:102AE0002AE0C22ED12CE12CF12CA70196010E94E4
:102AF000684F605D6A93B901CA01C017D107A9F791
:102B0000DF91CF911F910F91FF90EF90DF90CF90C9
:102B100008952F923F924F925F926F927F928F9281
:102B20009F92AF92BF92CF92DF92EF92FF920F935C
:102B30001F93CF93DF93CDB7DEB72C970FB6F894E2
:102B4000DEBF0FBECDBF29833A834B835C836D8389
:102B50007E838F8398871801FA86E98680EAA82EFB
:102B600097EFB92E66ECC62E70E1D72EE12CF12C32
:102B700000E010E060E070E080E090E00E94025031
:102B800000E10E94865129013A014B018C879B8705
:102B900029813A814B815C816D817E818F8198850D
:102BA00000E20E94865100E00E94025000E10E9473
:102BB0006B5159016A017B018C019201A301B4019F
:102BC0008C859B850E94A15100E20E948651422E75
:102BD000532E642E752EA301920160E472E48FE0FF
:102BE00090E00E94EA4F29813A814B815C81261B4B
:102BF000370B480B590BDA01C901803432E49307D3
:102C00003FE0A307B10548F04FEF441A540A640AA5
:102C1000740A80549244AF40B109F101408251825C
:102C200062827382E985FA8580839183A283B3836C
:102C30002C960FB6F894DEBF0FBECDBFDF91CF91BB
:102C40001F910F91FF90EF90DF90CF90BF90AF90CA
:102C50009F908F907F906F905F904F903F902F90BC
:102C600008952F923F924F925F926F927F928F9230
:102C70009F92AF92BF92CF92DF92EF92FF920F930B
:102C80001F93CF93DF93CDB7DEB766970FB6F89457
:102C9000DEBF0FBECDBF1C017E8B6D8B842E0FEF70
:102CA0001FEF672B09F4C2C080919D0B882341F070
:102CB00090900202F0900102211113C0F12C14C077
:102CC0008091C60E9091C70E6CE0962E8D309105C6
:102CD0001CF497FD80E0982EF12C222351F0F09007
:102CE000C40E29E02F1550F38CE0891510F45CE038
:102CF000952EAD89BE894D905D906D907C9081013F
:102D000077FE0DC00F5F1F4F8DE2F101808370943D
:102D1000609450944094411C511C611C711C498A60
:102D20005A8A6B8A7C8A8FEF8F0D893008F0D9C060
:102D3000CF2CD12CF601EE0FFF1FEE0FFF1FEC5230
:102D4000FD4E2591359145915491C301B2010E94E8
:102D5000684F762EA72EB82E692EF2E0FF1280C0A3
:102D60002AE030E040E050E00E94684F205DD8014A
:102D70002C93605D11966C936801B2E0CB0ED11C70
:102D8000ED89FE89992069F12601BFEF4B1A5B0A94
:102D90008EE2D6018C9324813581468157816085EE
:102DA000718582859385BCE09B121AC1FE01319624
:102DB0007F018E01035F1F4F0E9489156D857E85FF
:102DC0008F859889A2010E946515A601495F5F4F12
:102DD00069817A818B819C810E946515FDE0CF0E0F
:102DE000D11C882D8F7D09F430C180E2D6018C93EF
:102DF00083E611968C93119788E612968C9312971E
:102E000013968C9213978DE014968C9314978AE006
:102E100015968C93B6E0CB0ED11C860102191309CE
:102E2000A801B10180E49CE00E94300CC8016696C4
:102E30000FB6F894DEBF0FBECDBFDF91CF911F91CB
:102E40000F91FF90EF90DF90CF90BF90AF909F9049
:102E50008F907F906F905F904F903F902F9008954C
:102E6000E3E0FE1226C024E630E040E050E00E949D
:102E7000684F205DD8012C933AE0C32ED12CE12C71
:102E8000F12CA70196010E94684F205DF801218373
:102E9000672D7A2D8B2D962DA70196010E94684FE4
:102EA000605DD80112966C936801B3E0CB0ED11C23
:102EB00067CFC00ED11E76012AE0422E512C612C24
:102EC000712CE1E0EE1AF108A30192010E94684F13
:102ED000605DD7016C93B901CA010E151F0589F712
:102EE0004FCFBAE04B165104610471044CF46801F1
:102EF000EFEFCE1ADE0A80E3840DD8018C9340CF29
:102F00008AE0A82EB12CC12CD12CC301B201A6019C
:102F100095010E94684F90E3F92EF60EB4E64B1629
:102F20005104610471045CF4205DF80120836801A0
:102F3000F2E0CF0ED11CD8011196FC9221CFB8EE51
:102F40004B16B3E05B0661047104D0F4C301B20117
:102F500024E630E040E050E00E94684F205DF80138
:102F60002083A60195010E94684F205DD80111962B
:102F70002C936801B3E0CB0ED11CF801F28200CF94
:102F8000CE0101965C01D12CC12C7C019FEFC91AA6
:102F9000D90A69897A898B899C892AE030E040E0E6
:102FA00050E00E94684F605DD5016D935D01298BF3
:102FB0003A8B4B8B5C8B89899A89AB89BC89892B2D
:102FC0008A2B8B2B19F7F801C601019730F0D70136
:102FD000A80FB91F2C912193F8CFC00ED11ED0CECF
:102FE000692C712CA6E0A91598F0FE0131967F019D
:102FF0008E01035F1F4F0E9489156D857E858F8529
:103000009889A2010E9465156201C60CD71CE9CE01
:10301000DE0111967D018E01035F1F4F0E9489150D
:103020006D857E858F859889A2010E946515B7E020
:10303000CB0ED11C69817A818B819C81A6010E9473
:103040006515E6E06E1A7108E0CF8DE0F601808329
:103050008AE08183F2E0CF0ED11CDFCEDB0141504C
:103060005109FC012491222349F00196FD01E61B40
:10307000F70BE417F50710F42D93F3CF1C92089586
:10308000CF93DF93DC01FB01EA018991AE0120813E
:1030900031818823E1F022303105C8F02D913C9137
:1030A0001197C901019611969C938E93CE010197B9
:1030B000EC018881E9018883CD91DC911197188218
:1030C000208131812150310931832083DDCF81E09E
:1030D0002230310508F480E0DF91CF9108954F92BE
:1030E0005F926F927F92AF92BF92CF92DF92EF92F8
:1030F000FF920F931F93CF93DF9300D000D000D0A7
:103100001F921F92CDB7DEB78C017B0157FF21C004
:10311000DB018D919C91029708F457C0D801ED9185
:10312000FC911197CF01019611969C938E938DE29D
:103130008083ED91FC911082FB0180819181019748
:103140009183808350954095309521953F4F4F4F07
:103150005F4FCA01B9011B866E01FBE0CF0ED11C87
:103160002AE0422E512C612C712C9E012F5F3F4F83
:103170005901A30192010E94684F605DD6016E93D0
:103180006D01B901CA01611571058105910519F03B
:10319000AA16BB0671F7A601B701C8010E94401824
:1031A0002B960FB6F894DEBF0FBECDBFDF91CF9147
:1031B0001F910F91FF90EF90DF90CF90BF90AF9055
:1031C0007F906F905F904F90089580E0E9CFCF930C
:1031D000DF93EC01DB012D913C91119722303105F9
:1031E000D0F0FA0184914F5F5F4F8823A1F0E8810E
:1031F000F9819F012F5F3F4F398328838083E881C6
:10320000F98110822D913C9111972150310911962D
:103210003C932E93E0CF81E02230310508F480E02A
:10322000DF91CF910895AF92BF92CF92DF92EF924C
:10323000FF920F931F932091B00E3091B10E4091E9
:10324000B20E5091B30E6091B40E7091B50EA09075
:10325000290EB0902A0EC0902B0ED0902C0EE0902C
:103260002D0EF0902E0E00912F0E1091300E8091A9
:10327000B60E9091B70E0E94BF5109F04BC020913D
:10328000B80E3091B90E4091BA0E5091BB0E6091BC
:10329000BC0E7091BD0EA090310EB090320EC09059
:1032A000330ED090340EE090350EF090360E009133
:1032B000370E1091380E8091BE0E9091BF0E0E9475
:1032C000BF5141F52091C00E3091C10E8091390E51
:1032D00090913A0E28173907E9F49091CD0E80911C
:1032E000460E981317C09091CE0E8091470E9813FA
:1032F00011C081E02091C80E9091410E291301C0A8
:1033000080E01F910F91FF90EF90DF90CF90BF90E2
:10331000AF90089581E0F5CF87E8EAE8FEE0A3E00A
:10332000BEE001900D928A95E1F71092250B089569
:10333000682F80E49CE00E94C60C80E49CE00C9422
:10334000180DCF92DF92EF92FF920F931F93CF93BE
:10335000DF938C016B01D0E0C0E080E49CE00E9430
:103360008E0C892B39F461E070E080E090E00E94DF
:10337000A40BF3CF80E49CE00E946C0C8D3091058F
:10338000B1F4209731F08DE00E9498198AE00E94F4
:103390009819F801EC0FFD1F1082CE01DF91CF913B
:1033A0001F910F91FF90EF90DF90CF9008958A309A
:1033B000910539F38830910519F08F37910569F43B
:1033C000209759F2219788E00E94981980E20E9484
:1033D000981988E00E949819C0CF7E012FEFE21A59
:1033E000F20AEC14FD0408F0B8CFC00FD11F888397
:1033F0000E949819E701B1CF9EEF980F923008F420
:10340000A5C09EEE980F943008F4A0C090E0FC0197
:10341000E85BFD4E2491FC01EE5FFD4E349143309C
:1034200009F038C0323031F540919D0A422B40936B
:103430009D0A8F5C9B4FFC01A491323009F043C080
:10344000B0E0AA0FBB1FA457B54F6D937C93ECEE71
:10345000F1E1A591B4918C9180939E0A8BE690E066
:1034600090937B0A80937A0A8091680081608093B0
:1034700068004AC03A3031F44091AF0A422B409381
:10348000AF0AD7CF3B30A9F64091C20A422B4093F6
:10349000C20ACFCF323031F440919C0A422B409384
:1034A0009C0AC7CF3A3031F44091AE0A422B409388
:1034B000AE0ABFCF3B3009F0BCCF4091C10A422BCE
:1034C0004093C10AB6CF3A3039F5B0E0AA0FBB1F1E
:1034D000A156B54F6D937C93ECEFF1E1A591B491BA
:1034E0008C918093B00A8CE690E090937B0A809355
:1034F0007A0A809168008260809368008091AD0AAA
:10350000822B8093AD0A220FA0917A0AB0917B0A98
:10351000EC912E2B2C9308953B30B1F7B0E0AA0F1D
:10352000BB1FAF54B54F6D937C93EEEFF1E1A591C6
:10353000B4918C918093C30A8DE690E090937B0ABE
:1035400080937A0A80916800846091CF9FB7F89445
:10355000833069F18231A1F0823039F57093850AA8
:103560006093840AEC9880916A008C7F80936A0053
:1035700080916A00482B40936A00E49AEC9A15C047
:103580007093830A6093820AEB98809169008F732D
:103590008093690080916900F0E44F9FA00111249D
:1035A000482B40936900E39AEB9A9FBF089570936C
:1035B000870A6093860AED9880916A00837F8093E2
:1035C0006A0080916A0024E0429FA0011124482BE8
:1035D00040936A00E59AED9AE8CFFC010190002043
:1035E000E9F73197AF01481B590BBC0180E49CE01F
:1035F0000C94300CCF93DF93D0E0C0E0009719F02B
:103600000E94ED1AEC0180E492E00E94ED1A8C0F0A
:103610009D1FDF91CF9108950C94ED1A83E492E001
:103620000E940C1B8BE193E00E940C1B80E49CE049
:103630000C94180DCF93DF93EC0183E492E00E9489
:103640000C1BCE010E94FA1A80E49CE0DF91CF911E
:103650000C94180D0F931F93CF93DF93CDB7DEB764
:10366000C458D1090FB6F894DEBF0FBECDBF198282
:103670008E010F5F1F4FCF57DF4F19830883C1584B
:10368000D04080E890E0CD57DF4F99838883C358BE
:10369000D04046E452E0BE016D577F4FCE018F57B8
:1036A0009F4F0E9440184DE152E0BE016D577F4F81
:1036B000CE018F579F4F0E94401849E552E0BE014E
:1036C0006D577F4FCE018F579F4F0E94401847E1A3
:1036D00052E0BE016D577F4FCE018F579F4F0E9422
:1036E0004018CD57DF4F88819981C358D040029749
:1036F00020F1CF57DF4FE881F981C158D040CF0189
:103700000196CF57DF4F99838883C158D04089E213
:103710008083CF57DF4FE881F981C158D0401082B4
:10372000CD57DF4F88819981C358D0400197CD573D
:10373000DF4F99838883C358D0404CE552E0BE01E7
:103740006D577F4FCE018F579F4F0E94401846E61E
:103750005BE0BE016D577F4FCE018F579F4F0E9498
:103760004018C8010E941A1B81E0CC57DF4F0FB6EA
:10377000F894DEBF0FBECDBFDF91CF911F910F91A7
:10378000089582E492E00E941A1B82E492E00E9473
:103790001A1B81E00895CF93DF93CDB7DEB7C058F1
:1037A000D1090FB6F894DEBF0FBECDBF82E492E020
:1037B0000E941A1B40E850E0BE016F5F7F4F81E816
:1037C00099E00E942E18CE0101960E941A1B40E833
:1037D00050E0BE016F5F7F4F83E799E00E942E1893
:1037E000CE0101960E941A1B40E850E0BE016F5FB7
:1037F0007F4F84E699E00E942E18CE0101960E9428
:103800001A1B40E850E0BE016F5F7F4F85E599E0ED
:103810000E942E18CE0101960E941A1B40E850E02B
:10382000BE016F5F7F4F86E499E00E942E18CE01A3
:1038300001960E941A1B40E850E0BE016F5F7F4F67
:103840008CE299E00E942E18CE0101960E941A1B6C
:1038500040E850E0BE016F5F7F4F8CE199E00E942D
:103860002E18CE0101960E941A1B82E492E00E945B
:103870001A1BC058DF4F0FB6F894DEBF0FBECDBF86
:10388000DF91CF9108950F931F93CF93DF938C0116
:1038900083E492E00E940C1BE801FE0164912196F2
:1038A000662329F080E49CE00E94C60CF6CF80E4F9
:1038B00092E00E94ED1A80E49CE0DF91CF911F918D
:1038C0000F910C94180D8091930B811123C00E94CD
:1038D0001319882351F080E195E00E94431C68EEA3
:1038E00073E080E090E00C94A40B8091250B88237A
:1038F00071F08CE995E00E94431C1092250B86E73D
:1039000095E00E94431C85E495E00C94431C86E7F7
:1039100095E0FBCF0895CF93DF939C01D9019C9153
:103920002F5F3F4F9032D1F39930C1F3FD010190E9
:103930000020E9F73197EF01AE17BF0728F4829115
:103940008032C9F38930B9F31882CD01DF91CF916C
:103950000895CF93C82F8EEB9BE00E941A1B82E440
:1039600093E10E94431C82E492E00E941A1BC11161
:1039700007C084E393E10E94431C81E0CF91089546
:1039800083E293E10E94431C8FE093E10E94431C79
:103990000E940E1B80E49CE00E948E0C18161906F3
:1039A0002CF480E49CE00E946C0CF4CF60E270E0A8
:1039B0008EE99BE00E94A1198EE99BE00E948B1C7E
:1039C000FC0180818233A9F68CEF92E10E94431CB6
:1039D00080E0D4CF8F929F92AF92BF92CF92DF922E
:1039E000EF92FF920F931F93CF93DF93CDB7DEB784
:1039F000A1970FB6F894DEBF0FBECDBF6C01990F33
:103A0000EE08FF08F7FE3FC08DE20E94130D8C0107
:103A100022273327A9012C193D094E095F0919A254
:103A2000CE0181967C019AE0892E912CA12CB12C9B
:103A3000CA01B901A50194010E94684F605DF701B8
:103A400062937F01211531054105510589F790E009
:103A500080E0309719F0CF010E94ED1A800F911F7E
:103A6000A1960FB6F894DEBF0FBECDBFDF91CF9108
:103A70001F910F91FF90EF90DF90CF90BF90AF908C
:103A80009F908F900895A701960119A28E010F5D56
:103A90001F4F8AE0C82ED12CE12CF12CCA01B901AC
:103AA000A70196010E94684F605DF80162938F0143
:103AB000211531054105510589F790E080E03097E7
:103AC00079F2CF010E94ED1ACBCFEF92FF920F93C4
:103AD0001F93CF93DF938B010C5F1F4FEB017C0192
:103AE000E61AF70AC7018C0F9D1F0E94204F899389
:103AF000C017D107B9F784E090E0DF91CF911F9113
:103B00000F91FF90EF900895CF92DF92EF92FF9286
:103B10000F931F93CF93DF931F921F92CDB7DEB702
:103B20008B01BE016F5F7F4F0E947E496B017C015C
:103B3000E981FA81808181112CC020E030E0A90167
:103B4000C701B6010E94534B87FD23C029EA3FE518
:103B500043E658E5C701B6010E94E54F1816CCF0C0
:103B6000C701B6010E94994FF80120833183428337
:103B70005383648375838683978381E00F900F90CE
:103B8000DF91CF911F910F91FF90EF90DF90CF9039
:103B9000089580E0F3CFEF92FF920F931F93CF939E
:103BA000DF937C018B01D0E0C0E0F80161918F01CF
:103BB000C7018C0F9D1F0E94284F2196C430D1054C
:103BC000A1F784E090E0DF91CF911F910F91FF90DA
:103BD000EF900895CF93DF9387E690E10E94431C16
:103BE00082E492E00E941A1B8FE490E10E94431C41
:103BF0000E940E1B60E870E08EEB9BE00E94A11912
:103C00008EEB9BE00E948B1C6DE672E00E94FB51E4
:103C1000EC01892BA9F48DE190E10E94431C6FEF28
:103C2000CE010E94284F2196C11580E1D807B9F72F
:103C30008FEF9FE00E94431C80E0DF91CF910895B9
:103C400087E390E10E94431C81E0F7CFEF92FF925F
:103C50000F931F93CF93DF937C018B01D0E0C0E0E3
:103C6000F80161918F01C7018C0F9D1F0E94284FA1
:103C70002196C738D105A1F787E890E0DF91CF9171
:103C80001F910F91FF90EF900895CF93DF93CDB7E1
:103C9000DEB7C758D1090FB6F894DEBF0FBECDBF4F
:103CA0008233B1F08333B9F0813309F054C181E03C
:103CB00091E10E94431C1092250B80E0C957DF4F11
:103CC0000FB6F894DEBF0FBECDBFDF91CF91089540
:103CD00086ED90E1EECF8CE0898341E150E06DE12B
:103CE00072E0CE0102960E940B5284E48B8B41E17C
:103CF00050E066E67BE0CE0144960E940B521DA286
:103D00001EA280E88FA386E988A788E989A71AA65A
:103D10001BA61CA61DA61EA61FA681EE88AB85EFBE
:103D200089AB85E08AAB1BAA1CAA1DAA1EAA84E146
:103D300090E098AF8FAB85E090E09AAF89AF1CAE72
:103D40001BAE8BE090E09EAF8DAF80E58FAF80E043
:103D500092ECA1E0B0E024968CAF9DAFAEAFBFAFC8
:103D6000249781E427968FAF279782E428968FAF18
:103D7000289729961FAE29972A961FAE2A972B9629
:103D80001FAE2B972C961FAE2C972D961FAE2D97FE
:103D90002E961FAE2E972F961FAE2F9760961FAEB2
:103DA000609761961FAE619762961FAE62976396A9
:103DB0001FAE639764961FAE649765961FAE6597B6
:103DC00066961FAE669767961FAE679768961FAE9A
:103DD000689782E525968FAF259726968FAF269711
:103DE00094EC69969FAF699789E06A968FAF6A975E
:103DF0006B961FAE6B976C961FAE6C976D961FAE51
:103E00006D976E961FAE6E976F961FAE6F97A096CA
:103E10001FAEA097A1969FAFA197A2968FAFA29732
:103E2000A3961FAEA397A4961FAEA497A5961FAE08
:103E3000A597A6961FAEA697A7961FAEA797A8967A
:103E40001FAEA897A9961FAEA997AA961FAEAA97CC
:103E5000AB961FAEAB97AC961FAEAC97AD961FAEB0
:103E6000AD97AE961FAEAE97AF961FAEAF97E096EA
:103E70001FAEE097E1961FAEE197E2961FAEE29784
:103E8000E3961FAEE397E4961FAEE497E5961FAE68
:103E9000E597E6961FAEE697E7961FAEE797E8969A
:103EA0001FAEE897E9961FAEE997EA961FAEEA972C
:103EB000EB961FAEEB97EC961FAEEC97ED961FAE10
:103EC000ED97EE961FAEEE97EF961FAEEF97C158A7
:103ED000DF4F1882CF57D040C058DF4F1882C058EC
:103EE000D040CF57DF4F1882C158D040CE57DF4F58
:103EF0001882C258D040CD57DF4F1882C358D040E7
:103F0000CC57DF4F1882C458D040CB57DF4F1882B0
:103F1000C558D040CA57DF4F1882C658D040C9573D
:103F2000DF4F1882C758D04087E8FE013196AAE8D3
:103F3000BEE001900D928A95E1F76AE87EE090E09C
:103F400080E00E94261E86EB90E10E94431C81E0E7
:103F50008093930BB2CE81E0B1CE1F93CF93DF93CA
:103F600000D000D01F921F92CDB7DEB7142F6AE8A1
:103F70007EE090E080E00E94261E1092250B86ECE9
:103F80009FE00E94431C1123F1F182E492E00E9421
:103F90001A1B88EA9FE00E94431C83E99FE00E946D
:103FA000431C8CE69FE00E94431C82E492E00E9446
:103FB0001A1B0E940E1B68E070E0CE0101960E9461
:103FC000A119CE0101960E948B1C61E772E00E944C
:103FD000FB51892B79F481E08093930B10E0812FC2
:103FE00028960FB6F894DEBF0FBECDBFDF91CF91FC
:103FF0001F9108958AE49FE00E94431C81E29FE0A4
:104000000E94431CECCF81E08093930BE8CF2F926A
:104010003F924F925F926F927F928F929F92AF9258
:10402000BF92CF92DF92EF92FF920F931F93CF93A5
:10403000DF93CDB7DEB7C758D1090FB6F894DEBF0E
:104040000FBECDBF82E492E00E941A1B40E850E010
:104050009E012F5F3F4F4901B90187E79AE00E9417
:104060002E18C4010E941A1B40E850E0B40185E5F7
:104070009AE00E942E188AE8682E8EE0782EF301CE
:1040800026A037A040A451A4F2A5CD57DF4FF88356
:10409000C358D040F301F3A5CC57DF4FF883C45881
:1040A000D040F301F4A5CB57DF4FF883C558D0407B
:1040B000F301F5A5CA57DF4FF883C658D040F40185
:1040C00001900020E9F731979F0128193909CF574E
:1040D000DF4F39832883C158D04090E4A92E22E4D1
:1040E000B22E3FE0C32ED12CE12CF12C00E010E0E9
:1040F0009101A201CD57DF4F6881C358D040CC5702
:10410000DF4F7881C458D040CB57DF4F8881C558E6
:10411000D040CA57DF4F9881C658D0400E94945073
:104120005F934F933F932F939101A201CD57DF4FA0
:104130006881C358D040CC57DF4F7881C458D040F5
:10414000CB57DF4F8881C558D040CA57DF4F988181
:10415000C658D0400E9496505F934F933F932F9341
:1041600083E792E09F938F9340E8442E512CC20145
:10417000CF57DF4FE881F981C158D0408E1B9F0B8C
:104180009F938F93CF01880D991D9F938F930E94CA
:104190001A52C4010E941A1B40E850E0B40184E3A3
:1041A0009AE00E942E18F30126A437A4F0A9CF5755
:1041B000DF4FF883C158D040F301F1A9CD57DF4F4D
:1041C000F883C358D040F301F2A9CC57DF4FF883EE
:1041D000C458D040F301F3A9CB57DF4FF883C5583B
:1041E000D040F301F4A9CA57DF4FF883C658D04036
:1041F000F301F5A9C957DF4FF883C758D040F40140
:1042000001900020E9F731973F0168187908910182
:10421000CF57DF4F4881C158D040CD57DF4F58812D
:10422000C358D040CC57DF4F6881C458D040CB57DB
:10423000DF4F7881C558D040CA57DF4F8881C658B4
:10424000D040C957DF4F9881C758D0400E94945042
:104250005F934F933F932F939101CF57DF4F488147
:10426000C158D040CD57DF4F5881C358D040CC57AC
:10427000DF4F6881C458D040CB57DF4F7881C55895
:10428000D040CA57DF4F8881C658D040C957DF4F4A
:104290009881C758D0400E9496505F934F933F93A8
:1042A0002F9382E892E09F938F93C201861997091A
:1042B0009F938F93C401860D971D9F938F930E94A8
:1042C0001A52C4010E941A1B40E850E0B40189E070
:1042D0009AE00E942E18F40101900020E9F731972E
:1042E000CF0188199909E9EDFEE023812F932281FE
:1042F0002F9321812F9320812F93E1EDFEE02381E5
:104300002F9322812F9321812F9320812F9302E9D4
:1043100012E01F930F939201281B390B3F932F93A9
:10432000880D991D9F938F930E941A520FB6F8948F
:10433000DEBF0FBECDBFC4010E941A1B40E850E093
:10434000B40185EE99E00E942E18F401019000203E
:10435000E9F73197CF0188199909E9EEFEE0238149
:104360002F9322812F9321812F9320812F93E1EE90
:10437000FEE023812F9322812F9321812F9320818F
:104380002F931F930F939201281B390B3F932F9369
:10439000880D991D9F938F930E941A52C4010E9409
:1043A0001A1B40E850E0B40181EC99E00E942E18FD
:1043B000F40101900020E9F73197CF01881999099C
:1043C000E9EFFEE023812F9322812F9321812F9308
:1043D00020812F93E1EFFEE023812F9322812F9301
:1043E00021812F9320812F931F930F939201281BDC
:1043F000390B3F932F93880D991D9F938F930E94A4
:104400001A52C4010E941A1B40E850E0B40181EA2C
:1044100099E00E942E18F40101900020E9F73197ED
:10442000CF0188199909E9E0FFE023812F932281C8
:104430002F9321812F9320812F93E1E0FFE02381AF
:104440002F9322812F9321812F9320812F931F93CC
:104450000F93481A590A5F924F92880D991D9F93A6
:104460008F930E941A520FB6F894DEBF0FBECDBFD5
:10447000C4010E941A1B82E492E00E941A1BC957D1
:10448000DF4F0FB6F894DEBF0FBECDBFDF91CF91E7
:104490001F910F91FF90EF90DF90CF90BF90AF9062
:1044A0009F908F907F906F905F904F903F902F9054
:1044B0000895CF93DF93CDB7DEB7C058D1090FB6BB
:1044C000F894DEBF0FBECDBF82E492E00E941A1BBB
:1044D00040E850E0BE016F5F7F4F81E199E00E94AC
:1044E0002E18CE0101960E941A1B40E850E0BE0132
:1044F0006F5F7F4F82E099E00E942E18CE010196F7
:104500000E941A1B40E850E0BE016F5F7F4F8CEEA7
:1045100098E00E942E18CE0101960E941A1B40E8D6
:1045200050E0BE016F5F7F4F86ED98E00E942E182D
:10453000CE0101960E941A1B40E850E0BE016F5F59
:104540007F4F8CEB98E00E942E18CE0101960E94BE
:104550001A1B40E850E0BE016F5F7F4F80EB98E090
:104560000E942E18CE0101960E941A1B40E850E0CE
:10457000BE016F5F7F4F8CE998E00E942E18CE013C
:1045800001960E941A1B40E850E0BE016F5F7F4F0A
:1045900081E998E00E942E18CE0101960E941A1B14
:1045A00040E850E0BE016F5F7F4F80E898E00E94D6
:1045B0002E18CE0101960E941A1B82E492E00E94FE
:1045C0001A1B40E850E0BE016F5F7F4F81E798E023
:1045D0000E942E18E091AE0E69E678E0E83038F4DB
:1045E000F0E0EE0FFF1FE95FFD4F60817181CE01AA
:1045F00001960E94E54ACE0101960E941A1B82E4B0
:1046000092E00E941A1BC058DF4F0FB6F894DEBF2D
:104610000FBECDBFDF91CF9108952F923F924F9261
:104620005F926F927F928F929F92AF92BF92CF9242
:10463000DF92EF92FF920F931F93CF93DF93CDB74B
:10464000DEB764970FB6F894DEBF0FBECDBF2983E7
:104650003A834B835C8369877A878B879C872AA5FB
:104660002D833BA53E838CA58F83EDA5E887FEA512
:10467000FD872FA52E8738A93F8789A9888B2AA86F
:104680003BA84CA85DA8EEA9E98BFFA9FA8B28AD41
:104690002B8B39AD3C8B6AAC7BAC8CAC9DAC8EADBE
:1046A0009FAD5F924F923F922F92E885EF93FF81EB
:1046B000FF932E812F933D813F93DF92CF92BF9244
:1046C000AF92EC81EF93FB81FF932A812F93398185
:1046D0003F939F938F938EEB95E09F938F938EEBF9
:1046E0009BE09F938F930E94234B8EEB9BE00E9455
:1046F0001A1B82E492E00E941A1B83E293E10E945B
:10470000431C8FE093E10E94431C0E940E1B60E853
:1047100070E08EEB9BE00E94A1198EEB9BE00E9463
:104720008B1C0FB6F894DEBF0FBECDBFFC012081FD
:10473000223309F043C001900020E9F79F01225085
:10474000310928173907D1F52981F30120833A81EE
:1047500031838B8182832C812383398534838A85BD
:1047600085832B8526833C853783F401A082B18223
:10477000C282D382E482F582068317831092250BCE
:104780008CEF92E10E94431C80E064960FB6F8948F
:10479000DEBF0FBECDBFDF91CF911F910F91FF9074
:1047A000EF90DF90CF90BF90AF909F908F907F90D1
:1047B0006F905F904F903F902F9008952D81F3015F
:1047C00020833E8131838F818283288523833D85A9
:1047D00034838E8585832F85268338893783F4013A
:1047E0002082318242825382298924833A89358307
:1047F0008B8986832C89278384E393E10E94431C61
:1048000081E0C3CFAF92BF92CF92DF92EF92FF923F
:104810000F931F93CF93DF93CDB7DEB7C058D10965
:104820000FB6F894DEBF0FBECDBF82E492E00E94C7
:104830001A1B40E850E08E010F5F1F4FB80180E562
:1048400098E00E942E18C8010E941A1B40E850E010
:10485000B8018AE398E00E942E18E091AE0E69E656
:1048600078E0E83038F4F0E0EE0FFF1FE95FFD4F2D
:1048700060817181C8010E94E54A65E876E0C8015F
:104880000E94E551C8010E941A1B40E850E0B8019F
:1048900083E198E00E942E18E091C40EF091C50EBD
:1048A0001E161F060CF4AFC166E376E085E09BE0C0
:1048B0000E94F04AF80101900020E9F73197E01BCF
:1048C000F10B85E09BE09F938F938091C50E8F93B2
:1048D0008091C40E8F938BE992E09F938F9380E831
:1048E000E82EF12CC7018E1B9F0B9F938F93E00F37
:1048F000F11FFF93EF930E941A52C8010E941A1BE6
:1049000040E850E0B8018CEE97E00E942E18F801C4
:1049100001900020E9F73197E01BF10B8091C70E61
:104920008F938091C60E8F9381EA92E09F938F932D
:10493000C7018E1B9F0B9F938F93E00FF11FFF9377
:10494000EF930E941A52C8010E941A1B40E850E0DF
:10495000B8018AEC97E00E942E18F801019000201F
:10496000E9F73197E01BF10B8091CE0E282F082E2E
:10497000000C330B3F938F938091CD0E282F082E80
:10498000000C330B3F938F9395EAA92E92E0B92E3A
:10499000BF92AF92C7018E1B9F0B9F938F93E00F27
:1049A000F11FFF93EF930E941A52C8010E941A1B35
:1049B00040E850E0B80187EA97E00E942E18F8011D
:1049C00001900020E9F73197E01BF10B8091C80EB0
:1049D000282F082E000C330B3F938F9328EAC22E0A
:1049E00022E0D22EDF92CF92C7018E1B9F0B9F93A6
:1049F0008F93E00FF11FFF93EF930E941A520FB6AF
:104A0000F894DEBF0FBECDBFC8010E941A1B40E85C
:104A100050E0B80188E897E00E942E18F801019054
:104A20000020E9F73197E01BF10B8091D00E282F81
:104A3000082E000C330B3F938F938091CF0E282FBD
:104A4000082E000C330B3F938F93BF92AF92C70198
:104A50008E1B9F0B9F938F93E00FF11FFF93EF939C
:104A60000E941A52C8010E941A1B40E850E0B80187
:104A700088E697E00E942E188091AF0E0FB6F8944A
:104A8000DEBF0FBECDBF882309F4F1C0F80101904D
:104A90000020E9F73197E01BF10B282F082E000CBE
:104AA000330B3F938F93DF92CF92EE1AFF0AFF9260
:104AB000EF92E00FF11FFF93EF930E941A520FB68F
:104AC000F894DEBF0FBECDBFC8010E941A1B40E89C
:104AD00050E0B8018CE497E00E942E18C8010E94B3
:104AE0001A1B40E850E0B8018AE297E00E942E18B5
:104AF000F80101900020E9F73197E01BF10B80915C
:104B0000CC0E8F938091CB0E8F938091CA0E8F9392
:104B10008091C90E8F938CEA92E09F938F9380E8E7
:104B200090E08E1B9F0B9F938F93E00FF11FFF93DD
:104B3000EF930E941A52C8010E941A1B82E492E06D
:104B40000E941A1B40E850E0B80181E197E00E9402
:104B50002E18C8010E941A1B40E850E0B8018BEFE4
:104B600096E00E942E18C8010E941A1B40E850E0EF
:104B7000B80181EE96E00E942E18C8010E941A1B0F
:104B800040E850E0B8018BEA96E00E942E18C80178
:104B90000E941A1B82E492E00E941A1B40E850E037
:104BA000B8018EE896E00E942E18C8010E941A1BD8
:104BB00040E850E0B80187E696E00E942E18C80150
:104BC0000E941A1B40E850E0B80181E496E00E9480
:104BD0002E18C8010E941A1B0FB6F894DEBF0FBE34
:104BE000CDBFC058DF4F0FB6F894DEBF0FBECDBFAC
:104BF000DF91CF911F910F91FF90EF90DF90CF90B9
:104C0000BF90AF900895EA30F105F4F4EE0FFF1F66
:104C1000EE0FFF1FE25FF94F85919591A591B49139
:104C2000BF93AF939F938F9386EF95E09F938F935E
:104C300085E09BE09F938F930E94234B0FB6F894DF
:104C4000DEBF0FBECDBF36CEFF93EF938DED95E067
:104C50009F938F9385E09BE09F938F930E94234BBC
:104C60000F900F900F900F900F900F9023CE62E651
:104C700077E0C8010E94E54A27CF0E94022481E024
:104C800008952F923F924F925F926F927F928F92F0
:104C90009F92AF92BF92CF92DF92EF92FF920F93CB
:104CA0001F93CF93DF93CDB7DEB7C55BD1090FB6A6
:104CB000F894DEBF0FBECDBF7B01C455DF4F4883E4
:104CC000CC5AD040190130E020E00217130709F454
:104CD0005BC2F1019491A101435D5F4F891721F0FF
:104CE0002F5F3F4F1A01F1CF2114310409F44CC258
:104CF00031962491C555DF4F2883CB5AD040349646
:104D000085909590A590B490F1013D964590559071
:104D100065907490F101B396E491F101B596859197
:104D20009591A591B491F101339605911491F101FA
:104D3000B19625913491C555DF4F3881CB5AD0407B
:104D4000353009F014C1F1017D96259134914EE082
:104D50002E3A340709F075C01091AE0E8093AE0E56
:104D6000181302C081E011C281E08093250B1092DC
:104D7000BE0B8EEB9BE023969FAF8EAF239780E810
:104D800090E09A8389834DEF54E0BE016F5F7F4FBF
:104D9000CE018F5B9F4F0E94E718E091AE0E49E66F
:104DA00058E0E83038F4F0E0EE0FFF1FE95FFD4F08
:104DB00040815181BE016F5F7F4FCE018F5B9F4F5E
:104DC0000E94E7188EEB9BE00E941A1BC455DF4F30
:104DD0005881CC5AD040552311F40C94323182E4DE
:104DE00092E00E941A1B8CEE94E00E94431C88ED16
:104DF00094E00E94431C0E940E1B60E870E08EEB62
:104E00009BE00E94A1198EEB9BE00E948B1CFC0191
:104E10002081223311F00C94323101900020E9F707
:104E20009F01225031092817390711F00C943231B3
:104E30001093AE0E1092250B85EC94E00E94431C5B
:104E400091CF295C3E4009F08DCFC090C90ED09023
:104E5000CA0EE090CB0EF090CC0E8093C90E9093CA
:104E6000CA0EA093CB0EB093CC0E8C159D05AE054B
:104E7000BF0509F477CF81E08093250B1092BE0B1C
:104E80008EEB9BE023969FAF8EAF239780E890E058
:104E90009A83898342EA54E0BE016F5F7F4FCE015F
:104EA0008F5B9F4F0E94E718A7019601BE016F5FBD
:104EB0007F4FCE018F5B9F4F0E946F184BE954E0EC
:104EC000BE016F5F7F4FCE018F5B9F4F0E94E7183F
:104ED0002091C90E3091CA0E4091CB0E5091CC0E4C
:104EE000BE016F5F7F4FCE018F5B9F4F0E946F1897
:104EF0008EEB9BE00E941A1BC455DF4F2881CC5AD1
:104F0000D040222311F40C94323182E492E00E94CA
:104F10001A1B8CEE94E00E94431C88ED94E00E94E2
:104F2000431C0E940E1B60E870E08EEB9BE00E9429
:104F3000A1198EEB9BE00E948B1CFC012081223387
:104F400011F00C94323101900020E9F79F012250BA
:104F500031092817390711F00C943231C092C90E6B
:104F6000D092CA0EE092CB0EF092CC0E63CFE11439
:104F7000F10421F0F7018081811125C083E492E0E2
:104F80000E940C1BF80164910F5F1F4F80E49CE0AE
:104F9000662319F00E94C60CF5CF0E94180D60E838
:104FA00070E08EEB9BE00E94A1198EEB9BE00E94CB
:104FB0008B1C7C01FC018081882309F4D3CEE11491
:104FC000F10409F4CFCEA501940160E070E0CB01BB
:104FD000C556DF4F8882CB59D040C456DF4F388347
:104FE000CC59D040C356DF4FA882CD59D040C256CD
:104FF000DF4F5883CE59D040C156DF4F6883CF5919
:10500000D040C056DF4F7883C05AD040CF55DF4FD5
:105010008883C15AD040CE55DF4F9883C25AD040C2
:10502000A301920160E070E0CB01CD55DF4F4882D3
:10503000C35AD040CC55DF4F3883C45AD040CB55EB
:10504000DF4F6882C55AD040CA55DF4F5883C65AD1
:10505000D040C955DF4F6883C75AD040C855DF4F8D
:105060007883C85AD040C755DF4F8883C95AD0408B
:10507000C655DF4F9883CA5AD040CF57DF4F1882AA
:10508000C158D040CE57DF4F1882C258D040CD57BC
:10509000DF4F1882C358D040CC57DF4F1882C45816
:1050A000D040CB57DF4F1882C558D040CA57DF4F8A
:1050B0001882C658D040C957DF4F1882C758D04011
:1050C000C857DF4F1882C858D040C757DF4F1882E3
:1050D000C958D040C657DF4F1882CA58D040C5576C
:1050E000DF4F1882CB58D040C457DF4F1882CC58BE
:1050F000D040C357DF4F1882CD58D040C257DF4F42
:105100001882CE58D040C157DF4F1882CF58D040B8
:10511000C057DF4F1882C059D040CF56DF4F18829A
:10512000C159D040CE56DF4F1882C259D040CD561B
:10513000DF4F1882C359D040CC56DF4F1882C45974
:10514000D040CB56DF4F1882C559D040CA56DF4FEA
:105150001882C659D040C956DF4F1882C759D0406F
:10516000C856DF4F1882C859D040C555DF4F388127
:10517000CB5AD040323009F4F7C108F5332309F493
:1051800059C0313009F473C180E0CB54DF4F0FB602
:10519000F894DEBF0FBECDBFDF91CF911F910F916D
:1051A000FF90EF90DF90CF90BF90AF909F908F9047
:1051B0007F906F905F904F903F902F900895C555CE
:1051C000DF4F4881CB5AD040433009F444C24430C9
:1051D000D9F6F70101900020E9F731975F01AE1889
:1051E000BF0822E0A216B10449F4F7019080FFE263
:1051F0009F1621F0F70181818032C9F46FE270E0DF
:10520000C7010E94F0518C01892B09F01CC360E298
:1052100070E0C7010E94F0518C01892B09F013C383
:10522000AA94AB2809F060C3F7018081982EFF246F
:10523000F3942CC3F7018081882309F40FC18B32CA
:1052400019F0412C8D3241F4442443948D3209F0FD
:10525000412CFFEFEF1AFF0AF7018081882309F440
:10526000FDC0C355DF4FF982E882CD5AD040712C82
:10527000812CB0E0A0E0C155DF4F1882CF5AD0405A
:10528000C055DF4F1882C05BD040512C612CC355F4
:10529000DF4FE881F981CD5AD0409190C355DF4F5F
:1052A000F983E883CD5AD040992009F445C080EDB8
:1052B000890D8A3008F0D2C0FAE0AF2EB12CC12C93
:1052C000D12CE12CF12C00E010E0272D382D4B2FB4
:1052D0005A2FC155DF4F6881CF5AD040C055DF4F9C
:1052E0007881C05BD040852D962D0E9402505901D7
:1052F0006A017B018C01892D990C990BC097E92FCC
:10530000EE0FEE0B9C014E2F5E2F6E2F7E2F8E2FF9
:105310009E2F0E94A151722E832EB42FA52FC1550E
:10532000DF4F6883CF5AD040C055DF4F7883C05BD2
:10533000D040582E692EABCF442011F1272D382DA7
:105340004B2F5A2FC155DF4F6881CF5AD040C055DF
:10535000DF4F7881C05BD040852D962D0E9424516F
:10536000722E832EB42FA52FC155DF4F6883CF5ADD
:10537000D040C055DF4F7883C05BD040582E692E97
:10538000CF57DF4F7882C158D040CE57DF4F888249
:10539000C258D040CD57DF4FB883C358D040CC5708
:1053A000DF4FA883C458D040C155DF4FF881CF5A92
:1053B000D040CB57DF4FF883C558D040C055DF4FA2
:1053C000E881C05BD040CA57DF4FE883C658D04061
:1053D000C957DF4F5882C758D040C857DF4F68823F
:1053E000C858D040C556DF4F2881CB59D040C4564D
:1053F000DF4F3881CC59D040C356DF4F4881CD595B
:10540000D040C256DF4F5881CE59D04060E070E0A6
:1054100080E090E0A72CB82CCB2EDA2EEF2EFE2EBB
:10542000052D162D0E94BF5109F0C4F4CD55DF4F54
:105430002881C35AD040CC55DF4F3881C45AD04060
:10544000CB55DF4F4881C55AD040CA55DF4F5881F0
:10545000C65AD0400E94BF510CF0F7C083E994E0D7
:105460000E94431C82E492E00E941A1B7BCCF7014D
:1054700001900020E9F7CF0102978E159F0571F783
:10548000F7018081082E000C990B0E94D451182F2F
:10549000F101759665917491CE0101960E94F04AD2
:1054A000898121E0882361F0612F012E000C770BA8
:1054B000CE0101960E94F05121E0892B09F420E0F1
:1054C000912C80E0F12C90E0222341F2F1017D96B5
:1054D000A591B491C555DF4FF881CB5AD040F23039
:1054E00009F433C308F00AC2FF2309F460C2F130A3
:1054F00009F038CC7EE0A83CB70709F0D4C200918F
:10550000C80E1093C80EC555DF4F8881CB5AD040C6
:105510008093250B812F012E000C990B9F931F93D5
:10552000802F002E000C990B9F930F938AEE92E030
:105530009F938F931F9280E88F938EEB9BE09F93B6
:105540008F930E941A52C455DF4F8881CC5AD040A5
:105550000E94A91C0FB6F894DEBF0FBECDBF81110B
:1055600001CC0093C80E5FC2F7018081882309F443
:1055700075CFBE016F577F4FC7010E94841D8823DE
:1055800009F46CCFCF57DF4F6880C158D040CE5759
:10559000DF4F7880C258D040CD57DF4F8880C35846
:1055A000D040CC57DF4F9880C458D040CB57DF4F06
:1055B000B881C558D040CA57DF4FA881C658D040DF
:1055C000C957DF4FF881C758D040C857DF4FE8812F
:1055D000C858D0409301A4016B2F7A2F8F2F9E2F94
:1055E000C556DF4FA880CB59D040C456DF4FB88096
:1055F000CC59D040C356DF4FC880CD59D040C25699
:10560000DF4FD880CE59D040E12CF12C00E010E0E3
:105610000E94BF510CF422CFCD55DF4FA880C35A52
:10562000D040CC55DF4FB880C45AD040CB55DF4F67
:10563000C880C55AD040CA55DF4FD880C65AD0401E
:105640000E94BF5111F00CF009CF912C80E0F12C99
:1056500090E010E03BCFF7018081882309F4FECE73
:105660006FE270E0C7010E94F0518C01892B49F470
:1056700060E270E0C7010E94F0518C01892B09F4AF
:10568000EDCE5801AE18BF08F0E4AF16B10408F033
:10569000E5CEA501B701CE018F5B9F4F0E940B5253
:1056A000E1E4F0E0EC0FFD1FEA0DFB1D1082B801F4
:1056B0006F5F7F4FCE0101960E94045222968FADFC
:1056C0002297882309F4CACEBE0167577F4FCE01C7
:1056D0008F5B9F4F0E94841D882309F4BFCE898170
:1056E000882309F4BBCEBE016F567F4FCE010196D1
:1056F0000E94841D882309F4B1CEC757DF4F68800C
:10570000C958D040C657DF4F7880CA58D040C557D7
:10571000DF4F8880CB58D040C457DF4F9880CC589B
:10572000D040C357DF4FB881CD58D040C257DF4F6C
:10573000A881CE58D040C157DF4FF881CF58D04014
:10574000C057DF4FE881C059D0409301A4016B2FAF
:105750007A2F8F2F9E2FC556DF4FA880CB59D04070
:10576000C456DF4FB880CC59D040C356DF4FC880F5
:10577000CD59D040C256DF4FD880CE59D040E12C11
:10578000F12C00E010E00E94BF510CF467CECD5523
:10579000DF4FA880C35AD040CC55DF4FB880C45AE1
:1057A000D040CB55DF4FC880C55AD040CA55DF4FD7
:1057B000D880C65AD0400E94BF5111F00CF04ECE96
:1057C000CF56DF4F6880C159D040CE56DF4F78802A
:1057D000C259D040CD56DF4F8880C359D040CC56F7
:1057E000DF4F9880C459D040CB56DF4FB881C559A0
:1057F000D040CA56DF4FA881C659D040C956DF4FA6
:10580000F881C759D040C856DF4FE881C859D04009
:105810009301A4016B2F7A2F8F2F9E2FC556DF4F38
:10582000A880CB59D040C456DF4FB880CC59D04067
:10583000C356DF4FC880CD59D040C256DF4FD88005
:10584000CE59D040E5CEE016F10619F5912CF12C99
:10585000F8018181882309F44EC0B8016F5F7F4F42
:1058600040E150E0CE0101960E940F4BCE0101961F
:105870000E948B1CFC0101900020E9F79F0122503F
:10588000310928173907B9F5FC01808191E021E041
:1058900030C05801AE18BF08F0E1AF16B10418F0DF
:1058A000EFE0AE2EB12CA501B701CE0101960E940A
:1058B000DC51E1E0F0E0EC0FFD1FEA0DFB1D108272
:1058C000CE0101960E948B1CFC0101900020E9F79B
:1058D0009F01225031092817390709F0B7CFFC0181
:1058E0009080FF24F394B4CF912C80E0F12C90E0D1
:1058F00020E010E0E9CD80E090E0C9CFC555DF4F52
:105900002881CB5AD040233009F4B0C4243009F0A8
:1059100029CA3EE0AD3CB30709F0DDC50091CD0ECC
:105920001091CE0EF1109092CD0E91118093CE0E6B
:1059300081E08093250B8091CE0E282F082E000C3D
:10594000330B3F938F938091CD0E282F082E000CA0
:10595000330B3F938F93812F012E000C990B9F9354
:105960001F93802F002E000C990B9F930F9383E6BB
:1059700093E09F938F931F9280E88F938EEB9BE031
:105980009F938F930E941A52C455DF4F8881CC5A3F
:10599000D0400E94A91C0FB6F894DEBF0FBECDBF49
:1059A0008111E0C90093CD0E1093CE0E3CC03EE0B5
:1059B000A43CB307D9F50091C40E1091C50ECF5782
:1059C000DF4F8881C158D040CE57DF4F9881C258F1
:1059D000D0408093C40E9093C50E21E02093250BF8
:1059E0009F938F931F930F9381EB92E09F938F93DD
:1059F0001F9280E88F938EEB9BE09F938F930E9482
:105A00001A52C455DF4F8881CC5AD0400E94A91C3D
:105A10000FB6F894DEBF0FBECDBF8111A3C90093AE
:105A2000C40E1093C50E1092250B9CC9A65CBE40F7
:105A300009F098C90091C60E1091C70ECF57DF4FDD
:105A40008881C158D040CE57DF4F9881C258D0408E
:105A50008093C60E9093C70E21E02093250B9F9351
:105A60008F931F930F938CEC92E09F938F931F92D1
:105A700080E88F938EEB9BE09F938F930E941A5246
:105A8000C455DF4F8881CC5AD0400E94A91C0FB664
:105A9000F894DEBF0FBECDBF811164C90093C60E5E
:105AA0001093C70EC0CFAF5ABE4009F05BC900913A
:105AB000AF0E112319F0103209F410E01093AF0E5D
:105AC00081E08093250B63E073E08EEB9BE00E9406
:105AD0000452002361F1EEEBFBE0DF010D900020AA
:105AE000E9F711970C9301900020E9F7108269E122
:105AF00073E08EEB9BE00E94E5511123F9F0EEEB91
:105B0000FBE0DF010D900020E9F711971C93019055
:105B10000020E9F71082C455DF4F8881CC5AD0406D
:105B20000E94A91C81111EC90093AF0E7CCF62EEAA
:105B300076E08EEB9BE00E94E551D9CF62EE76E0F5
:105B40008EEB9BE00E94E551E6CF2EE0A03BB20732
:105B500009F086C12090B00E3090B10E4090B20E88
:105B60005090B30E6090B40E7090B50E8090B60E4B
:105B70009090B70ECF57DF4F8881C158D0408093A7
:105B8000B00ECE57DF4F8881C258D0408093B10EFF
:105B9000CD57DF4F8881C358D0408093B20ECC5789
:105BA000DF4F8881C458D0408093B30ECB57DF4F6E
:105BB0008881C558D0408093B40ECA57DF4F888182
:105BC000C658D0408093B50EC957DF4F8881C7585B
:105BD000D0408093B60EC857DF4F8881C858D04058
:105BE0008093B70E81E08093250B50E4A52E62E4EC
:105BF000B62E7FE0C72ED12CE12CF12C00E010E076
:105C00009101A201B301C4010E9494505F934F938C
:105C10003F932F939101A201B301C4010E949650BA
:105C20005F934F933F932F9344EF56E05F934F93CF
:105C30001F9270E27F93CE018F5B9F4FC756DF4F5D
:105C400099838883C959D0409F938F930E941A5299
:105C5000CF57DF4F9881C158D040C556DF4F98834A
:105C6000CB59D040CE57DF4FE881C258D040CD55F8
:105C7000DF4FE883C35AD040CD57DF4FF881C35878
:105C8000D040C555DF4FF883CB5AD040CC57DF4FBB
:105C90002881C458D040C455DF4F2883CC5AD04007
:105CA000CB57DF4F3881C558D040C355DF4F3883BD
:105CB000CD5AD040CA57DF4F4881C658D040C15551
:105CC000DF4F4883CF5AD040C957DF4F5881C7585C
:105CD000D040C055DF4F5883C05BD040C857DF4F1E
:105CE0006881C858D040CF54DF4F6883C15BD04033
:105CF000292F3E2F4F2FC455DF4F5881CC5AD0400B
:105D0000C355DF4F6881CD5AD040C155DF4F7881F0
:105D1000CF5AD040C055DF4F8881C05BD040CF54B0
:105D2000DF4F9881C15BD0400E9494505F934F93A6
:105D30003F932F93C556DF4F2881CB59D040CD5587
:105D4000DF4F3881C35AD040C555DF4F4881CB5A09
:105D5000D040C455DF4F5881CC5AD040C355DF4F97
:105D60006881CD5AD040C155DF4F7881CF5AD0409D
:105D7000C055DF4F8881C05BD040CF54DF4F988142
:105D8000C15BD0400E9496505F934F933F932F93F7
:105D900084EF96E09F938F931F92F0E2FF938E0122
:105DA0000F5F1F4F1F930F930E941A521F930F9361
:105DB000C656DF4F2881CA59D0402F93C756DF4FB0
:105DC0003881C959D0403F938EE794E09F938F93D9
:105DD0008EEB9BE09F938F930E94234B0FB6F8941A
:105DE000DEBF0FBECDBF8EEB9BE00E941A1B82E48C
:105DF00092E00E941A1B8CEE94E00E94431C88EDF6
:105E000094E00E94431C0E940E1B60E870E08EEB41
:105E10009BE00E94A1198EEB9BE00E948B1CFC0171
:105E20002081223309F01EC201900020E9F79F0172
:105E3000225031092817390709F014C22092B00EF8
:105E40003092B10E4092B20E5092B30E6092B40EE8
:105E50007092B50E8092B60E9092B70E0C941A27DF
:105E6000A85BBE4011F00C94B2262091B80EC55626
:105E7000DF4F2883CB59D0403091B90ECD55DF4F3D
:105E80003883C35AD0404091BA0EC555DF4F48837E
:105E9000CB5AD0405091BB0EC455DF4F5883CC5ADB
:105EA000D0402090BC0E3090BD0E4090BE0E509061
:105EB000BF0ECF57DF4F8881C158D0408093B80EB6
:105EC000CE57DF4F8881C258D0408093B90ECD574E
:105ED000DF4F8881C358D0408093BA0ECC57DF4F34
:105EE0008881C458D0408093BB0ECB57DF4F888148
:105EF000C558D0408093BC0ECA57DF4F8881C65822
:105F0000D0408093BD0EC957DF4F8881C758D0401D
:105F10008093BE0EC857DF4F8881C858D040809309
:105F2000BF0E81E08093250B80E4A82E92E4B92E69
:105F30006FE0C62ED12CE12CF12C00E010E0B10175
:105F4000C2010E949650922E832E742E652EE0EC94
:105F5000AE2EFDEBBF2EA0EFCA2EDD24DA94EE2488
:105F6000EA94FF24FA940FEF1FEF0E940250C556E7
:105F7000DF4FA880CB59D040CD55DF4FB880C35AF2
:105F8000D040C555DF4FC880CB5AD040C455DF4FF5
:105F9000D880CC5AD040710182010E94A1515F93F8
:105FA0004F933F932F936F927F928F929F926FE0C8
:105FB00077E07F936F931F9290E29F93FE01EF5BD8
:105FC000FF4FC756DF4FF983E883C959D040FF938D
:105FD000EF930E941A52CF57DF4FF881C158D0403B
:105FE000C355DF4FF883CD5AD040CE57DF4F2881BD
:105FF000C258D040C155DF4F2883CF5AD040CD572B
:10600000DF4F3881C358D040C055DF4F3883C05B65
:10601000D040CC57DF4F4881C458D040CF54DF4FD9
:106020004883C15BD040CB57DF4F5881C558D04023
:10603000CE54DF4F5883C25BD040CA57DF4F6881D0
:10604000C658D040CD54DF4F6883C35BD040C9579A
:10605000DF4F7881C758D040CC54DF4F7883C45B82
:10606000D040C857DF4F8881C858D040CB54DF4F4D
:106070008883C55BD040B0E4AB2E12E4B12E0FE0B4
:10608000C02ED12CE12CF12C00E010E02F2FC155B7
:10609000DF4F3881CF5AD040C055DF4F4881C05BB9
:1060A000D040CF54DF4F5881C15BD040CE54DF4F3A
:1060B0006881C25BD040CD54DF4F7881C35BD04054
:1060C000CC54DF4F8881C45BD040CB54DF4F9881E4
:1060D000C55BD0400E949650922E832E742E652E62
:1060E00020ECA22E3DEBB32E40EFC42EDD24DA943B
:1060F000EE24EA94FF24FA940FEF1FEF292D382D98
:10610000472D0E940250C355DF4FA880CD5AD04082
:10611000C155DF4FB880CF5AD040C055DF4FC8803F
:10612000C05BD040CF54DF4FD880C15BD040CE544D
:10613000DF4FE880C25BD040CD54DF4FF880C35BB7
:10614000D040CC54DF4F0881C45BD040CB54DF4FEC
:106150001881C55BD0400E94A1515F934F933F933C
:106160002F936F927F928F929F92EFE0F7E0FF93D1
:10617000EF931F9230E23F938E010F5F1F4F1F93EB
:106180000F930E941A521F930F93C656DF4F4881F8
:10619000CA59D0404F93C756DF4F5881C959D04094
:1061A0005F938EE193E09F938F931F9280E88F938C
:1061B0008EEB9BE09F938F930E941A520FB6F89438
:1061C000DEBF0FBECDBF8EEB9BE00E941A1B82E4A8
:1061D00092E00E941A1B8CEE94E00E94431C88ED12
:1061E00094E00E94431C0E940E1B60E870E08EEB5E
:1061F0009BE00E94A1198EEB9BE00E948B1CFC018E
:106200002081223379F501900020E9F79F01225087
:1062100031092817390731F5C556DF4FF881CB59B9
:10622000D040F093B80ECD55DF4F2881C35AD040EF
:106230002093B90EC555DF4F3881CB5AD0403093EB
:10624000BA0EC455DF4F4881CC5AD0404093BB0EA4
:106250002092BC0E3092BD0E4092BE0E5092BF0EE8
:106260000C941A2787EB94E00C941E275EE0A13D66
:10627000B50709F09BC02091D10E3091D20E40910C
:10628000D30E5091D40E6091D50E7091D60E8091A0
:10629000D70E9091D80EE9EDFEE0A090D90EB09007
:1062A000DA0EC090DB0ED090DC0EE090DD0EF090A8
:1062B000DE0E0091DF0E1091E00E992493949092DF
:1062C000250B0F2EF9E38F2EF3E09F2EF02D9F92DA
:1062D0008F92FF93EF93BF93AF93C856DF4FE88140
:1062E000C859D040EF93C956DF4FE881C759D04015
:1062F000EF93CA56DF4FE881C659D040EF93CB5693
:10630000DF4FE881C559D040EF93CC56DF4FE8818D
:10631000C459D040EF93CD56DF4FE881C359D040E8
:10632000EF93CE56DF4FE881C259D040EF93CF565E
:10633000DF4FE881C159D040EF93C057DF4FE8816C
:10634000C059D040EF93C157DF4FE881CF58D040BC
:10635000EF93C257DF4FE881CE58D040EF93C35739
:10636000DF4FE881CD58D040EF93C457DF4FE8812D
:10637000CC58D040EF93C557DF4FE881CB58D04081
:10638000EF93C657DF4FE881CA58D040EF93C75705
:10639000DF4FE881C958D040EF930E940D230FB61C
:1063A000F894DEBF0FBECDBF0C94B2267EE0A13EB6
:1063B000B70769F52091E10E3091E20E4091E30EAE
:1063C0005091E40E6091E50E7091E60E8091E70E1B
:1063D0009091E80EE9EEFEE0A090E90EB090EA0E92
:1063E000C090EB0ED090EC0EE090ED0EF090EE0E23
:1063F0000091EF0E1091F00E992493949092250B3A
:106400000F2EF3E48F2EF3E09F2EF02D60CF9EE051
:10641000A13FB90769F52091F10E3091F20E40913C
:10642000F30E5091F40E6091F50E7091F60E80917E
:10643000F70E9091F80EE9EFFEE0A090F90EB09003
:10644000FA0EC090FB0ED090FC0EE090FD0EF09086
:10645000FE0E0091FF0E1091000F992493949092DC
:10646000250B0F2EF1E58F2EF3E09F2EF02D2FCF71
:10647000FFE0A130BF0711F00C94B2262091010F6C
:106480003091020F4091030F5091040F6091050F5E
:106490007091060F8091070F9091080FE9E0FFE0DF
:1064A000A090090FB0900A0FC0900B0FD0900C0F66
:1064B000E0900D0FF0900E0F00910F0F1091100F44
:1064C000992493949092250B0F2EFCE58F2EF3E0E8
:1064D0009F2EF02DFCCEAF5CBE4011F00C94B22686
:1064E0000091CF0E1091D00EF1109092CF0E91111D
:1064F0008093D00E81E08093250B8091D00E282FC1
:10650000082E000C330B3F938F938091CF0E282FD2
:10651000082E000C330B3F938F93812F012E000C1C
:10652000990B9F931F93802F002E000C990B9F9324
:106530000F9381E893E09F938F931F9280E88F934E
:106540008EEB9BE09F938F930E941A52C455DF4FAE
:106550008881CC5AD0400E94A91C0FB6F894DEBFA7
:106560000FBECDBF81110C94B2260093CF0E1093B5
:10657000D00E59CA0F931F9306E010E023E13EE0CE
:106580000E9441261F910F9108950C94BA320C94E9
:10659000BA320C94BA320C94BA320C94BA320F93C9
:1065A0001F9306E010E025E03DE00E9441261F9188
:1065B0000F9108950F931F9306E010E027EF3BE043
:1065C0000E9441261F910F9108950F931F9308E099
:1065D00010E02FE83AE00E9441261F910F910895A4
:1065E000CF92DF92EF92FF920F931F93CF93DF939F
:1065F000CDB7DEB7C054D1090FB6F894DEBF0FBED9
:10660000CDBFE62E0E948B1C8C01FC018081811184
:1066100002C081E02FC0082E000C990B0E94D451BB
:10662000F82EF80101900020E9F73197E01BF10BFB
:10663000329780F51092260BF1E4FF1248C0F80162
:1066400001900020E9F73197E01BF10B329708F435
:1066500078C0F8018181282F082E000C330B2053BD
:1066600031092A30310508F06CC04E2D66E27BE01E
:106670000E94E532C05CDF4F0FB6F894DEBF0FBE5C
:10668000CDBFDF91CF911F910F91FF90EF90DF90E1
:10669000CF900895F80131969F012F5F3F4F808181
:1066A000803271F0A6E2BBE090E080E02191322FD1
:1066B0003F7D41F08F33910529F001962D93F6CF60
:1066C000F901EACF8A5D944FFC011082B5CFF9E45D
:1066D000FF121AC0F80101900020E9F73197E01B82
:1066E000F10B329770F1F8018181282F082E000CF0
:1066F000330B205331092A30310518F54E2D66E24F
:106700007BE00E94DA32B6CFF8E4FF121AC0F8013B
:1067100001900020E9F73197E01BF10B329788F0E8
:10672000F8018181282F082E000C330B20533109EA
:106730002A30310530F44E2D66E27BE00E94CF32E4
:1067400099CF04E111E184EA91E1F8012491F21674
:1067500069F1085F1F4F80179107B9F740E450E0D7
:10676000BE016F5F7F4F84EA91E10E942E18CE0137
:1067700001960E941A1B4DCFF80134962591349151
:10678000B6016F5F7F4F4E2DF901199573CF82309F
:10679000910549F4F8013496259134914E2D66E225
:1067A0007BE08F2DF1CF0397A9F3D8CF3196E491F9
:1067B0008E2F90E0F8013396E491009759F38130E1
:1067C000910529F7F801369685919491009709F47F
:1067D00020CFFC0119950E940E1B60E870E08EEB43
:1067E0009BE00E94A1198EEB9BE00E948B1C6C0128
:1067F000FC018081882309F40CCF282F082E000C7F
:10680000330BA901405351094A30510508F4B4CF64
:1068100001900020E9F73197EC19FD09329708F44F
:10682000F8CEC9010E94D4512F2DFF0C330B8217D3
:10683000930709F0EECEF6018181282F082E000C77
:10684000330B205331092A30310508F0E2CEF8012C
:10685000349625913491B6016E5F7F4F94CFBF92ED
:10686000CF92DF92EF92FF920F931F93CF93DF931C
:10687000CDB7DEB7C058D1090FB6F894DEBF0FBE52
:10688000CDBF8BE3B82E0E9402240E940E1B60E84D
:1068900070E08EEB9BE00E94A1198EEB9BE00E94C2
:1068A0008B1C8C01FC018081882379F36BE370E001
:1068B000C8010E94F051892B09F454C04FE750E001
:1068C000B801CE0101960E940B52C058DF4F1882CA
:1068D000C058D040CE0101967C01F7018081882309
:1068E00091F26BE370E0C7010E94F0516C010097D8
:1068F000D9F0FC0110828C01C7010E948B1CFC01A5
:106900002081211119C0CD2809F4BDCFF801B19221
:106910007F01808131968032D9F3882309F4B3CF87
:10692000E114F104D1F6AFCFF70101900020E9F7AF
:106930008F0101501109E0CF60E00E94F032811117
:10694000E2CFC058DF4F0FB6F894DEBF0FBECDBF09
:10695000DF91CF911F910F91FF90EF90DF90CF903B
:10696000BF90089561E0C8010E94F03281118BCF81
:10697000E8CF2F923F924F925F926F927F928F92C9
:106980009F92AF92BF92CF92DF92EF92FF920F93BE
:106990001F93CF93DF93CDB7DEB7C855D1090FB69C
:1069A000F894DEBF0FBECDBF83E9882E9DE0692E2F
:1069B000992493948091AF0E8111912C80E49CE0F6
:1069C0000E948E0C181619060CF093C080E49CE00F
:1069D0000E946C0C8093040B833209F080C080E429
:1069E0009CE00E948E0C892B29F080E49CE00E94A0
:1069F0006C0CF5CF82EA93E00E94FA1A40916E0D7A
:106A00004E7F60E08DED9CE00E94120F4091010EE0
:106A10004E7F60E080E79DE00E94120F88EC93E0DB
:106A20000E94FA1A8DED9CE00E94E71480E79DE039
:106A30000E94E7146AE070E080E090E00E94A40BFE
:106A400080E49CE00E948E0C892B29F080E49CE07D
:106A50000E946C0CF5CF0E948C190E942F340E946A
:106A6000631C80E49CE00E948E0C892B29F080E45A
:106A70009CE00E946C0CF5CF0E94631C0E941319CD
:106A80008823F9F081E08093920B80930002C85A2A
:106A9000DF4F0FB6F894DEBF0FBECDBFDF91CF91B1
:106AA0001F910F91FF90EF90DF90CF90BF90AF902C
:106AB0009F908F907F906F905F904F903F902F901E
:106AC000089589EF93E00E94FA1A8DED9CE00E94F0
:106AD0004C0F80E79DE00E944C0F1092250B809197
:106AE000AF0E882331F09091040B891302C09924D2
:106AF000939480910002882391F11092CD0A109214
:106B0000CE0A1092CF0A1092D00A7091780B609141
:106B1000790B50917A0B40917B0B30917C0B20913B
:106B20007D0B90917E0B80917F0B7093C50A6093D3
:106B3000C60A5093C70A4093C80A3093C90A2093E3
:106B4000CA0A9093CB0A8093CC0A1092C40A10927E
:106B5000000264E670E080E090E00E94A40B0E94D6
:106B60007F0B0091CD0A1091CE0A2091CF0A30916F
:106B7000D00A6B017C01C01AD10AE20AF30A97011C
:106B800086010B3F11052105310508F451C06093C2
:106B9000CD0A7093CE0A8093CF0A9093D00AF894CE
:106BA0002090780B3090790B40907A0B50907B0BB3
:106BB00070907C0BB0917D0BA0917E0BF0917F0BC0
:106BC0007894A090C50AB090C60AC090C70AD09029
:106BD000C80AE090C90AF090CA0A0091CB0A109145
:106BE000CC0A9101A201672D7B2F8A2F9F2FE09164
:106BF000C40A0E94BF5109F492C0E11109C08091FA
:106C00000801886080930801DD24D394D092C40ADF
:106C10002092C50A3092C60A4092C70A5092C80A0A
:106C20007092C90AB093CA0AA093CB0AF093CC0A17
:106C30008091E20C0E94E00A8C018091750D0E9407
:106C4000E00A012B09F024C12091AE0E892B09F036
:106C5000BFC0809108018064809308018091080181
:106C60008061809308018091080180688093080109
:106C700080910801806280930801223009F073C07E
:106C80008DED9CE00E94FF11882351F08091080156
:106C90008F7B80930801809108018F7E809308018B
:106CA00080E79DE00E94FF11811187C08091240D33
:106CB000811105C08091B70D882309F479CE209108
:106CC000180D3091190D40911A0D50911B0D6091C6
:106CD0001C0D70911D0D80911E0D90911F0DA1E056
:106CE0000E94C85111F00CF029C12091AB0D3091D8
:106CF000AC0D4091AD0D5091AE0D6091AF0D709106
:106D0000B00D8091B10D9091B20D0E94C85111F05B
:106D10000CF014C11092240D1092B70D49CEEE2341
:106D200009F486CF80910801877F8093080186E16E
:106D300094E00E94FA1A8FE294E00E94FA1A1092EC
:106D4000C40A80E49CE00E948E0C892B39F46AE02E
:106D500070E080E090E00E94A40BF3CF80E49CE020
:106D60000E946C0C94CE5090820B7090830BA0907C
:106D7000840BB090850BC090860BD090870BE09071
:106D8000880BF090890B052D172D9501A601B701F1
:106D90008DED9CE00E94C3129501A601B70180E72A
:106DA0009DE00E94C312809108018F7B80930801AF
:106DB000809108018F7E80930801809108018F7770
:106DC00080930801809108018F7D809308016ECF28
:106DD000809108018064809308018091080180619E
:106DE00080930801223081F48DED9CE00E94FF1118
:106DF000882309F45BCF809108018F7B8093080181
:106E0000809108018F7EE1CF0091820B1091830B5E
:106E10002091840B3091850B4091860B5091870B0C
:106E20006091880B7091890B8DED9CE00E94C312DC
:106E3000809108018F7B80930801809108018F7EEB
:106E4000809308018091750D0E94E00A892B09F05A
:106E50002DCF8091080180688093080180910801FE
:106E60008062809308010091820B1091830B209126
:106E7000840B3091850B4091860B5091870B60916C
:106E8000880B7091890B80E79DE00E94C31295CF1B
:106E9000892B09F00BCF809108018068809308014D
:106EA000809108018062809308018091AE0E82304B
:106EB00009F4F6CE0091820B1091830B2091840B84
:106EC0003091850B4091860B5091870B6091880B18
:106ED0007091890B80E79DE00E94C31280910801A8
:106EE0008F7780930801809108018F7D809308013E
:106EF0008091E20C0E94E00A892B09F0D7CE8091A4
:106F0000080180648093080180910801806180936A
:106F100008010091820B1091830B2091840B30911A
:106F2000850B4091860B5091870B6091880B709177
:106F3000890B8DED9CE00E94C3125DCF8091AE0E57
:106F4000811129C0992009F49CC08091240D8823C7
:106F500021F08091B70D8111C4C18091240D882347
:106F600059F021E040916D0D65E27DE0CE01019682
:106F70000E9431161092240D8091B70D882359F08C
:106F800021E04091000E68EB7DE0CE0101960E9469
:106F900031161092B70D8091AE0E843009F071C099
:106FA000992009F46EC08091240D882399F12091D5
:106FB000180D3091190D40911A0D50911B0D6091D3
:106FC0001C0D70911D0D80911E0D90911F0DA2E062
:106FD0000E94C851F9F0F4F04CEE5AE065E27DE011
:106FE000CE018F5B9F4F0E94860D20E040916D0D7A
:106FF000BE016F5B7F4FCE0101960E943116109249
:10700000240D8CE0E5E2FDE0ACEEBAE001900D92DB
:107010008A95E1F78091B70D882399F12091AB0D06
:107020003091AC0D4091AD0D5091AE0D6091AF0D12
:107030007091B00D8091B10D9091B20DA2E00E94BF
:10704000C851F9F0F4F048EF5AE068EB7DE0CE016A
:107050008F5B9F4F0E94860D20E04091000EBE0185
:107060006F5B7F4FCE0101960E9431161092B70DD3
:107070008CE0E8EBFDE0A8EFBAE001900D928A9574
:10708000E1F78091AE0E813009F052C090E080E0CF
:10709000889EF001899EF00D1124DF01AC5DB24F96
:1070A0002C912223F1F02091EB0A223090F4629E81
:1070B000A00111244F52554FEB5DF24F3CE0DA0135
:1070C00001900D923A95E1F7FA0184872F5F2093A2
:1070D000EB0A889EF001899EF00D1124EC5DF24FC1
:1070E0001082019709F067C18091EB0A823001F5A7
:1070F0009920F1F0E091DD0AE11160C18091EA0A86
:10710000813009F066C161ED7AE00EED1AE021E010
:1071100040916D0DCE0101960E94311621E0409103
:10712000000EB801CE0101960E9431161092EB0AB2
:107130008091240D882309F43BCC8091B70D8823DE
:1071400009F436CC2091180D3091190D40911A0D8B
:1071500050911B0D60911C0D70911D0D80911E0DA5
:1071600090911F0DA2E00E94C85109F00CF420CCB0
:107170002091AB0D3091AC0D4091AD0D5091AE0D05
:107180006091AF0D7091B00D8091B10D9091B20DE5
:107190000E94C85109F00CF40BCC992009F408CCDA
:1071A0008091AE0E833009F427C1853009F000CC00
:1071B00021E040916D0D65E27DE0CE0101960E94D7
:1071C000311621E04091000E68EB7DE0CE01019682
:1071D0000E94311645E25DE068EB7DE0CE01835B05
:1071E0009F4F0E94860D6296AFAC62976396BFACCC
:1071F00063976496CFAC64976596DFAC65976696A7
:10720000EFAC66976796FFAC679768960FAD689787
:1072100069961FAD69972090B80D3090B90D4090D8
:10722000BA0D5090BB0D25962CAE3DAE4EAE5FAE66
:1072300025972696AFAE26972796BFAE2797289616
:10724000CFAE28972996DFAE29972A96EFAE2A97D8
:107250002B96FFAE2B972C960FAF2C972D961FAF2A
:107260002D9761968CAD9DADAEADBFAD6197B7FF6B
:1072700035C09501A601B701C801A0E00E94C85120
:1072800069F120E030E145EA54ED68EE70E080E01D
:1072900090E00E94B65126962FAF269727963FAFD3
:1072A000279728964FAF289729965FAF29972A9658
:1072B0006FAF2A972B967FAF2B972C968FAF2C977B
:1072C0002D969FAF2D97F1E02F1A310841085108F4
:1072D00025962CAE3DAE4EAE5FAE259721E043E441
:1072E00096C04091250D5091260D6091270D70910B
:1072F000280D8091B80D9091B90DA091BA0DB09163
:10730000BB0D481759076A077B074CF14817590707
:107310006A077B0709F04AC02091290D30912A0D98
:1073200040912B0D50912C0D60912D0D70912E0DD3
:10733000A090BC0DB090BD0DC090BE0DD090BF0D03
:10734000E090C00DF090C10D0091C20D1091C30DE1
:1073500080912F0D9091300D0E94BF5138F590E033
:1073600080E001E010E0889EB001899E700D11243C
:10737000FB01E359F24F6B5D724F21E04081CE017A
:1073800001960E943116809EB001819E700D1124DD
:10739000FB01E359F24F6B5D724F21E04081CE015A
:1073A00001960E9431161092240DF3CD81E090E0F9
:1073B00010E000E0D8CF81E090E06ACEE13049F4FF
:1073C0008091EA0A6EED7AE001ED1AE0882309F473
:1073D0009ECE8E9EF0011124E359F24F108121E0E0
:1073E000412F61ED7AE0CE0101960E94311621E035
:1073F000412F6EED7AE096CE45E25DE068EB7DE0F0
:10740000CE018F5B9F4F0E94860D20E040E0BE01C1
:107410006F5B7F4FCE0101960E9431167BCC1F928D
:107420000F920FB60F9211242F933F938F939F9338
:10743000AF93BF938091950B9091960BA091970B72
:10744000B091980B3091940B23E0230F2D3758F512
:107450000196A11DB11D2093940B8093950B9093E1
:10746000960BA093970BB093980B8091990B9091EA
:107470009A0BA0919B0BB0919C0B0196A11DB11D85
:107480008093990B90939A0BA0939B0BB0939C0BBA
:10749000BF91AF919F918F913F912F910F900FBE10
:1074A0000F901F90189526E8230F0296A11DB11D7D
:1074B000D2CF1F920F920FB60F9211240BB60F92DC
:1074C0002F933F934F935F936F937F938F939F93EC
:1074D000AF93BF93EF93FF9380E49CE00E94A40CD2
:1074E000FF91EF91BF91AF919F918F917F916F919C
:1074F0005F914F913F912F910F900BBE0F900FBE58
:107500000F901F9018951F920F920FB60F92112493
:107510000BB60F922F938F939F93EF93FF93E0916E
:10752000500CF091510C8081E091560CF091570C69
:1075300082FD1DC090818091590C8F5F8F732091C7
:107540005A0C821741F0E091590CF0E0E05CF34FE7
:10755000958F8093590CFF91EF919F918F912F916F
:107560000F900BBE0F900FBE0F901F90189580814B
:10757000F2CF1F920F920FB60F9211240BB60F92FB
:107580002F933F934F935F936F937F938F939F932B
:10759000AF93BF93CF93EF93FF9390910601C09168
:1075A000C30A8091C20A3091C10A292F2095232352
:1075B0008923822B20916D00C927C223C823909371
:1075C000C30ACC23C1F1C0FF05C0E091B10AF0911C
:1075D000B20A1995C1FF05C0E091B30AF091B40A4F
:1075E0001995C2FF05C0E091B50AF091B60A199548
:1075F000C3FF05C0E091B70AF091B80A1995C4FF1E
:1076000005C0E091B90AF091BA0A1995C5FF05C005
:10761000E091BB0AF091BC0A1995C6FF05C0E09144
:10762000BD0AF091BE0A1995C7FF05C0E091BF0AD7
:10763000F091C00A1995FF91EF91CF91BF91AF9151
:107640009F918F917F916F915F914F913F912F917A
:107650000F900BBE0F900FBE0F901F9018951F92AA
:107660000F920FB60F9211240BB60F922F933F93E8
:107670004F935F936F937F938F939F93AF93BF933A
:10768000CF93EF93FF9390910301C091B00A809143
:10769000AF0A3091AE0A292F209523238923822B0C
:1076A0002091AD0AC927C223C8239093B00ACC23E6
:1076B00089F1C0FF05C0E0919F0AF091A00A1995D9
:1076C000C1FF05C0E091A10AF091A20A1995C2FF7D
:1076D00005C0E091A30AF091A40A1995C3FF05C063
:1076E000E091A50AF091A60A1995C4FF05C0E091A2
:1076F000A70AF091A80A1995C5FF05C0E091A90A4B
:10770000F091AA0A1995C6FF05C0E091AB0AF09165
:10771000AC0A1995FF91EF91CF91BF91AF919F91D5
:107720008F917F916F915F914F913F912F910F902A
:107730000BBE0F900FBE0F901F9018951F920F92C7
:107740000FB60F9211240BB60F922F933F934F93C6
:107750005F936F937F938F939F93AF93BF93CF93D9
:10776000EF93FF9393B1C0919E0A80919D0A30914F
:107770009C0A292F209523238923822B20916B009B
:10778000C927C223C82390939E0ACC23C1F1C0FF0E
:1077900005C0E0918C0AF0918D0A1995C1FF05C0D2
:1077A000E0918E0AF0918F0A1995C2FF05C0E09111
:1077B000900AF091910A1995C3FF05C0E091920AD1
:1077C000F091930A1995C4FF05C0E091940AF091D5
:1077D000950A1995C5FF05C0E091960AF091970AA0
:1077E0001995C6FF05C0E091980AF091990A19957C
:1077F000C7FF05C0E0919A0AF0919B0A1995FF9185
:10780000EF91CF91BF91AF919F918F917F916F91A8
:107810005F914F913F912F910F900BBE0F900FBE34
:107820000F901F9018951F920F920FB60F92112470
:107830000BB60F922F933F934F935F936F937F936A
:107840008F939F93AF93BF93EF93FF93E0918A0A37
:10785000F0918B0A1995FF91EF91BF91AF919F9194
:107860008F917F916F915F914F913F912F910F90E9
:107870000BBE0F900FBE0F901F9018951F920F9286
:107880000FB60F9211240BB60F922F933F934F9385
:107890005F936F937F938F939F93AF93BF93EF9378
:1078A000FF93E091880AF091890A1995FF91EF9171
:1078B000BF91AF919F918F917F916F915F914F9108
:1078C0003F912F910F900BBE0F900FBE0F901F9006
:1078D00018951F920F920FB60F9211240BB60F92AC
:1078E0002F933F934F935F936F937F938F939F93C8
:1078F000AF93BF93EF93FF93E091860AF091870ACD
:107900001995FF91EF91BF91AF919F918F917F91C9
:107910006F915F914F913F912F910F900BBE0F9000
:107920000FBE0F901F9018951F920F920FB60F92D7
:1079300011240BB60F922F933F934F935F936F9346
:107940007F938F939F93AF93BF93EF93FF93E091B8
:10795000840AF091850A1995FF91EF91BF91AF913B
:107960009F918F917F916F915F914F913F912F9157
:107970000F900BBE0F900FBE0F901F9018951F9287
:107980000F920FB60F9211240BB60F922F933F93C5
:107990004F935F936F937F938F939F93AF93BF9317
:1079A000EF93FF93E091820AF091830A1995FF917A
:1079B000EF91BF91AF919F918F917F916F915F9167
:1079C0004F913F912F910F900BBE0F900FBE0F90D4
:1079D0001F9018951F920F920FB60F9211240BB69D
:1079E0000F922F933F934F935F936F937F938F9358
:1079F0009F93AF93BF93EF93FF93E091800AF09131
:107A0000810A1995FF91EF91BF91AF919F918F914D
:107A10007F916F915F914F913F912F910F900BBE8E
:107A20000F900FBE0F901F9018951F920F920FB6D8
:107A30000F9211240BB60F922F933F934F935F93A6
:107A40006F937F938F939F93AF93BF93EF93FF9326
:107A5000E0917E0AF0917F0A1995FF91EF91BF9115
:107A6000AF919F918F917F916F915F914F913F91D6
:107A70002F910F900BBE0F900FBE0F901F90189577
:107A80001F920F920FB60F9211240BB60F922F93E5
:107A90003F934F935F936F937F938F939F93AF9396
:107AA000BF93EF93FF93E0917C0AF0917D0A1995C3
:107AB000FF91EF91BF91AF919F918F917F916F91C6
:107AC0005F914F913F912F910F900BBE0F900FBE82
:107AD0000F901F901895CF92DF92EF92FF920F9325
:107AE0001F93CF93DF93E0E4FCE01382128288EED1
:107AF00093E0A0E0B0E084839583A683B78382E31C
:107B000092E09183808385EC90E09587848784EC74
:107B100090E09787868780EC90E0918B808B81EC5A
:107B200090E0938B828B82EC90E0958B848B86EC3B
:107B300090E0978B868B118E128E138E148E8CE0B4
:107B400080938A0E8093030ECDEDDCE084E090E01C
:107B50009983888380E38A8382E090E09C838B838F
:107B60008AE090E09E838D8386E090E098878F8303
:107B700084E490E09A87898761E084E00E94370B73
:107B800060E08D810E94370B61E08F810E94370B8E
:107B900060E08B810E94370B61E089850E94370B82
:107BA00085E090E09093710D8093700D81E3809358
:107BB000720D03E71DE083E090E0F801918380837C
:107BC00085E7C82E8DE0D82E8BE090E0F6019183FA
:107BD000808397E7E92E9DE0F92E87E090E0F7019A
:107BE00091838083C9E7DDE085E490E09983888311
:107BF00061E085E00E94370B60E0F60180810E9421
:107C0000370B61E0F70180810E94370B60E0F801DB
:107C100080810E94370B61E08881DF91CF911F91B5
:107C20000F91FF90EF90DF90CF900C94370BCF9394
:107C3000DF93CDB7DEB7CC51D1400FB6F894DEBF9D
:107C40000FBECDBF789484B5826084BD84B5816059
:107C500084BD85B5826085BD85B5816085BD809117
:107C60006E00816080936E0010928100809181008F
:107C70008260809381008091810081608093810087
:107C8000809180008160809380008091B100846049
:107C90008093B1008091B00081608093B0008091AA
:107CA0009100826080939100809191008160809327
:107CB0009100809190008160809390008091A1005C
:107CC00082608093A1008091A10081608093A100D7
:107CD0008091A00081608093A0008091210182604A
:107CE0008093210180912101816080932101809105
:107CF000200181608093200180917A0084608093CC
:107D00007A0080917A00826080937A0080917A0074
:107D1000816080937A0080917A00806880937A00F5
:107D20001092C1001E0128E8220E311CC1010196EB
:107D3000C55EDE4F99838883CB51D14060E082E1FC
:107D40000E94370B61E08CE00E94370B61E08DE010
:107D50000E94370B61E082E40E94370B61E083E40C
:107D60000E94370B61E081E40E94370B809108018B
:107D700080648093080180910801806180930801EC
:107D800080910801806880930801809108018062D9
:107D900080930801BE01615F7E4F80EF9FE00E94EB
:107DA000651DB10184EF9FE00E94651DC15FDE4F3C
:107DB00088819981AA81BB81CF50D1408F3FEFEF5D
:107DC0009E07AE07BE0709F094C0F1018081918142
:107DD000A281B3818F3F9F4FAF4FBF4F09F097C034
:107DE00087E694E00E94FA1A86E30E94680BBC01C1
:107DF000990F880B990B611571058105910511F09B
:107E00000E9475490E9426492FEF3FEF40E050E065
:107E10000E94364FC15FDE4F688379838A839B83DC
:107E2000CF50D14089E30E94680BBC01990F880BA9
:107E3000990B611571058105910511F00E94754935
:107E40000E9426492FEF3FEF40E050E00E94364F5E
:107E5000D1016D937D938D939C931397BE01615FC8
:107E60007E4F80EF9FE00E94CB1DB10184EF9FE029
:107E70000E94CB1DF10183818F9382818F93818139
:107E80008F9380818F93CE5EDE4F8881C251D14027
:107E90008F93CF5EDE4F8881C151D1408F93C05FF9
:107EA000DE4F8881C051D1408F93C15FDE4F888102
:107EB000CF50D1408F932CE834E03F932F9386E648
:107EC0009BE09F938F930E94575289E795E00E9411
:107ED0000C1B86E69BE00E94FA1A6CE47DE180E0D0
:107EE00090E00E94A40B0FB6F894DEBF0FBECDBF8A
:107EF0000EC0892B8A2B8B2B51F4F101808191814B
:107F0000A281B381892B8A2B8B2B09F469CFD101F4
:107F100013968C9113978F9312968C9112978F933F
:107F200011968C9111978F938C918F93CE5EDE4F2B
:107F30008881C251D1408F93CF5EDE4F8881C1517D
:107F4000D1408F93C05FDE4F8881C051D1408F9365
:107F5000C15FDE4F8881CF50D1408F93ECE8F4E0D1
:107F6000FF93EF9386E69BE09F938F930E94575277
:107F700090E080E00E94204F0FB6F894DEBF0FBE65
:107F8000CDBF8C3009F4EEC10E94380D60E072EC78
:107F900081E090E00E940B0A6CED75E080E090E0DB
:107FA0000E94A40B80E49CE00E94180D87E994E0F5
:107FB0000E94FA1A8CE0D1018C9341E150E06DE10E
:107FC00072E0C55EDE4F88819981CB51D1400E941D
:107FD0000B5284E4F101828B41E150E066E67BE0E4
:107FE000C10143960E940B52D10194961C92949722
:107FF00095961C92959780E896968C93969786E92D
:1080000097968C93979788E998968C9398979996DA
:108010001C9299979A961C929A979B961C929B9762
:108020009C961C929C979D961C929D979E961C9246
:108030009E9781EE9F968C939F9785EFD0968C9319
:10804000D09785E0D1968C93D197D2961C92D297F7
:10805000D3961C92D397D4961C92D497D5961C9203
:10806000D59784E190E0D7969C938E93D69785E040
:1080700090E0D9969C938E93D897DB961C921E9293
:10808000DA978BE090E0DD969C938E93DC9780E509
:10809000DE968C9380E092ECA1E0B0E0F101FF96D7
:1080A00080839183A283B38381E4C353DF4F8883AA
:1080B000CD5CD04082E4C253DF4F8883CE5CD04099
:1080C000C153DF4F1882CF5CD040C053DF4F1882BE
:1080D000C05DD040CF52DF4F1882C15DD040CE523C
:1080E000DF4F1882C25DD040CD52DF4F1882C35D92
:1080F000D040CC52DF4F1882C45DD040CB52DF4F0E
:108100001882C55DD040CA52DF4F1882C65DD0408C
:10811000C952DF4F1882C75DD040C852DF4F188266
:10812000C85DD040C752DF4F1882C95DD040C652EB
:10813000DF4F1882CA5DD040C552DF4F1882CB5D39
:10814000D040C452DF4F1882CC5DD040C352DF4FC5
:108150001882CD5DD040C252DF4F1882CE5DD04034
:1081600082E5C553DF4F8883CB5CD040C453DF4FDB
:108170008883CC5CD04094ECC152DF4F9883CF5DB4
:10818000D04089E0C052DF4F8883C05ED040CF51DD
:10819000DF4F1882C15ED040CE51DF4F1882C25EE1
:1081A000D040CD51DF4F1882C35ED040CC51DF4F5D
:1081B0001882C45ED040CB51DF4F1882C55ED040DC
:1081C000CA51DF4F1882C65ED040C951DF4F988335
:1081D000C75ED040C851DF4F8883C85ED040C751CA
:1081E000DF4F1882C95ED040C651DF4F1882CA5E89
:1081F000D040C551DF4F1882CB5ED040C451DF4F15
:108200001882CC5ED040C351DF4F1882CD5ED04083
:10821000C251DF4F1882CE5ED040C151DF4F18826D
:10822000CF5ED040C051DF4F1882C05FD040CF50EA
:10823000DF4F1882C15FD040CE50DF4F1882C25F3F
:10824000D040CD50DF4F1882C35FD040CC50DF4FBD
:108250001882C45FD040CB50DF4F1882C55FD0403A
:10826000CA50DF4F1882C65FD040C950DF4F188216
:10827000C75FD040C850DF4F1882C85FD040C7509A
:10828000DF4F1882C95FD040C650DF4F1882CA5FE7
:10829000D040C550DF4F1882CB5FD040C450DF4F75
:1082A0001882CC5FD040C350DF4F1882CD5FD040E2
:1082B000C250DF4F1882CE5FD040C150DF4F1882CE
:1082C000CF5FD040C050DF4F1882C050D140CF5F49
:1082D000DE4F1882C150D140CE5FDE4F1882C250AF
:1082E000D140CD5FDE4F1882C350D140CC5FDE4F0E
:1082F0001882C450D140CB5FDE4F1882C550D140A8
:10830000CA5FDE4F1882C650D140C95FDE4F188267
:10831000C750D140C85FDE4F1882C850D140C75FF8
:10832000DE4F1882C950D140C65FDE4F1882CA5056
:10833000D140C55FDE4F1882CB50D140C45FDE4FC5
:108340001882CC50D140C35FDE4F1882CD50D1404F
:10835000C25FDE4F1882CE50D140B10190E080E084
:108360000E94261EEAE88E2EEEE09E2E10E000E02F
:10837000C8010E94204FF40181934F010F5F1F4FEE
:1083800007381105A9F70E94380D6091C90E709148
:10839000CA0E8091CB0E9091CC0E0E940B0A6CED10
:1083A00075E080E090E00E94A40B80E49CE00E94D5
:1083B000180D9FB7F8948091770B882319F081509E
:1083C0008093770B8091770B811105C08CB58F7BE3
:1083D0008CBD10923F0C9FBF1FB7F8948091770B14
:1083E000811127C0E7E3F2E18491EDE7F2E1949196
:1083F000E82FF0E0EE0FFF1FEC54FE4EA591B49174
:10840000EC91E92321F461E085E30E94090B61E02E
:1084100085E30E94370B8CB580618CBD8CB5806480
:108420008CBD61E084E30E94370B61E083E30E942E
:10843000370B8091770B8F5F8093770B1FBF83E49F
:1084400092E00E94FA1A8CEB94E00E94FA1A8DEDE9
:1084500094E00E94FA1A83E492E00E94FA1A8DE0F6
:1084600095E00E94FA1A83E295E00E94FA1A87E8E2
:10847000EAE8FEE0DE01119601900D928A95E1F79F
:108480006AE375E0C1010E9404526DE172E0C1012E
:108490000E94E55169E572E0C1010E94E55167E182
:1084A00072E0C1010E94E55165E876E0C1010E94D9
:1084B000E551C1010E941A1B90E080E00E94204F0C
:1084C0009B89292F092E000C330B3F939F931F92FA
:1084D0008F938DE495E09F938F933F922F920E940C
:1084E0005752C1010E941A1B63E775E0C1010E9447
:1084F0000452BE016C5E7F4FC1010E94E551C10173
:108500000E941A1B69E875E0C1010E9404520FB66F
:10851000F894DEBF0FBECDBFEDA1E830A0F4F0E0CF
:108520008827EA56FD4B8F4F0C94FA4F9E4219450F
:108530001C4522451F45254528452B4564EB75E024
:10854000C1010E94E551C1010E941A1B69EF75E04B
:10855000C1010E940452EBADFCADD1010D90002091
:10856000E9F71E161F060CF479C2CD01FF93EF93B5
:108570002AE036E03F932F9301979F938F930E94B9
:1085800057520F900F900F900F900F900F90C101C6
:108590000E941A1B8EAD8F938DAD8F938CE496E065
:1085A0009F938F933F922F920E945752C1010E9436
:1085B0001A1B26968FAD2697282F082E000C330BFA
:1085C0003F938F9325968FAD2597282F082E000C6B
:1085D000330B3F938F9386E696E09F938F933F9262
:1085E0002F920E945752C1010E941A1B8FAD282F53
:1085F000082E000C330B3F938F9387E896E09F93F0
:108600008F933F922F920E945752C1010E941A1BD2
:1086100024968FAD24978F9323968FAD23978F93B6
:1086200022968FAD22978F9321968FAD21978F93AE
:1086300084E996E09F938F933F922F920E94575226
:10864000C1010E941A1B28968FAD2897282F082E4B
:10865000000C330B3F938F9327968FAD2797282FCE
:10866000082E000C330B3F938F938AEA96E09F937A
:108670008F933F922F920E9457520FB6F894DEBF0D
:108680000FBECDBFC1010E941A1B8EA1882309F421
:108690001EC2282F082E000C330B3F938F938FEBB5
:1086A00096E09F938F933F922F920E9457520F9084
:1086B0000F900F900F900F900F90C1010E941A1B06
:1086C0009FA1CD5EDE4F9883C351D140A8A5CB5E5C
:1086D000DE4FA883C551D14049A45AA46BA47CA401
:1086E0008DA49EA440E4A42E52E4B52E6FE0C62EC5
:1086F000D12CE12CF12C00E010E0292F3A2FA2011F
:10870000B301C4010E9494505F934F933F932F9302
:10871000CD5EDE4F2881C351D140CB5EDE4F388124
:10872000C551D140A201B301C4010E9496505F938C
:108730004F933F932F9387EE96E09F938F933F92B3
:108740002F920E945752C1010E941A1BBFA5CD5EF5
:10875000DE4FB883C351D140E8A9CB5EDE4FE8833A
:10876000C551D14049A85AA86BA87CA88DA89EA83D
:108770002B2F3E2FA201B301C4010E9494505F939E
:108780004F933F932F93CD5EDE4F2881C351D1404D
:10879000CB5EDE4F3881C551D140A201B301C40187
:1087A0000E9496505F934F933F932F9382E097E000
:1087B0009F938F933F922F920E945752C1010E9424
:1087C0001A1B88AD8F938FA98F938EE197E09F93AB
:1087D0008F933F922F920E945752C1010E941A1B01
:1087E00064968FAD64978F9363968FAD63978F93E5
:1087F00062968FAD62978F9361968FAD61978F93DD
:108800002C968FAD2C978F932B968FAD2B978F93A4
:108810002A968FAD2A978F9329968FAD29978F939C
:108820008EE297E09F938F933F922F920E94575230
:108830000FB6F894DEBF0FBECDBFC1010E941A1B58
:108840008AAD8F9389AD8F938EE497E09F938F933A
:108850003F922F920E945752C1010E941A1BA49668
:108860008FADA4978F93A3968FADA3978F93A29666
:108870008FADA2978F93A1968FADA1978F936C9692
:108880008FAD6C978F936B968FAD6B978F936A9626
:108890008FAD6A978F9369968FAD69978F938EE5A9
:1088A00097E09F938F933F922F920E945752C1015E
:1088B0000E941A1BE4968FADE4978F93E3968FADD9
:1088C000E3978F93E2968FADE2978F93E1968FAD0A
:1088D000E1978F93AC968FADAC978F93AB968FAD9E
:1088E000AB978F93AA968FADAA978F93A9968FADCA
:1088F000A9978F9382E897E09F938F933F922F924F
:108900000E945752C1010E941A1BCD57DF4F888128
:10891000C358D0408F93CE57DF4F8881C258D04084
:108920008F93CF57DF4F8881C158D0408F93C05865
:10893000DF4F8881C058D0408F93EC968FADEC9775
:108940008F93EB968FADEB978F93EA968FADEA9767
:108950008F93E9968FADE9978F9384EA97E09F9381
:108960008F933F922F920E9457520FB6F894DEBF1A
:108970000FBECDBFC1010E941A1B8DE095E00E9481
:10898000FA1A83E492E00E94FA1A8091920B811104
:10899000A6C281EC97E00E94FA1A83E492E00E945A
:1089A0000C1B07E010E06AEF70E080E090E00E94AE
:1089B000A40B8EE20E94130D80E49CE00E948E0CBA
:1089C000892B09F08AC06AEF70E080E090E00E9495
:1089D000A40B8EE20E94130D80E49CE00E948E0C9A
:1089E000892B09F07AC06AEF70E080E090E00E9485
:1089F000A40B8EE20E94130D80E49CE00E948E0C7A
:108A0000892B09F06AC06AEF70E080E090E00E9474
:108A1000A40B8EE20E94130D80E49CE00E948E0C59
:108A2000892B09F05AC00150110909F0BCCF10E0A0
:108A300055C06CE975E084CD6DEA75E081CD6EEBD3
:108A400075E07ECD65EC75E07BCD68ED75E078CDA9
:108A500067EE75E075CD6DEE75E072CD8D0101505C
:108A60001109EA30F10534F521E030E080E090E0D2
:108A7000912C812CAAE0B0E0AC010E94554F9B01E3
:108A8000BFEF8B1A9B0AE815F905A1F79F938F9307
:108A90003F936F93FF93EF9387E196E09F938F93BC
:108AA0001F930F930E9457520FB6F894DEBF0FBE6C
:108AB000CDBF6DCDFF93EF93FF93EF9381E396E0EE
:108AC0009F938F931F930F930E945752EDCF62EDA8
:108AD00076E0C1010E940452F0CD11E080E492E002
:108AE0000E94ED1A80E49CE00E948E0C892B29F0F4
:108AF00080E49CE00E946C0CF5CF112331F00E94C1
:108B00008C190E942F340E94631CA090B00EB0906C
:108B1000B10EC090B20ED090B30EE090B40EF090B3
:108B2000B50E0091B60E1091B70E20E030E145EA87
:108B300054ED68EE70E080E090E00E949650209343
:108B40008A0B30938B0B40938C0B50938D0B60935F
:108B50008E0B70938F0B8093900B9093910B809161
:108B6000B80E8093820B8091B90E8093830B809115
:108B7000BA0E8093840B8091BB0E8093850B8091FD
:108B8000BC0E8093860B8091BD0E8093870B8091E5
:108B9000BE0E8093880B8091BF0E8093890BA091AD
:108BA000C00EB091C10ECB5EDE4FB983A883C55114
:108BB000D140B093810BA093800B9DED492E9CE09A
:108BC000592EEFECFEE0C75EDE4FF983E883C95112
:108BD000D14021ED622E2EE0722E35E2832E3DE053
:108BE000932E25E63DE0CD5EDE4F39832883C351C9
:108BF000D140C95EDE4F19821882C751D140D201DF
:108C0000DB961C92F201FB9611821282138214826F
:108C100015821682178223E9C95EDE4FE881F98149
:108C2000C751D1402E9FD0012F9FB00D1124A352C8
:108C3000B34FFD013B961B961C9211821282138248
:108C40001482158216821782D2019B961C929B97E2
:108C50009C961C929C979D961C929D979E961C920A
:108C60009E979F961C929F97D0961C92D097D196D4
:108C70001C92D197D2961C92F4011082118212821A
:108C8000138214821582168217821086118612862C
:108C900013861486158616861786108A118A128AFC
:108CA000138A148A158A168A178A10AE11AE12AE6C
:108CB00013AE14AE15AE16AE17AEC75EDE4FE8812A
:108CC000F981C951D1408191C75EDE4FF983E883B4
:108CD000C951D140CD5EDE4FA881B981C351D14089
:108CE00018968C93F30120813181428153816481F4
:108CF000758186819781F8E06F0E711CD4015896BA
:108D00002C93589759963C9359975A964C935A9747
:108D10005B965C935B975C966C935C975D967C939B
:108D20005D975E968C935E975F969C93D3011896A1
:108D3000EC91D4019096EC93D3011996EC91D40167
:108D40009196EC93D3011A96EC91D4019296EC9300
:108D5000D3011B96EC91D4019396EC93D3011C960E
:108D6000EC91D4019496EC93D3011D96EC91D4012F
:108D70009596EC93D3011E96EC91D4019696EC93C4
:108D8000D3011F96EC91D4019796EC93D30158969A
:108D9000EC91D4019896EC93D3015996EC91D401BF
:108DA0009996EC93D3015A96EC91D4019A96EC9350
:108DB000D3015B96EC91D4019B96EC93D3015C9626
:108DC000EC91D4019C96EC93D3015D96EC91D40187
:108DD0009D96EC93D3015E96EC91D4019E96EC9314
:108DE000D3015F96EC91D4019F96EC939F97F3018A
:108DF000A0A4B1A4C2A4D3A4E4A4F5A406A517A575
:108E00000E94A151D0962C93D097D1963C93D197A4
:108E1000D2964C93D297D3965C93D397D4966C9377
:108E2000D497D5967C93D597D6968C93D697D7968C
:108E30009C93CD5EDE4FA881B981C351D1401D9274
:108E40001D921D921C921397FD01148215821682A9
:108E500017828091C60E9091C70E8D3091050CF04F
:108E60004AC097FD80E0809302028091C40E8093F7
:108E70000102F1E0F0939D0B60E0D2018C910E9421
:108E8000090B65E070E080E090E00E94A40B61E0D7
:108E9000F20180810E94090B65E070E080E090E0C3
:108EA0000E94A40BCB5EDE4F28813981C551D14091
:108EB00080E42A30310549F080EC2832310529F070
:108EC00080E82230310509F480E0CD5EDE4FA881D4
:108ED000B981C351D1401A968C9311E011C0109200
:108EE000920B13CE81E090E0C95EDE4F99838883B8
:108EF000C751D14084CE8CE0B6CF112339F010E0B9
:108F000082E10E94E00A892BC1F3E7CFCD5EDE4FFC
:108F1000E881F981C351D140428561E0C2010E94DC
:108F2000120F47E063E0C2010E94120F4091C20E8F
:108F300066E0C2010E94120F40E067E0C2010E9499
:108F4000120FD20112968C91803309F076C0809175
:108F5000CD0E863409F076C088E08368CD5EDE4FA2
:108F6000E881F981C351D1408187C2010E949F0FDE
:108F7000C2010E94E714F3E94F0E511C23E9820E4F
:108F8000911CCD5EDE4F88819981C351D1408D56B1
:108F90009F4FCD5EDE4F99838883C351D140C95E18
:108FA000DE4FA881B981C751D140119709F09ACFFE
:108FB0008091C80E803509F096C060ED77E080E0C2
:108FC00090E00E94A40B61E08EE30E94370B60E00A
:108FD0008EE30E94090B68EE73E080E090E00E944F
:108FE000A40B82E10E94E00A21E0892B09F420E031
:108FF00002E010E0822E912C8FE0682E712C82E12D
:109000000E94E00A88159905F9F4C3010197F1F768
:1090100003331105A0F70F5F1F4F0233110579F7D6
:1090200083E492E00E94FA1A83E492E00E94FA1A22
:1090300086EE97E00E94FA1AE2CF813319F480910C
:10904000CE0E87CF80E089CF61E08EE30E94090BCE
:109050008EE30E94E00A892BD9F31092780B1092CC
:10906000790B10927A0B10927B0B10927C0B109262
:109070007D0B10927E0B10927F0B42E066ED7BE041
:1090800082E10E94FC1943E06AEF7BE082E00E94EB
:10909000FC1943E065E17CE083E00E94FC1960E09C
:1090A0008EE30E94090B60E08EE30E94370B8091F3
:1090B000930B81114FC083E492E00E94FA1AE09171
:1090C000AE0EE83008F046C0F0E08827E559F74BCF
:1090D0008F4F0C94FA4F80488F489E48924895488D
:1090E00098489B48D44883E492E00E94FA1A83E4AB
:1090F00092E00E94FA1A80E198E00E94FA1AA8CF42
:109100008CE398E00E940C1B8091C60E9091C70ED4
:109110000E94EA1C87E598E00E94FA1A1BC088E6C4
:1091200098E0F0CF88E998E0EDCF8CEB98E0EACFBB
:1091300084ED98E0E7CF89E099E0EECF8EE399E007
:109140000E94FA1A88E699E00E94FA1A80E492E0F6
:109150000E94ED1A809108018F7B80930801809115
:1091600008018F7E80930801809108018F7780939A
:109170000801809108018F7D80930801809108018A
:10918000877F809308018091930B882381F0109250
:10919000930B81E0809300028CED99E00E94FA1A13
:1091A0000E94550D0C949E3E8FEB99E0B5CF0E9426
:1091B000B934F6CF8F929F92AF92BF92CF92DF9247
:1091C000EF92FF92CF93DF93EC01688179818A81DE
:1091D0009B81611571058105910521F464E279EDAA
:1091E0008BE597E02DE133EF41E050E00E94364FF0
:1091F00049015A019B01AC01A7EAB1E40E94554F15
:109200006B017C01ACEEB4EFA50194010E94634FA9
:10921000C60ED71EE81EF91EF7FE06C081E0C81A6A
:10922000D108E10880E8F80AC882D982EA82FB8284
:10923000C701B6019F77DF91CF91FF90EF90DF904C
:10924000CF90BF90AF909F908F9008958F929F92F4
:10925000AF92BF92CF92DF92EF92FF9260910302A2
:1092600070910402809105029091060261157105CA
:109270008105910521F464E279ED8BE597E02DE11C
:1092800033EF41E050E00E94364F49015A019B0103
:10929000AC01A7EAB1E40E94554F6B017C01ACEE32
:1092A000B4EFA50194010E94634FC60ED71EE81EBD
:1092B000F91EF7FE06C081E0C81AD108E10880E86F
:1092C000F80AC0920302D0920402E0920502F092E2
:1092D0000602C701B6019F77FF90EF90DF90CF9015
:1092E000BF90AF909F908F9008956093030270930A
:1092F0000402809305029093060208958F929F9234
:10930000AF92BF92CF92DF92EF92FF920F931F9393
:10931000CF93DF935C017B016115710519F0DB01CF
:109320008D939C9385010F5F1F4FF501D0818D2F89
:1093300090E00E94DC4A6C01892BB9F5DD32B9F569
:109340000F5F1F4FD5011196DC91C1E05801F1E08C
:10935000AF1AB10843E050E068EE71E0C5010E9429
:10936000F74A892B69F5680182E0C80ED11C45E0F7
:1093700050E063EE71E0C6010E94F74A892B21F4A8
:10938000680197E0C90ED11CE114F10419F0D7016E
:10939000CD92DC9260E070E080E89FEFC111FFC0E9
:1093A00060E070E080E89FE7FAC05801BBCFDB3295
:1093B00029F485010E5F1F4FF501D181C0E0C6CFB2
:1093C00043E050E060EE71E0C5010E94F74A892B4E
:1093D000E9F0F80110E000E020E030E0A9015F01D1
:1093E000B0ED8B2E8D0E89E08815C8F19C2E689407
:1093F00091F88C2F8870C2FF16C0811102C00F5FD8
:109400001F4F3196D501DC91C92DE9CFE114F1044C
:1094100029F00E5F1F4FF7011183008360E070E0B9
:1094200080EC9FE7BCC0882311F001501109A5E032
:10943000B0E00E94554F9B01AC01220F331F441F27
:10944000551F280D311D411D511D283999E9390736
:10945000490799E15907A8F2C6609C2ED2CFAEEF1A
:109460008A1206C0C3FD3CC09C2E689493F8C9CFF5
:10947000DF7DD534A9F580818D3239F4C061DF01FB
:109480001296818162E070E006C0DF018B32C1F389
:10949000119661E070E080535D01A61AB70A8A3028
:1094A000F8F4E0E8CE16ECE0DE065CF4B601660FF8
:1094B000771F660F771FC60ED71ECC0CDD1CC80E9B
:1094C000D11C5D01FFEFAF1ABF0A8C9180538A3027
:1094D000A8F1C4FF03C0D194C194D1080C0D1D1D87
:1094E000C1FF09C0E114F10431F081E0A81AB1080C
:1094F000D701AD92BC92CA01B9010E94584BC3700A
:10950000C33009F490584B015C0120E030E0A90120
:109510000E94534B882309F440C0C7E1D2E017FFF3
:1095200005C0119501951109CFEFD1E06E01B8E1A9
:10953000CB1AD10880E2E82EF12C0FC0D501B1CFB3
:10954000FE0125913591459154910E191F09C501D0
:10955000B4010E94B94B4B015C01D501C4010E1549
:109560001F0574F72497F594E794CC16DD06A9F748
:109570008A2F880F8B2F881F8F3F49F020E030E023
:10958000A901C501B4010E94534B811106C082E2BA
:1095900090E09093120F8093110FC501B401DF91F9
:1095A000CF911F910F91FF90EF90DF90CF90BF90E0
:1095B000AF909F908F90089591110C94284E803217
:1095C00019F089508550C8F70895FB01DC010D9012
:1095D0000020E9F7119705900D920020E1F708951A
:1095E000FB01DC0105900D920020E1F70895FB01DD
:1095F000DC014150504088F08D9181341CF08B3556
:109600000CF4805E659161341CF06B350CF4605E87
:10961000861B611171F3990B0895881BFCCFDC0147
:10962000FB014150504058F049F001900D9200204C
:10963000C1F7E61BF70B3197CF0108951C920190FB
:109640000020E9F7F6CF0F931F93CF93DF93CDB7A9
:10965000DEB72E970FB6F894DEBF0FBECDBF0E89D2
:109660001F898EE08C831A8309838FEF9FE79E8387
:109670008D83AE01465E5F4F688D798DCE01019678
:109680000E94264C2F813885020F131FF80110828B
:109690002E960FB6F894DEBF0FBECDBFDF91CF91EF
:1096A0001F910F9108950E94954B08F481E0089551
:1096B000E89409C097FB3EF490958095709561956C
:1096C0007F4F8F4F9F4F9923A9F0F92F96E9BB2722
:1096D0009395F695879577956795B795F111F8CF9E
:1096E000FAF4BB0F11F460FF1BC06F5F7F4F8F4F09
:1096F0009F4F16C0882311F096E911C0772321F0FF
:109700009EE8872F762F05C0662371F096E8862F96
:1097100070E060E02AF09A95660F771F881FDAF7ED
:10972000880F9695879597F90895990F0008550F1A
:10973000AA0BE0E8FEEF16161706E807F907C0F0D7
:1097400012161306E407F50798F0621B730B840BDF
:10975000950B39F40A2661F0232B242B252B21F4B9
:1097600008950A2609F4A140A6958FEF811D811D59
:1097700008950E94CC4B0C94E64E0E94D84E38F0CF
:109780000E94DF4E20F0952311F00C94CF4E0C94E4
:10979000D54E11240C941A4F0E94F74E70F3959FEA
:1097A000C1F3950F50E0551F629FF001729FBB27D8
:1097B000F00DB11D639FAA27F00DB11DAA1F649F74
:1097C0006627B00DA11D661F829F2227B00DA11D27
:1097D000621F739FB00DA11D621F839FA00D611DAD
:1097E000221F749F3327A00D611D231F849F600DCE
:1097F000211D822F762F6A2F11249F5750409AF0F7
:10980000F1F088234AF0EE0FFF1FBB1F661F771F82
:10981000881F91505040A9F79E3F510580F00C944D
:10982000CF4E0C941A4F5F3FE4F3983ED4F38695E5
:1098300077956795B795F795E7959F5FC1F7FE2BED
:10984000880F911D9695879597F908952F923F92CD
:109850004F925F926F927F928F929F92AF92BF9240
:10986000CF92DF92EF92FF920F931F93CF93DF93EC
:1098700000D000D000D01F921F92CDB7DEB77C0180
:109880003B018A01FC0117821682838181FFDDC1C1
:10989000CE0101965C01F7019381F30193FD85915F
:1098A00093FF81913F01882309F453C1853239F434
:1098B00093FD859193FF81913F01853229F4B70192
:1098C00090E00E94414EE7CF912C212C312CFFE1FA
:1098D000F31538F08B3211F190F4803209F18332B4
:1098E00029F137FC3CC020ED280F2A3050F536FE18
:1098F00020C08AE0989E200D1124922E06C08D3241
:1099000091F0803371F7689430F8F30193FD8591FD
:1099100093FF81913F018111DACF21C0689431F822
:10992000689432F8F2CF689433F8EFCF689434F843
:10993000ECCFEAE02E9E200D1124222E689435F8FB
:10994000E4CF8E3229F436FC04C1689436F8DDCFBA
:109950008C3619F4689437F8D8CF8836B1F2982F3E
:109960009F7D95549330E0F08336A1F18337C1F1A8
:10997000833509F063C02801F2E04F0E511CF80155
:10998000C080D180692D70E036FC02C06FEF7FEFA0
:10999000C6010E942B4E4C01689437F882010AC020
:1099A0000C5F1F4FFFE3F98388248394912C65019A
:1099B000E89437F833FE2DC0522C8114910471F5D0
:1099C000552009F468CFB70180E290E00E94414E33
:1099D0005A94F6CFF801808189830E5F1F4FE4CF40
:1099E0002801F2E04F0E511CF801C080D180692D92
:1099F00070E036FC02C06FEF7FEFC6010E94364E6A
:109A00004C018201D5CFB70180E290E00E94414E27
:109A10002A942814190409F0B0F7CECFF60137FCC8
:109A2000859137FE81916F01B70190E00E94414E10
:109A300051105A94F1E08F1A9108BFCF843619F073
:109A4000893609F077C0F80137FE6BC060817181FB
:109A5000828193810C5F1F4FF32DFF763F2E97FF7E
:109A600009C090958095709561957F4F8F4F9F4F5E
:109A7000689437F82AE030E0A5010E94714EC82EA4
:109A8000CA188C2C432C36FE0CC0E89440F8C9143C
:109A900040F434FE05C032FC03C0F32DFE7E4F2E91
:109AA000892C44FEAAC0FE01EC0DF11D808180339B
:109AB00009F09CC0242D297E422E842D8870582EBA
:109AC00043FCAAC040FEA4C09C2C821418F42C0CA9
:109AD000922C981844FEA6C0B70180E390E00E9443
:109AE000414E42FE09C088E790E041FE02C088E591
:109AF00090E0B7010E94414EC91408F49FC0CA9477
:109B0000D12C9FEFC91AD90ACA0CDB1CF60182912D
:109B10006F01B70190E00E94414EAC14BD04B1F753
:109B20004FCF60817181072E000C880B990B0E5F5F
:109B30001F4F92CFD32CE894D4F82AE030E0853739
:109B4000E1F1232D297FD22E8F36A9F1F0F488354B
:109B500051F1F701868197812B960FB6F894DEBFFD
:109B60000FBECDBFDF91CF911F910F91FF90EF906E
:109B7000DF90CF90BF90AF909F908F907F906F902D
:109B80005F904F903F902F900895803749F088372D
:109B900001F7D4FE02C06894D2F820E130E00DC095
:109BA0006894D4F8F6CF34FE03C0822F8660D82E96
:109BB00020E132E002C028E030E0F801D7FE0FC01B
:109BC00060817181828193810C5F1F4FA5010E948A
:109BD000714EC82ECA183D2CE89437F852CF6081D8
:109BE000718190E080E00E5F1F4FF0CF42FC02C019
:109BF000839463CF8394839460CF842D867809F413
:109C00005CCFF6CFB70180E290E00E94414E839492
:109C10008214C0F3512C5ECF522C5818821408F4D1
:109C200059CFF8CF842D867809F466CF8BE241FEB8
:109C300080E247FC8DE2B70190E05CCFB70180E3A2
:109C400090E00E94414E9A9457CF8FEF9FEF84CFC0
:109C5000992788270895FC010590615070400110F4
:109C6000D8F7809590958E0F9F1F0895FC01615045
:109C7000704001900110D8F7809590958E0F9F1F2E
:109C800008950F931F93CF93DF93182F092FEB01A4
:109C90008B8181FD09C01FEF0FEF812F902FDF9186
:109CA000CF911F910F91089582FF14C02E813F81A3
:109CB0008C819D81281739073CF4E881F981CF0117
:109CC00001969983888310838E819F8101969F835B
:109CD0008E83E3CFE885F985812F1995892BA1F330
:109CE000DACFFA01AA27283051F1203181F1E89426
:109CF0006F936E7F6E5F7F4F8F4F9F4FAF4FB1E07F
:109D00003ED0B4E03CD0670F781F891F9A1FA11D79
:109D1000680F791F8A1F911DA11D6A0F711D811D7A
:109D2000911DA11D20D009F468943F912AE0269F3F
:109D300011243019305D3193DEF6CF010895462F9E
:109D40004770405D4193B3E00FD0C9F7F6CF462F7F
:109D50004F70405D4A3318F0495D31FD40524193E8
:109D600002D0A9F7EACFB4E0A695979587957795A5
:109D70006795BA95C9F700976105710508959B012C
:109D8000AC010A2E06945795479537952795BA95B5
:109D9000C9F7620F731F841F951FA01D089597F9BF
:109DA0009F6780E870E060E008959FEF80EC089581
:109DB00000240A94161617061806090608950024AA
:109DC0000A9412161306140605060895092E039424
:109DD000000C11F4882352F0BB0F40F4BF2B11F498
:109DE00060FF04C06F5F7F4F8F4F9F4F089557FDF7
:109DF0009058440F551F59F05F3F71F04795880FF9
:109E000097FB991F61F09F3F79F08795089512168F
:109E100013061406551FF2CF4695F1DF08C016163B
:109E200017061806991FF1CF8695710561050894EC
:109E30000895E894BB2766277727CB0197F9089503
:109E4000F999FECF92BD81BDF89A992780B5089502
:109E5000262FF999FECF1FBA92BD81BD20BD0FB646
:109E6000F894FA9AF99A0FBE01960895052E97FB79
:109E70001EF400940E944D4F57FD07D00E94684F7A
:109E800007FC03D04EF40C944D4F509540953095FF
:109E900021953F4F4F4F5F4F089590958095709556
:109EA00061957F4F8F4F9F4F08950E948A4FA59FC6
:109EB000900DB49F900DA49F800D911D11240895C5
:109EC000B7FF0C94554F0E94554F821B930B08957A
:109ED000A1E21A2EAA1BBB1BFD010DC0AA1FBB1FAE
:109EE000EE1FFF1FA217B307E407F50720F0A21B20
:109EF000B30BE40BF50B661F771F881F991F1A948D
:109F000069F760957095809590959B01AC01BD01B6
:109F1000CF010895A29FB001B39FC001A39F700D10
:109F2000811D1124911DB29F700D811D1124911D61
:109F30000895BEE304D008F490E80895BFE3222713
:109F40003327A9010E94FF4E60F19F5748F1B917CE
:109F500040F1BFE3B91B9927B8503AF4660F771F59
:109F6000881F991FB395D2F316C0B8504AF0232F1B
:109F7000342F452F562F672F782F8827B850BAF7E0
:109F8000B85F49F0869577956795579547953795CA
:109F90002795BA95B9F716F40E94D54F889408957D
:109FA000889460E070E0CB0108959095809570955D
:109FB000609550954095309521953F4F4F4F5F4F9D
:109FC0006F4F7F4F8F4F9F4F08950E94954B08F41E
:109FD0008FEF0895DB018F939F930E94554FBF91A0
:109FE000AF91A29F800D911DA39F900DB29F900DE8
:109FF00011240895EE0FFF1F881F8BBF0790F69165
:10A00000E02D1994DF93CF931F930F939A9DF02D1A
:10A01000219FF00D8B9DF00D8A9DE02DF10D039F8A
:10A02000F00D029FE00DF11D4E9DE00DF11D5E9DB6
:10A03000F00D4F9DF00D7F936F93BF92AF925F93A2
:10A040004F93D5010E948A4F8B01AC01D7010E942A
:10A050008A4FEB01E80FF91FD6010E9451502F9152
:10A060003F91D6010E948A4FC60FD71FE81FF91FE4
:10A07000AF91BF910E9451502F913F910E948A4F02
:10A08000C60FD71FE81FF91FD6010E948A4FE60F9F
:10A09000F71F9801BE01CF010F911F91CF91DF9162
:10A0A00008950E948A4F460F571FC81FD91F08F4F2
:10A0B0003196089597FB57FF0C946A509F938F93A6
:10A0C0000E946A506E1B7F0BAF91BF918A0B9B0B56
:10A0D0000895E894DF93CF93FC01DB010E948A4F3F
:10A0E0007F936F93E9019A01AC01BF93AF933F93C4
:10A0F0002F93DF010E948A4F26F46C1B7D0B820B8D
:10A10000930B9E01EB01FC010E945150AF91BF9156
:10A110002F913F910E945150BE01CF01F9012F9123
:10A120003F91CF91DF910895689401C0E894F92F91
:10A13000F12B12F00C94C850A0E0B0E0E2EAF0E598
:10A140000C943A51092E059422F40E9424511123B3
:10A1500092F4F0E80F26FFEFE094F094009510954C
:10A16000B094C094D094A194BF0ACF0ADF0AEF0A3A
:10A17000FF0A0F0B1F0B0E94D35007FC0E942451B3
:10A18000CDB7DEB7ECE00C945651689401C0E8946A
:10A190008F929F92CF93DF930E94D350DF91CF9104
:10A1A0009F908F90089588249924F401E401B0E4ED
:10A1B0009F93AA279A158B049C04ED05FE05CF05F5
:10A1C000D007A10798F4AD2FDC2FCF2FFE2FE92D5C
:10A1D000982C892E982F872F762F652F542F432F59
:10A1E000322F2227B85031F7BF9127C01B2EBF91C5
:10A1F000BB27220F331F441F551F661F771F881F61
:10A20000991F881C991CEE1FFF1FCC1FDD1FAA1F62
:10A21000BB1F8A149B04EC05FD05CE05DF05A007D6
:10A22000B10748F08A189B08EC09FD09CE09DF093F
:10A23000A00BB10B21601A94E1F62EF49401AF014A
:10A24000BE01CD01000C08956095709580959095A4
:10A2500030954095509521953F4F4F4F5F4F6F4F31
:10A260007F4F8F4F9F4F08952F923F924F925F9253
:10A270006F927F928F929F92AF92BF92CF92DF9216
:10A28000EF92FF920F931F93CF93DF93CDB7DEB77B
:10A29000CA1BDB0B0FB6F894DEBF0FBECDBF1994FF
:10A2A0002A88398848885F846E847D848C849B8466
:10A2B000AA84B984C884DF80EE80FD800C811B8174
:10A2C000AA81B981CE0FD11D0FB6F894DEBF0FBEA3
:10A2D000CDBFED010895002E083090F0982F872F04
:10A2E000762F652F542F432F322F22270850F4CF7B
:10A2F000220F331F441F551F661F771F881F991F8A
:10A300000A95B2F7002D089597FD1094002E08309D
:10A3100098F00850232F342F452F562F672F782F72
:10A32000892F912DF4CF15949795879577956795FB
:10A3300057954795379527950A95AAF71124002D2B
:10A3400008952A0D3B1D4C1D5D1D6E1D7F1D801F38
:10A35000911F08950024A7FD00942A0F301D401D71
:10A36000501D601D701D801D901D08952A193B0908
:10A370004C095D096E097F09800B910B08952A1520
:10A380003B054C055D056E057F0580079107089527
:10A390000024A7FD00942A173005400550056005EC
:10A3A00070058005900508959111089581568A5190
:10A3B00008F4805285580895FB01DC0102C0019029
:10A3C0000D9241505040D8F70895FB01DC010D90EB
:10A3D0000020E9F7119701900D920020E1F7089510
:10A3E000FC018191861721F08823D9F799270895D8
:10A3F0003197CF010895FB01DC018D910190801907
:10A400000110D9F3990B0895FB01DC0101900D9225
:10A410000020E1F70895FB01DC014150504048F075
:10A4200001900D920020C9F701C01D92415050408B
:10A43000E0F708950F931F93CF93DF93CDB7DEB767
:10A440002E970FB6F894DEBF0FBECDBF0E891F89C1
:10A45000888D998D26E02C831A83098397FF02C08B
:10A4600080E090E801979E838D83AE01445E5F4F4C
:10A470006A8D7B8DCE0101960E94264C4D815E81B6
:10A4800057FD0AC02F813885421753070CF49A01F3
:10A49000020F131FF80110822E960FB6F894DEBF3C
:10A4A0000FBECDBFDF91CF911F910F9108950F93F4
:10A4B0001F93CF93DF93CDB7DEB72E970FB6F894E7
:10A4C000DEBF0FBECDBF0E891F8986E08C831A8345
:10A4D00009838FEF9FE79E838D83AE01465E5F4FBA
:10A4E000688D798DCE0101960E94264C2F8138858A
:10A4F000020F131FF80110822E960FB6F894DEBFDC
:10A500000FBECDBFDF91CF911F910F910895F894A9
:02A51000FFCF7B
:10A5120001020B0100000078026702560243023C6E
:10A52200022D0227021B0242455441000032303202
:10A5320035313030382E31000000000000000000BC
:10A542000000C60C300C5D0C180D8E0C6C0C800CCF
:10A552000D0A002320004669726D776172652076CC
:10A56200657273696F6E3A20002028002C20426FBA
:10A572006172642073657269616C3A2000594553B7
:10A58200003100256C642E2530366C64204D487AEB
:10A592002900256C642E2530366C64207573656342
:10A5A2002900256C642F256C6429002564257329F4
:10A5B200002564290025632F25632900256C752950
:10A5C200004F4B202D2D205772617020446967691E
:10A5D2007473202564202D3E202564004F4B202DCE
:10A5E2002D20446563696D616C20506C61636573F5
:10A5F200202564202D3E202564004F4B202D2D2048
:10A6020053796E63204D6F6465202563202D3E20B3
:10A612002563004F4B202D2D20506F6C6C2043681A
:10A62200617261637465722000202D3E20004F4BE1
:10A63200202D2D20436F61727365205469636B2056
:10A642002573202D3E2025730050726F7044656C77
:10A6520061790054696D652044696C6174696F6E3B
:10A6620000666978656454696D65320046554447F1
:10A672004530004F4B202D2D2053746172742045BC
:10A682006467652025632563202D3E2025632563AD
:10A69200004F4B202D2D204368616E6E656C204E5D
:10A6A200616D65732025632563202D3E202563257A
:10A6B2006300232053746F7070696E67206D65614B
:10A6C200737572656D656E747320666F7220636F49
:10A6D2006E6669672E2E2E002320466C757368699C
:10A6E2006E672070656E64696E67206D6561737553
:10A6F20072656D656E7473206265666F7265206344
:10A702006F6E6669672E2E2E002320526573746168
:10A712007274696E67206D6561737572656D656EC1
:10A7220074732E2E2E0023203130204D485A205291
:10A7320065666572656E6365206C6F7374210023B4
:10A7420020507265737320616E79206B6579207475
:10A752006F20726573746172742061667465722011
:10A762007265666572656E636520697320726573D2
:10A77200746F7265642E004E6F2073657269616C2E
:10A78200206E756D62657220666F756E642E2E2E58
:10A79200206D616B696E67206F6E65002530346CC9
:10A7A200582530346C58004E6F20636F6E666967AF
:10A7B20020666F756E642E202057726974696E6709
:10A7C2002064656661756C742E2E2E002320544120
:10A7D200505220544943432054696D657374616D2E
:10A7E20070696E6720436F756E7465720023204333
:10A7F2006F7079726967687420323031362D323069
:10A802003235204E3855522C204B395452562C207A
:10A812004E48365A2C20574138595751002323238A
:10A8220023232323232323232323232323232323F6
:10A8320023230023205449434320436F6E666967F4
:10A8420075726174696F6E3A2000536F6674776136
:10A8520072652056657273696F6E3A2000454550E5
:10A86200524F4D2056657273696F6E3A2025642CE3
:10A8720020426F6172642056657273696F6E3A206E
:10A88200256300426F6172642053657269616C20B6
:10A892004E756D6265723A20004D65617375726521
:10A8A2006D656E74204D6F64653A20005061697267
:10A8B20065645F54696D657374616D700042696EA1
:10A8C2006172792054696D657374616D70005065B1
:10A8D20072696F640054696D6520496E74657276A1
:10A8E200616C20412D3E4200332D436F726E6572C2
:10A8F200656420486174004465627567004E756C3A
:10A902006C204F75747075740054696D6573746151
:10A912006D7020577261703A2000256420286E6F96
:10A922002077726170290025642028777261707324
:10A9320020617420256C75207365636F6E647329C2
:10A94200002564202877726170732061742031655C
:10A952002564207365636F6E647329004F7574708C
:10A96200757420446563696D616C20506C61636528
:10A97200733A2025640054726967676572204564E2
:10A9820067653A2025632028636830292C202563D7
:10A992002028636831290053796E634D6F64653AEC
:10A9A2002025630053657269616C204261756420E1
:10A9B200526174653A20256C75004368616E6E655C
:10A9C2006C204E616D65733A2025632F256300501C
:10A9D2006F6C6C204368617261637465723A202502
:10A9E2006300506F6C6C20436861726163746572BE
:10A9F2003A206E6F6E6500436C6F636B2053706517
:10AA020065643A20256C642E2530366C64204D48EE
:10AA12007A00436F61727365207469636B3A202513
:10AA22006C642E2530366C64207573656300436157
:10AA32006C20506572696F64733A2025640050720D
:10AA42006F7044656C61793A20256C6420286368D4
:10AA520030292C20256C6420286368312900546930
:10AA62006D656F75743A203078252E32580054691E
:10AA72006D652044696C6174696F6E3A20256C645F
:10AA82002028636830292C20256C642028636831D3
:10AA9200290046495845445F54494D45323A2025DC
:10AAA2006C642028636830292C20256C642028637C
:10AAB200683129004655444745303A20256C6420C8
:10AAC20028636830292C20256C642028636831298A
:10AAD2000023205479706520616E79206368617269
:10AAE200616374657220666F7220636F6E66696758
:10AAF200206D656E750023204E6F20434F415253E7
:10AB0200455F434C4F434B2E2E2E2069732031302C
:10AB1200204D487A20636F6E6E65637465643F00F2
:10AB22002320496E207365636F6E64617279206DB4
:10AB32006F646520616E642077616974696E672055
:10AB4200666F722073796E632E2E2E002320746935
:10AB52006D657374616D7020287365636F6E6473C5
:10AB62002077697468200020646563696D616C20D8
:10AB7200706C61636573290023207061697265647A
:10AB8200206368616E6E656C2D6F726465722074ED
:10AB9200696D657374616D7020287365636F6E648F
:10ABA2007320776974682000232074696D652069B9
:10ABB2006E74657276616C20412D3E422028736569
:10ABC200636F6E6473207769746820002320706558
:10ABD20072696F6420287365636F6E64732077698E
:10ABE20074682000232074696D657374616D702030
:10ABF2006368302C206368313B20696E746572761D
:10AC0200616C206368412D3E4220287365636F6E3C
:10AC1200647320776974682000232074696D65313C
:10AC22002074696D653220636C6F636B31206361E0
:10AC32006C312063616C322050494373746F702011
:10AC4200746F662074696D657374616D7000232082
:10AC520042696E6172792054696D657374616D70B9
:10AC6200206D6F6465202D20313220627974652059
:10AC72006672616D65733A0023206865616465726E
:10AC82002028307835352C30784141292C206368D2
:10AC9200616E6E656C2028312062797465292C20E2
:10ACA20050494373746F702028342062797465733D
:10ACB200292C20746F6620283420627974657329E8
:10ACC2002C204352432028312062797465290023C5
:10ACD200206E756C6C206F7574707574206D6F6466
:10ACE20065202D206E6F20646174610023205265FF
:10ACF2007374617274207265717565737465642C06
:10AD0200207265696E697469616C697A696E67201F
:10AD120073797374656D2E2E2E0042617564205214
:10AD220061746500436C6F636B20537065656400EA
:10AD3200436F61727365205469636B00577261706F
:10AD42002044696769747300446563696D616C20AE
:10AD5200506C61636573005374617274204564675B
:10AD6200650053796E63204D6F6465004368616EC0
:10AD72006E656C204E616D657300506F6C6C204384
:0AAD8200686172616374657200007D
:00000001FF
