:100000000C94AA010C9442420C9417420C94EC41BB
:100010000C94C1410C9496410C946B410C9440415A
:100020000C9415410C94A0400C9431400C94BB3FAF
:100030000C94DB010C94DB010C94DB010C94DB01D0
:100040000C94DB010C94DB010C94DB010C94DB01C0
:100050000C94DB010C94DB010C94DB010C94113F3C
:100060000C94DB010C94853F0C945B3F0C94DB01FA
:100070000C94DB010C94DB010C94DB010C94DB0190
:100080000C94DB010C94DB010C94DB010C94DB0180
:100090000C94DB010C94DB010C94DB010C94DB0170
:1000A0000C94DB010C94DB010C94DB010C94DB0160
:1000B0000C94DB010C94DB010C94DB010C94DB0150
:1000C0000C94DB010C94DB010C94DB010C94DB0140
:1000D0000C94DB010C94DB010C94DB010C94DB0130
:1000E0000C94DB010C94D21E0C9430040C94DB169F
:1000F0000C941B040C94A9140C9473060C94110416
:100100000C94941E0C94CF160C940B070C94520470
:100110000C94DE3E0C945F060C943A040C94CC16BE
:100120000C9417040C94A80D0C94CF1E0C942E154F
:100130000C94E73E0C9447130C94D5160C942C04A5
:100140000C9481060C94DB1E0C9451040C944C040A
:100150000C94A9300C9448040C94A6140C945604E6
:100160000C94A0140C94D81E0C94C93E0C94BB3073
:100170000C9426040C94A3140C94B8300C943E04F4
:100180000C94AC140C94E13E0C9450050C94230494
:100190000C9436040C9450060C941F040C94DE0D41
:1001A0000C94DB3E0C94E43E0C9477450C94D83EC2
:1001B0000C949D140C94D51E0C94DE1E0C94C4302B
:1001C0000C946D420C94C30D0C94D2160C94D8165A
:1001D0000C94BE300C94B9060C9444040C94043175
:1001E0000C94C13000010405050303040506040551
:1001F00006070100010003020100000102030405DB
:1002000006070706050403020100070201000706AE
:1002100005040302010003020100000102030405BA
:10022000060700010203040506070203040506068B
:100230000700002100240027002A002D0030003391
:100240000001010000040107010A0100002200254D
:100250000028002B002E00310034000201000005B0
:100260000108010B01000020002300260029002CBA
:10027000002F003200000100000301060109010502
:10028000050505070508080808020202020A0A080F
:100290000804040404010101010101010103030335
:1002A0000303030303040707070C0C0C0C0C0C0CD2
:1002B0000C0202020206060606060606060B0B0BD9
:1002C0000B0B0B0B0B010210202008081020401014
:1002D000204080020102010804020101020408100A
:1002E0002040808040201008040201800402018028
:1002F0004020100804020108040201010204081051
:10030000204080010204081020408000000A0B02F7
:10031000090C0D0E08070304010000000000000096
:1003200000000000000000000000000000000000CD
:10033000000000000000001211100000000000008A
:1003400000000000000000000000000000000000AD
:1003500000006D4211241FBECFEFD1E2DEBFCDBF42
:1003600000E00CBF14E1A0E0B2E0EAE6F3E900E04F
:100370000BBF02C007900D92AA3BB107D9F728E145
:10038000AAEBB4E101C01D92A833B207E1F711E076
:10039000CAEAD1E000E006C021970109802FFE01E2
:1003A0000E94CF44C93AD10780E00807A9F70E940C
:1003B00019430C94B3490C940000CF92DF92EF9252
:1003C000FF926B017C01E0917715F091781582E046
:1003D0008083C11481EED806E104F104A1F060E04D
:1003E00079E08DE390E0A70196010E948E442150B0
:1003F000310941095109569547953795279521159A
:1004000080E13807A8F0E0917715F0917815108217
:1004100060E874E88EE190E0A70196010E948E44A6
:10042000215031094109510956954795379527952E
:10043000E0917315F09174153083E0917515F0918A
:100440007615208310927F15E0917B15F0917C1535
:1004500086E08083E0917915F0917A158081806142
:100460008083E0917915F0917A158081886080838E
:10047000E0917915F0917A15808180688083E09110
:100480007915F0917A1580818F7D8083FF90EF90B0
:10049000DF90CF90089520916615222361F02FB749
:1004A000F89430916615313049F43DB330936515B9
:1004B0003DB33DBB2FBF8CBD9DBD089520936515F9
:1004C000FACF2F923F924F925F926F927F928F92CC
:1004D0009F92AF92BF92CF92DF92EF92FF920F93D3
:1004E0001F93CF93DF93CDB7DEB768970FB6F8941D
:1004F000DEBF0FBECDBF7A836983009709F4AEC01B
:10050000DC012C91222309F4A9C02B3219F02D32E1
:1005100009F061C0B1E0BC872D3209F01C8601965C
:10052000FC012081222309F499C01D861E861F86A6
:10053000188A198A1A8A1B8A1C8ADC019D90BA873C
:10054000A98791104AC0B1E0BB831C821D821E8224
:100550001F821886212C312C612C712C812C188E35
:100560001F8A412C512C2B813C814D815E816F81F2
:100570007885C1012F3332444F4051056105710523
:100580008105910511F00CF06BC03AE0A32EB12C5F
:10059000C12CD12CE12CF12C00E010E09301A4013E
:1005A000688D7F89C2010E94D74439014A01688F52
:1005B0007F8B2C012B813C814D815E816F81788501
:1005C000C1010E94D7442B833C834D835E836F839C
:1005D00078871C01C8CF1C86A3CFEEE29E1609F4D3
:1005E00091C080ED890D8A30C8F56AE0A62EB12C45
:1005F000C12CD12CE12CF12C00E010E02D853E85A2
:100600004F85588969897A898B899C890E94D7444A
:1006100059016A017B018C01892D990C990BC097B6
:10062000E92FEE0FEE0B9C014E2F5E2F6E2F7E2FCB
:100630008E2F9E2F0E9476462D873E874F87588BA0
:10064000698B7A8B8B8B9C8B89859A8576CF8191F0
:10065000882309F488CF80538A30C8F380E039C0FA
:1006600080E4A82E92E4B92E2FE0C22ED12CE12CEA
:10067000F12C00E010E02D853E854F855889698971
:100680007A898B899C890E94D74453016401E88C44
:10069000FF8882010E947646EC85EE2311F00E94CD
:1006A000F945A981BA812C9311963C931197129622
:1006B0004C93129713965C93139714966C9314971C
:1006C00015967C93159716968C93169717969C9370
:1006D00081E068960FB6F894DEBF0FBECDBFDF9104
:1006E000CF911F910F91FF90EF90DF90CF90BF902F
:1006F000AF909F908F907F906F905F904F903F90C2
:100700002F900895E985FA859C01285F3F4F3E8B25
:100710002D8B31E03B831C821D821E821F82188636
:10072000212C312C612C712C812C912C188E1F8A3C
:10073000412C512CDF012D91BA87A9872B872223C9
:1007400009F411CF8D899E898A179B0709F47FCF01
:10075000822F80538A3008F081CF4AE0A42EB12C3A
:10076000C12CD12CE12CF12C00E010E09301A4016C
:10077000688D7F89C2010E94D74459016A017B01BB
:100780008C01AB858A2FAA0F990BC097E92FEE0F2A
:10079000EE0B9C014E2F5E2F6E2F7E2F8E2F9E2FE5
:1007A0000E94764639014A01688F7F8B2C015AE0FE
:1007B000A52EB12CC12CD12CE12CF12C00E010E0A5
:1007C0002B813C814D815E816F817885C1010E94C2
:1007D000D7442B833C834D835E836F8378871C01D2
:1007E000E985FA85A7CF8150823108F05AC0E82FF9
:1007F000F0E08827E150FC4F8F4F0C94CF441F044A
:100800002304110417041B04510426042C0430048F
:1008100036043A043E044404480451044C0452048F
:100820005604809180008F77809380000895809196
:1008300080008F7DF9CF80918000877FF5CF84B5D0
:100840008F7784BD089584B58F7DFBCF8091B000F4
:100850008F778093B00008958091B0008F7DF9CF9D
:10086000809190008F778093900008958091900000
:100870008F7DF9CF80919000877FF5CF8091A00088
:100880008F778093A00008958091A0008F7DF9CF8D
:100890008091A000877FF5CF809120018F77809392
:1008A00020010895809120018F7DF9CF8091200152
:1008B000877FF5CFCF93DF93282F30E0F901E55FF5
:1008C000FC4F8491F901EB53FD4FD491F901E158AC
:1008D000FD4FC491CC23A1F081110E94F303EC2FB2
:1008E000F0E0EE0FFF1FEB59FD4FA591B491EC9195
:1008F000ED2381E090E009F480E0DF91CF9108954D
:1009000080E090E0FACF1F93CF93DF93282F30E061
:10091000F901E55FFC4F8491F901EB53FD4FD49150
:10092000F901E158FD4FC491CC23A9F0162F811194
:100930000E94F303EC2FF0E0EE0FFF1FE55BFD4F8D
:10094000A591B4918FB7F894EC91111108C0D0958E
:10095000DE23DC938FBFDF91CF911F910895DE2BB3
:10096000F8CFCF93DF9390E0FC01EB53FD4F249140
:1009700081589D4FFC0184918823D1F090E0880F2D
:10098000991FFC01EF5CFD4FA591B491FC01E55B63
:10099000FD4FC591D49161110EC09FB7F8948C9111
:1009A000E22FE0958E238C932881E223E8839FBF7A
:1009B000DF91CF9108958FB7F894EC91E22BEC93EF
:1009C0008FBFF6CF90917B00977F90937B008653EB
:1009D000806480937C0080917A00806480937A00A8
:1009E00080917A0086FDFCCF80917800909179000B
:1009F00008953FB7F89480914E1590914F15A091AE
:100A00005015B091511526B5A89B05C02F3F19F080
:100A10000196A11DB11D3FBFBA2FA92F982F88277E
:100A2000BC01CD01620F711D811D911D42E0660F59
:100A3000771F881F991F4A95D1F708958F929F922B
:100A4000AF92BF92CF92DF92EF92FF924B015C0187
:100A50000E94F9046B017C010E94F9046C197D0964
:100A60008E099F09683E734081059105A8F321E036
:100A7000821A9108A108B10888EEC80E83E0D81E3A
:100A8000E11CF11C81149104A104B10429F7FF9029
:100A9000EF90DF90CF90BF90AF909F908F90089590
:100AA000AF92BF92CF92DF92EF92FF920F931F937C
:100AB000CF93DF936C017B018B01040F151FEB01BA
:100AC0005E01AE18BF08C017D10759F06991D60171
:100AD000ED91FC910190F081E02DC6011995892BD3
:100AE00079F7C501DF91CF911F910F91FF90EF90A2
:100AF000DF90CF90BF90AF9008952F923F924F928A
:100B00005F926F927F928F929F92AF92BF92CF929D
:100B1000DF92EF92FF920F931F93CF93DF93CDB7A6
:100B2000DEB7C654D1090FB6F894DEBF0FBECDBFF5
:100B3000922E832E742E652E562E472E382E292E59
:100B4000A0E00E949D460CF078C08DE289A3832D21
:100B50000E94F945922E832E742E652E562E472E16
:100B6000382E292ECE01829627969FAF8EAF2797DB
:100B7000CE01019625969FAF8EAF25972596AEADF7
:100B8000BFAD259711962396BFAFAEAF23978AE0EE
:100B9000A82EB12CC12CD12CE12CF12C00E010E0BE
:100BA000292D382D472D562D652D742D832D922DF1
:100BB0000E946945205D2596EEADFFAD2597208307
:100BC000292D382D472D562D652D742D832D922DD1
:100BD0000E946B45922E832E742E652E562E472E24
:100BE000382E292E23968EAD9FAD239725969FAF45
:100BF0008EAF2597292D382D472D562D652D742D17
:100C0000832D922DA0E00E949D4609F0B7CF279634
:100C1000EEADFFAD27979E012F5F3F4FAF012396AB
:100C2000AEADBFAD23972A173B0780F48E91239674
:100C3000BFAFAEAF23978193F1CFA0E00E949D4656
:100C400041F580E389A3AE014E5D5F4FBE016F5D4C
:100C50007F4F461B570B87E695E10E945005CA5B04
:100C6000DF4F0FB6F894DEBF0FBECDBFDF91CF913F
:100C70001F910F91FF90EF90DF90CF90BF90AF90BA
:100C80009F908F907F906F905F904F903F902F90AC
:100C90000895FE01B1962796FFAFEEAF279768CF74
:100CA000FC01538D448D252F30E0842F90E0821B72
:100CB000930B541710F0CF96089501970895FC01F7
:100CC000918D828D981761F0A28DAE0FBF2FB11D4F
:100CD0005D968C91928D9F5F9F73928F90E00895A7
:100CE0008FEF9FEF0895FC01918D828D981731F061
:100CF000828DE80FF11D858D90E008958FEF9FEFB5
:100D00000895FC01918D228D892F90E0805C9F4F8A
:100D1000821B91098F739927089587E695E10E94B8
:100D2000810621E0892B09F420E0822F0895FC013F
:100D3000A48DA80FB92FB11DA35ABF4F2C91848D3C
:100D400090E001968F739927848FA689B7892C9399
:100D5000A089B1898C91837080648C93938D848DEC
:100D6000981306C00288F389E02D80818F7D8083EF
:100D70000895EF92FF920F931F93CF93DF93EC01AF
:100D800081E0888F9B8D8C8D98131AC0E889F98932
:100D9000808185FF15C09FB7F894EE89FF89608335
:100DA000E889F98980818370806480839FBF81E0B6
:100DB00090E0DF91CF911F910F91FF90EF900895F8
:100DC000F62E0B8D10E00F5F1F4F0F731127E02ED3
:100DD0008C8D8E110CC00FB607FCFACFE889F9890B
:100DE000808185FFF5CFCE010E949706F1CFEB8D74
:100DF000EC0FFD2FF11DE35AFF4FF0829FB7F894DF
:100E00000B8FEA89FB8980818062CFCF682F87E6CC
:100E100095E10C94B906CF93DF93EC01888D88237C
:100E2000B9F0AA89BB89E889F9898C9185FD03C04D
:100E3000808186FD0DC00FB607FCF7CF8C9185FF32
:100E4000F2CF808185FFEDCFCE010E949706E9CFDA
:100E5000DF91CF91089587E695E10E940B07E7E6C1
:100E6000F5E1A289B3898C918F7E8C93A289B38995
:100E70008C91877F8C93A289B3898C918F778C9387
:100E8000A289B3898C918F7D8C93828D818F0895F7
:100E900080E090E0892B29F00E948D0681110E944C
:100EA000000080E090E0892B49F080E090E0892B01
:100EB00029F00E94000081110E94000080E090E073
:100EC000892B49F080E090E0892B29F00E940000F6
:100ED00081110E94000080E090E0892B49F080E0C1
:100EE00090E0892B29F00E94000081110C940000F1
:100EF00008952F923F924F925F926F927F928F92BE
:100F00009F92AF92BF92CF92DF92EF92FF920F9398
:100F10001F93CF93DF93CDB7DEB72F970FB6F8941B
:100F2000DEBF0FBECDBFFC017F876E875C874B871E
:100F30001082118212821382148215821682178205
:100F40001086118612861386DB018D909D90AD90E0
:100F5000BC90DA014D905D906D907C90DB01149611
:100F60002C91149715963C91159716964C911697BF
:100F700017965C91179718966C91189719967C9113
:100F800019971A968C911A971B969C91AB85BC85E4
:100F900014962C90149715963C9015971696CC9015
:100FA00016971796DC9017971896EC901897199645
:100FB000FC9019971A960C911A971B961C91841401
:100FC0009504A604B70409F4A6C0B1E0B983481497
:100FD00059046A047B040CF4A5C01982AB85BC8556
:100FE0004D905D906D907C90AE85BF854D915D91EB
:100FF0006D917C91441A550A660A770AAB85BC85C7
:1010000014963C9014971596BC91BA83AB85BC8519
:101010001696BC91BB83AB85BC851796BC91BC83EF
:10102000AB85BC851896BC91BD83AB85BC851996F4
:101030008C9019971A969C901A971B962C90AE85B7
:10104000BF851496BC91BD87AE85BF851596BC91B2
:10105000BB87AE85BF851696BC91BE83AE85BF8526
:101060001796BC91BF83AE85BF851896BC91B88793
:10107000AE85BF851996BC91B987AE85BF851A9696
:10108000BC91BA87AE85BF851B96BC91BE87232DC8
:101090003A814B815C816D81782D892D922DAD84B3
:1010A000BB84CE80DF80E884F9840A851B2F0E94F0
:1010B000944608F440C00E948B4659016A017B01A6
:1010C0008C01A981AA2309F455C040825182628211
:1010D0007382A482B582C682D782E086F1860287B7
:1010E0001387CF012F960FB6F894DEBF0FBECDBF8A
:1010F000DF91CF911F910F91FF90EF90DF90CF90F4
:10110000BF90AF909F908F907F906F905F904F9027
:101110003F902F900895A1E0A98351010E94944629
:1011200008F45BCF9B858C85AE85BF85BC87AB877C
:101130009E878F8753CF3A814B815C816D81305F71
:101140004A455B4267417F4F8F4F9F4FAD84BB84C1
:10115000CE80DF80E884F9840A851E850E948B4654
:1011600059016A017B018C0121E0421A5108610892
:101170007108A7CF9501A601B701C801A0E00E94A0
:101180009D4669F47094609450944094411C511CA5
:10119000611C711C4082518262827382A2CFD30192
:1011A000C20180959095A095B09580839183A2838C
:1011B000B38320E030E145EA54ED68EE70E080E072
:1011C00090E00E948B462483358346835783608753
:1011D00071878287938785CF80916615882361F018
:1011E0009FB7F8942091661580916515213019F408
:1011F0008DBB9FBF08958FBF08950F931F93CF930B
:10120000DF938C01C62FD42F80E591E00E944B0222
:1012100060E0F80187810E948304C064CD27DC2749
:10122000CD270CB405FC17C0DEBD00000DB407FED1
:10123000FDCF8EB5CEBD00000DB407FEFDCF8EB53F
:1012400061E0F80187810E948304DF91CF911F91B3
:101250000F910C94EC08CEBD00000DB407FEFDCF3D
:101260008EB5DEBD00000DB407FEFDCFE8CFFC015A
:10127000EF56FF4F408160E00C94FD088EBD0000EA
:101280000DB407FEFDCF8EB50895CF92DF92EF9299
:10129000FF921F93CF93DF93EC01162F80E591E02F
:1012A0000E944B0260E08F810E948304812F0E9484
:1012B0003E0980E00E943E09C82E80E00E943E095F
:1012C000182F80E00E943E09D12CF12CE12C7601F0
:1012D000DD24CC24C80ED11CE11CF11C812F90E030
:1012E000982F8827C80ED91EE11CF11C61E08F8160
:1012F0000E9483040E94EC088FE090E00197F1F7D0
:10130000C701B601DF91CF911F91FF90EF90DF9061
:10131000CF9008951F93CF93DF93EC0180E591E088
:101320000E944B0260E08F810E94830482E00E9451
:101330003E0980E00E943E09182F61E08F810E94E3
:1013400083040E94EC08412F62E0CE01DF91CF912F
:101350001F910C94FD088091ED179091EE178D3040
:1013600091054CF497FD80E0809302028091EB1789
:101370008093010208958CE0F7CFCF92DF92EF9235
:10138000FF920F931F93CF93DF938A01EA01269672
:101390002AE0C22ED12CE12CF12CA70196010E944B
:1013A0008E44605D6A93B901CA01C017D107A9F7DD
:1013B000DF91CF911F910F91FF90EF90DF90CF9031
:1013C00008952F923F924F925F926F927F928F92E9
:1013D0009F92AF92BF92CF92DF92EF92FF920F93C4
:1013E0001F93CF93DF93CDB7DEB76E970FB6F89408
:1013F000DEBF0FBECDBF1C014A012E8B452B09F469
:1014000055C2209102022D8BF0900102011101C002
:10141000F12CD401AD90BD90CD90DC908101D7FE30
:101420000DC00F5F1F4F8DE2F1018083D094C094F7
:10143000B094A094A11CB11CC11CD11C2501360183
:101440008FEF8F0D893008F023C18F2D90E09E879C
:101450008D87FC01EE0FFF1FEE0FFF1FE35FFD4FB7
:101460002081318142815381C601B5010E948E44A1
:101470002B013C01B62EC52CD82EE72C2AE030E0FB
:1014800040E050E00E948E44B0E3AB2EA60E92E006
:10149000F912C4C0205DD8012C931196AC9228019A
:1014A000B2E04B0E511CF4013B8E2A8E2D89222373
:1014B00009F47CC032018FEF681A780A8EE2D201FB
:1014C0008C932C3009F05CC1B481BD8725812E87B7
:1014D00086818F879781988BA085A98BB185BA8BE0
:1014E00022852B8B83858C8B40EAA42E57EFB52E5B
:1014F00066ECC62E70E1D72EE12CF12C00E010E056
:101500002D853E854F85592F60E070E080E090E0AA
:101510000E94D74400E10E945B4619014D8B5F8B0E
:10152000688F798F982E892E2D853E854F85588915
:1015300069897A898B899C8900E20E945B4600E078
:101540000E94D74400E10E94404659016A017B0194
:101550008C0191014D895F89688D798D892D982D38
:101560000E94764600E20E945B468901F42FE52F37
:1015700060E472E48FE090E00E94BF44CD84DE849A
:10158000EF84F888C61AD70AE80AF90AA301B80155
:101590008F2F9E2F0E94BD09A201495F5F4FC70197
:1015A000B6010E94BD099DE0490E511C8E898F7DB8
:1015B00009F472C180E2F201808383E6818388E6C8
:1015C00082832E8923838DE084838AE08583820150
:1015D0000A5F1F4FEA8DFB8D0E1B1F0BA801BF0179
:1015E00087E695E10E945005C8016E960FB6F89403
:1015F000DEBF0FBECDBFDF91CF911F910F91FF9046
:10160000EF90DF90CF90BF90AF909F908F907F90A2
:101610006F905F904F903F902F900895E3E0FE12FF
:101620001AC0B201C30124E630E040E050E00E945D
:101630008E44205DD8012C932AE030E040E050E059
:101640000E948E44205DF8012183A2822801F3E0EC
:101650004F0E511C28CF4D845E84400E511E320126
:1016600021E0621A71086B2D7C2D8D2D9E2D2AE0B4
:1016700030E040E050E00E948E44605DD3016C9306
:10168000B22EC32ED42EE52E0615170549F70BCF23
:10169000BAE0AB16B104C104D1044CF42801EFEF59
:1016A0004E1A5E0A80E38A0DD8018C93FCCEC601E7
:1016B000B5012AE030E040E050E00E948E44E0E3D3
:1016C000FE2EF60EB4E6AB16B104C104D1045CF4F0
:1016D000205DF80120832801F2E04F0E511CD80153
:1016E0001196FC92E0CEB8EEAB16B3E0BB06C10497
:1016F000D104E0F4C601B50124E630E040E050E05A
:101700000E948E44205DF80120832AE030E040E012
:1017100050E00E948E44205DD80111962C93280140
:10172000B3E04B0E511CF801F282BDCECE01019602
:101730006C01F12CE12C5C019FEFE91AF90AC3015D
:10174000B2012AE030E040E050E00E948E44605D4B
:10175000D6016D936D0129013A01411451046104D0
:10176000710451F7F801C701019730F0D501A80FB6
:10177000B91F2C912193F8CF28014E0C5F1C93CEFA
:10178000A481AD87B581BE8726812F878781888B0D
:101790009085998BA185AA8BB285BB8B23852C8BD9
:1017A0008D89882E912C80EAA82E97EFB92E26ECF1
:1017B000C22E30E1D32EE12CF12C00E010E02D857B
:1017C0003E854F85588960E070E080E090E00E949F
:1017D000D74400E10E945B46322E3F8B488F598FE1
:1017E0006C8F7D8F8E8F292E2D853E854F85588954
:1017F00069897A898B899C8900E20E945B4600E0B6
:101800000E94D74400E10E94404659016A017B01D1
:101810008C01232D3F89488D598D6C8D7D8D8E8D4A
:10182000922D0E94764600E20E945B468901F42FC9
:10183000E52F9D89973050F4A301B8018F2F9E2F7B
:101840000E94BD092301480C591CB0CE98014F2FAE
:101850005E2F60E472E48FE090E00E94BF44CD848C
:10186000DE84EF84F888C61AD70AE80AF90AA301C9
:10187000B8018F2F9E2F0E94BD098201095F1F4F63
:10188000A801C701B6010E94BD092401A6E04A1AB9
:101890005108400E511E8ACE8DE0D2018C938AE011
:1018A00011968C9382010E5F1F4F94CE0FEF1FEFA6
:1018B0009BCEAF92BF92CF92DF92EF92FF920F93A7
:1018C0001F932091D7173091D8174091D917509175
:1018D000DA176091DB177091DC17A0902A16B09090
:1018E0002B16C0902C16D0902D16E0902E16F0904E
:1018F0002F1600913016109131168091DD179091BE
:10190000DE170E94944609F04BC02091DF173091FA
:10191000E0174091E1175091E2176091E317709141
:10192000E417A0903216B0903316C0903416D090C1
:101930003516E0903616F090371600913816109153
:1019400039168091E5179091E6170E94944641F56B
:101950002091E7173091E81780913A1690913B1645
:1019600028173907E9F49091F417809147169813D6
:1019700017C09091F51780914816981311C081E017
:101980002091EF1790914216291301C080E01F911A
:101990000F91FF90EF90DF90CF90BF90AF900895A0
:1019A00081E0F5CF6F927F928F929F92AF92BF921C
:1019B000CF92DF92EF92FF920F931F93CF93DF931B
:1019C000EC014B01892B09F45FC08881882309F45D
:1019D0005BC08B3219F0612C8D3231F46624639434
:1019E0008D3209F0612C21968881882309F44CC03E
:1019F00020E030E040E050E060E070E080E090E027
:101A00007990772021F1E0EDE70DEA30E8F5EAE0A2
:101A1000AE2EB12CC12CD12CE12CF12C00E010E029
:101A20000E94D74459016A017B018C01472D770C34
:101A3000550B40535109952F990F990B9A01492F36
:101A4000592F692F792F892F0E947646D9CF66208A
:101A500011F00E94F945F4012083318342835383BE
:101A6000648375838683978381E0DF91CF911F9193
:101A70000F91FF90EF90DF90CF90BF90AF909F902D
:101A80008F907F906F90089580E0EFCF682F87E66A
:101A900095E10E94B90687E695E10C940B07EF9259
:101AA000FF920F931F93CF93DF938C01D0E0C0E0A0
:101AB00087E695E10E948106892B39F461E070E0A8
:101AC00080E090E00E941E05F3CF87E695E10E943A
:101AD0005F068D309105A1F4209731F08DE00E94D2
:101AE000460D8AE00E94460DF801EC0FFD1F1082A2
:101AF000CE01DF91CF911F910F91FF90EF9008954C
:101B00008A30910549F38830910519F08F37910596
:101B100069F4209769F2219788E00E94460D80E2DF
:101B20000E94460D88E00E94460DC2CF7E012FEF35
:101B3000E21AF20A20E6E216F10408F0B9CFC00F6B
:101B4000D11F88830E94460DE701B2CF0C944F0D40
:101B50007091411560914215509143154091441583
:101B60003091451520914615909147158091481563
:101B7000E9E2F7E1708361835283438334832583F1
:101B80009683878308957091411560914215509115
:101B9000431540914415309145152091461590917B
:101BA000471580914815EBE8F6E173876487558700
:101BB00046873787208B918B828B08952091411522
:101BC000309142154091431550914415609145154F
:101BD000709146158091471590914815A1E00E949B
:101BE0007F462093411530934215409343155093FF
:101BF000441560934515709346158093471590934F
:101C0000481508959EEF980F923008F4A5C09EEEF7
:101C1000980F943008F4A0C090E0FC01EB53FD4F06
:101C20002491FC01E158FD4F3491433009F038C054
:101C3000323031F54091DD14422B4093DD148C514C
:101C40009E4FFC01A491323009F043C0B0E0AA0FCE
:101C5000BB1FA453BB4E6D937C93E9E6F2E0A591C4
:101C6000B4918C918093DE148BE690E09093BB143A
:101C70008093BA14809168008160809368004AC0A4
:101C80003A3031F44091EF14422B4093EF14D7CF08
:101C90003B30A9F640910215422B40930215CFCF5D
:101CA000323031F44091DC14422B4093DC14C7CF26
:101CB0003A3031F44091EE14422B4093EE14BFCFF2
:101CC0003B3009F0BCCF40910115422B40930115E8
:101CD000B6CF3A3039F5B0E0AA0FBB1FA152BB4EC8
:101CE0006D937C93E9E7F2E0A591B4918C91809398
:101CF000F0148CE690E09093BB148093BA1480911A
:101D000068008260809368008091ED14822B80933C
:101D1000ED14220FA091BA14B091BB14EC912E2BAC
:101D20002C9308953B30B1F7B0E0AA0FBB1FAF5022
:101D3000BB4E6D937C93EBE7F2E0A591B4918C914F
:101D4000809303158DE690E09093BB148093BA14B2
:101D500080916800846091CF9FB7F894833069F1D7
:101D60008231A1F0823039F57093C5146093C414A8
:101D7000EC9880916A008C7F80936A0080916A0061
:101D8000482B40936A00E49AEC9A15C07093C314F0
:101D90006093C214EB98809169008F7380936900FF
:101DA00080916900F0E44F9FA0011124482B4093DB
:101DB0006900E39AEB9A9FBF08957093C7146093EC
:101DC000C614ED9880916A00837F80936A008091A9
:101DD0006A0024E0429FA0011124482B40936A002E
:101DE000E59AED9AE8CFFC0101900020E9F73197E0
:101DF000AF01481B590BBC0187E695E10C945005D7
:101E000087ED9EE00C94F30ECF93DF930E940607BC
:101E1000EC010E94000F8C0F9D1FDF91CF91089560
:101E20008F929F92AF92BF920F931F93CF93DF93A6
:101E3000CDB7DEB7A1970FB6F894DEBF0FBECDBF0A
:101E400019A2423008F44AE08E010F5D1F4F842E24
:101E5000912CB12CA12CA50194010E948E44E62F57
:101E6000B901CA01EA30F4F4E05DD801EE938D01C6
:101E7000232B242B252B79F790E080E0109719F085
:101E8000CD010E94F30EA1960FB6F894DEBF0FBEEF
:101E9000CDBFDF91CF911F910F91BF90AF909F90D9
:101EA0008F900895E95CE1CFCF93DF93D0E0C0E05D
:101EB000009719F00E94F30EEC010E94000F8C0FA6
:101EC0009D1FDF91CF910895009711F00C94F30EB0
:101ED00090E080E008950E94640F87E695E10C94FD
:101EE0000B07CF93DF93EC0186E692E00E946B0F25
:101EF000CE01DF91CF910C946B0FCF93DF939C01B8
:101F0000D9019C912F5F3F4F9032D1F39930C1F3AB
:101F1000FD0101900020E9F73197EF01AE17BF07EF
:101F200028F482918032C9F38930B9F31882CD0147
:101F3000DF91CF910895CF93DF93FC012081211190
:101F40000CC0EA01CB010E94710FCE010E94A60DC8
:101F5000CE01DF91CF910C947D0FDF91CF91089549
:101F6000CF92DF92EF92FF92CF93DF9397FF19C04A
:101F70006B017C018DE20E940607EC016627772742
:101F8000CB016C197D098E099F094AE00E94100F50
:101F90008C0F9D1FDF91CF91FF90EF90DF90CF903E
:101FA00008954AE0DF91CF91FF90EF90DF90CF90BE
:101FB0000C94100FBC01990F880B990B0C94B00F67
:101FC0004F925F926F927F928F929F92AF92BF9249
:101FD000CF92DF92EF92FF920F931F93CF93DF93F5
:101FE000CDB7DEB7C854D1090FB6F894DEBF0FBE27
:101FF000CDBF0097C9F480E0C85BDF4F0FB6F894FF
:10200000DEBF0FBECDBFDF91CF911F910F91FF902B
:10201000EF90DF90CF90BF90AF909F908F907F9088
:102020006F905F904F90089529017A013B016C01F8
:102030006FE270E00E94BA465C01009709F05CC054
:1020400040E450E0B601CE0101960E943244CE0138
:1020500001960E947D0FBE016F5B7F4F0E94D20CE4
:10206000882351F291E0D2019C93F3019083229650
:10207000EFAD229723967FAD239724966FAD2497DB
:1020800025965FAD259726964FAD269727963FADAF
:10209000279728962FAD289729969FAD2997D80185
:1020A000EC9311967C93119712966C93129713965A
:1020B0005C93139714964C93149715963C9315972D
:1020C00016962C93169717969C93D701EC9311961E
:1020D0007C93119712966C93129713965C931397B7
:1020E00014964C93149715963C93159716962C932B
:1020F000169717969C9380CFC816D90609F43FC04F
:102100004C018C189D08B0E48B16910418F08FE3F5
:10211000882E912CA401B601CE0101960E94B146F1
:10212000E1E0F0E0EC0FFD1FE80DF91D1082CE019B
:1021300001960E947D0FB7010E94D20C882309F4FA
:102140005ACF81E0F3018083F50181818823D1F0AA
:10215000B5016F5F7F4F40E450E0CE0101960E94D1
:102160003244CE0101960E947D0FB8010E94D20C2C
:10217000882309F440CF91E0D2019C933DCFD30155
:102180001C92E2CFF201108281E036CF2F923F9273
:102190004F925F926F927F928F929F92AF92BF9277
:1021A000CF92DF92EF92FF920F931F93CF93DF9323
:1021B000CDB7DEB7C258D1090FB6F894DEBF0FBE57
:1021C000CDBF19012A013B01CF57DF4F8883C1588A
:1021D000D040CE57DF4F9883C258D04020E4A22E83
:1021E00032E4B32E4FE0C42ED12CE12CF12C00E0D0
:1021F00010E09101A2010E946B455F934F933F93C2
:102200002F9389E692E09F938F93CE0101964C0124
:102210009F938F930E94DD46C4010E94640F910139
:10222000A201B301CF57DF4F8881C158D040CE57AC
:10223000DF4F9881C258D0400E9469455F934F9309
:102240003F932F938EE692E09F938F939F928F926E
:102250000E94DD46C4010E94640F0FB6F894DEBFF1
:102260000FBECDBFCE57DF4F0FB6F894DEBF0FBE07
:10227000CDBFDF91CF911F910F91FF90EF90DF9035
:10228000CF90BF90AF909F908F907F906F905F9016
:102290004F903F902F900895EF92FF920F931F93CE
:1022A000CF93DF937C018B01D0E0C0E0F801619116
:1022B0008F01C7018C0F9D1F0E944E442196C43090
:1022C000D105A1F784E090E0DF91CF911F910F91AC
:1022D000FF90EF900895EF92FF920F931F93CF938B
:1022E000DF937C018B01D0E0C0E0F80161918F01A8
:1022F000C7018C0F9D1F0E944E442196C738D105FF
:10230000A1F787E890E0DF91CF911F910F91FF90A7
:10231000EF900895CF93DF93CDB7DEB7C758D109BB
:102320000FB6F894DEBF0FBECDBF8CE0898341E1CC
:1023300050E063E472E0CE0102960E94CE4684E44F
:102340008B8B41E150E064E575E1CE0144960E943B
:10235000CE461DA21EA280E88FA386E988A788E941
:1023600089A71AA61BA61CA61DA61EA61FA681EE3F
:1023700088AB85EF89AB85E08AAB1BAA1CAA1DAA96
:102380001EAA84E190E098AF8FAB85E090E09AAF11
:1023900089AF82E090E09CAF8BAF8BE090E09EAF86
:1023A0008DAF80E58FAF80E092ECA1E0B0E02496A5
:1023B0008CAF9DAFAEAFBFAF249781E427968FAFB0
:1023C000279782E428968FAF289729961FAE2997E2
:1023D0002A961FAE2A972B961FAE2B972C961FAED0
:1023E0002C972D961FAE2D972E961FAE2E972F96BB
:1023F0001FAE2F9760961FAE609761961FAE6197D4
:1024000062961FAE629763961FAE639764961FAE87
:10241000649765961FAE659766961FAE669767963A
:102420001FAE679768961FAE689782E525968FAFB7
:10243000259726968FAF269794EC69969FAF69975C
:1024400089E06A968FAF6A976B961FAE6B976C9612
:102450001FAE6C976D961FAE6D976E961FAE6E9702
:102460006F961FAE6F97A0961FAEA097A1969FAFD5
:10247000A197A2968FAFA297A3961FAEA397A496FB
:102480001FAEA497A5961FAEA597A6961FAEA697BA
:10249000A7961FAEA797A8961FAEA897A9961FAE9E
:1024A000A997AA961FAEAA97AB961FAEAB97AC960C
:1024B0001FAEAC97AD961FAEAD97AE961FAEAE9762
:1024C000AF961FAEAF97E0961FAEE097E1961FAEB6
:1024D000E197E2961FAEE297E3961FAEE397E4968C
:1024E0001FAEE497E5961FAEE597E6961FAEE6971A
:1024F000E7961FAEE797E8961FAEE897E9961FAEFE
:10250000E997EA961FAEEA97EB961FAEEB97EC962B
:102510001FAEEC97ED961FAEED97EE961FAEEE97C1
:10252000EF961FAEEF97C158DF4F1882CF57D040BC
:10253000C058DF4F1882C058D040CF57DF4F1882A5
:10254000C158D040CE57DF4F1882C258D040CD5727
:10255000DF4F1882C358D040CC57DF4F1882C45881
:10256000D040CB57DF4F1882C558D040CA57DF4FF5
:102570001882C658D040C957DF4F1882C758D0407C
:10258000BE016F5F7F4F90E080E00E946B11C957E2
:10259000DF4F0FB6F894DEBF0FBECDBFDF91CF91F6
:1025A0000895EF92FF920F931F93CF93DF938B01C8
:1025B0000C5F1F4FEB017C01E61AF70AC7018C0F75
:1025C0009D1F0E9446448993C017D107B9F784E044
:1025D00090E0DF91CF911F910F91FF90EF900895C0
:1025E000CF92DF92EF92FF920F931F93CF93DF93DF
:1025F00000D000D01F921F92CDB7DEB784E792E0E3
:102600000E94640F83E492E00E94640F89E892E0E4
:102610000E94640F87E092E00E94640F8DEA93E0CD
:102620000E94640F0E94000F8CE892E00E94640FE9
:1026300090E080E00E944644682F70E090E080E0E7
:102640004AE00E94100F8FE992E00E94640F8EA171
:102650000E94040F81EB92E00E94640FCE018796E6
:102660000E94540F89EC92E00E94640FE8ADE730BD
:1026700090F4F0E08827E05CFC4E8F4F0C94CF4440
:102680004713A314A014A614A9149D14AC1485EE2A
:1026900092E00E94540F82E393E00E94640F6096E0
:1026A000EEADFFAD60971E161F060CF458C1CF01AA
:1026B0000E94DA0F85E493E00E94540F84E793E0D0
:1026C0000E94640F62968EAD9FAD62970E94DA0FF2
:1026D0000E94000F8EE893E00E94640F68968FAD11
:1026E00068970E9406078FE993E00E94640F69963D
:1026F0008FAD69970E94060788EA93E00E94540F05
:102700008FEA93E00E94640F63968FAD63970E94F7
:10271000040F8CEB93E00E94640F67966CAD7DAD67
:102720008EAD9FAD67974AE00E94100F0E94000F88
:1027300081ED93E00E94640F6A968FAD6A970E94C4
:10274000060783EE93E00E94640F6B968FAD6B9744
:102750000E94040F85EE93E00E94640F89AD8823E8
:1027600009F430C10E94040F8DEF93E00E94640FC2
:102770002AAD3BAD4CAD5DAD6EAD7FAD21968FAD5D
:10278000219722969FAD22970E94C6108DE094E07B
:102790000E94540F82E194E00E94640F23962FADB3
:1027A000239724963FAD249725964FAD25972696DF
:1027B0005FAD269727966FAD279728967FAD289710
:1027C00029968FAD29972A969FAD2A970E94C61009
:1027D00082E294E00E94540F88E294E00E94640F29
:1027E0002C968EAD9FAD2C970E94DA0F0E94000FA1
:1027F00088E394E00E94640F6F966CAD7DAD8EAD62
:102800009FAD6F970E94B00F8FE993E00E94640F15
:10281000A7966CAD7DAD8EAD9FADA7970E94B00F12
:1028200088EA93E00E94540F86E494E00E94640FCB
:102830002E968FAD2E978F932D968FAD2D978F93CC
:1028400082E594E09F938F938E010F5F1F4F1F933C
:102850000F930E94DD46C8010E94540F89E594E061
:102860000E94640FAF966CAD7DAD8EAD9FADAF97FE
:102870000E94B00F8FE993E00E94640FE7966CAD61
:102880007DAD8EAD9FADE7970E94B00F88EA93E0D3
:102890000E94540F8BE694E00E94640FEF966CAD9B
:1028A0007DAD8EAD9FADEF970E94B00F8FE993E0A5
:1028B0000E94640FCD57DF4F688179818A819B81A7
:1028C000C358D0400E94B00F88EA93E00E94540F92
:1028D0008BE794E00E94640FC557DF4F68817981D0
:1028E0008A819B81CB58D0400E94B00F8FE993E042
:1028F0000E94640FCD56DF4F688179818A819B8168
:10290000C359D0400E94B00F88EA93E00E94540F50
:102910000F900F900F900F900F900F9028960FB67A
:10292000F894DEBF0FBECDBFDF91CF911F910F9105
:10293000FF90EF90DF90CF9008958EED92E0A9CEBA
:102940008FEE92E0A6CE86EF92E0A3CE89E093E0F0
:10295000A0CE80E293E09DCE86E293E09ACEEA306C
:10296000F10514F510E000E0C12CD12C7601C394E0
:10297000AAE0B0E0A70196010E947B446B017C01B4
:102980000F5F1F4FE017F10799F7CF010E94DA0F91
:1029900080E593E00E94640F4AE0C701B6010E94FF
:1029A000100F8CE593E088CECF010E94DA0F86E607
:1029B00093E00E94640F60968EAD9FAD60970E9479
:1029C000DA0FEFCF88EF93E00E94540FCDCE2F9215
:1029D0003F924F925F926F927F928F929F92AF92AF
:1029E000BF92CF92DF92EF92FF920F931F93CF93FC
:1029F000DF93CDB7DEB7C256D1400FB6F894DEBF35
:102A00000FBECDBF21E0CB5ADE4F2883C555D14044
:102A1000CB5ADE4F3881C555D140332309F4FBC072
:102A200087ED9EE00E94710F8EE894E00E94710F86
:102A300089EA94E00E94710FE091D517E73090F495
:102A4000F0E08827E95DFA4E8F4F0C94CF442E15A5
:102A5000D216CF16D516D816CC16DB1685EE92E018
:102A60000E946B0F88E096E00E946B0FE091EB17DD
:102A7000F091EC171E161F060CF4A0C1FF93EF9304
:102A800081ED94E09F938F93CE0101969F938F9356
:102A90000E94DD460F900F900F900F900F900F90B7
:102AA0008E010F5F1F4FC8010E94710F8091EE17BA
:102AB0008F938091ED178F938EE895E09F938F937E
:102AC0001F930F930E94DD46C8010E94710F8091F1
:102AD000F517282F082E000C330B3F938F9380910E
:102AE000F417282F082E000C330B3F938F938AEB9B
:102AF00095E09F938F931F930F930E94DD46C8012B
:102B00000E94710F8091EF17282F082E000C330BB5
:102B10003F938F9384EE95E09F938F931F930F9332
:102B20000E94DD46C8010E94710F8091F717282F7F
:102B3000082E000C330B3F938F938091F617282FAC
:102B4000082E000C330B3F938F938CE096E09F93FD
:102B50008F931F930F930E94DD46C8010E94710F4F
:102B600083E396E00E94710F8091D6170FB6F89418
:102B7000DEBF0FBECDBF882309F459C189831A82F5
:102B8000C8010E946B0F88E096E00E946B0F83E5FE
:102B900096E00E94710F8091F3178F938091F21746
:102BA0008F938091F1178F938091F0178F938BE61D
:102BB00096E09F938F931F930F930E94DD46C80169
:102BC0000E94710F87ED9EE00E94710F83E996E0ED
:102BD0000E94710F8EEA96E00E94710F86EC96E0DB
:102BE0000E94710F87ED9EE00E94710F8EEF96E0BC
:102BF0000E94710F8DE197E00E94710F8DE397E0C5
:102C00000E94710F86E697E00E94710F0FB6F8944C
:102C1000DEBF0FBECDBF8EE897E00E94710F87E642
:102C200095E10E940B07CE018F519F4F0E944F0DDF
:102C30007C01CE018F519F4F0E947D0F8C01EF28A8
:102C400051F387E695E10E940B0765E070E080E0B4
:102C500090E00E941E05CB5ADE4F1882C555D14028
:102C60000115110509F4D4CED8018C91882309F4FB
:102C7000CFCE6BE370E0C8010E94BA46C15ADE4F66
:102C800099838883CF55D140009709F4D3C0FC01C4
:102C90001082CF59DE4F99838883C156D140C80135
:102CA0000E947D0FDC012C91222309F45CC00E945C
:102CB0007D0F8C01FC018081882309F454C0082E0B
:102CC000000C990B0E94A946982F98012F5F3F4F47
:102CD000F9012F5F3F4F80818032D1F3913409F0A9
:102CE000D6C0F80101900020E9F73197E01BF10B05
:102CF000329708F4C8C7D80111968C91282F082E56
:102D0000000C330B205331092A30310508F0BBC7C2
:102D1000813309F09DC01092D51781E0809353153F
:102D2000E091D51786E894E0E73038F4F0E0EE0F54
:102D3000FF1FEB5CFD4F808191819F938F9387EA0A
:102D400097E09F938F938E010F5F1F4F1F930F93F9
:102D50000E94DD46C8010E94710F0F900F900F90E6
:102D60000F900F900F90C15ADE4FA881B981CF55B7
:102D7000D140AB2B09F44CCECF59DE4FE881F9811D
:102D8000C156D1408BE381938F018081319680328F
:102D9000D9F3811165CF3CCE8EED92E061CE8FEEFE
:102DA00092E05ECE8BEF92E05BCE8FEB94E058CE5C
:102DB00080E293E055CE8CEC94E052CEEA30F105FF
:102DC0003CF521E030E080E090E010E000E0AAE097
:102DD000B0E0AC010E947B449B010F5F1F4FE017E6
:102DE000F107A9F79F938F933F936F93FF93EF930F
:102DF00087E095E09F938F93CE0101969F938F93E9
:102E00000E94DD460FB6F894DEBF0FBECDBF48CEA0
:102E1000FF93EF93FF93EF938AE495E09F938F9353
:102E2000CE0101969F938F930E94DD46EBCF88EFF2
:102E300093E0A7CEF80101900020E9F79F0121500F
:102E40003109CF59DE4F39832883C156D14027CF6E
:102E5000823321F485E08093D5175FCF833311F45B
:102E600081E0F9CF843311F482E0F5CF853311F49A
:102E700083E0F1CF863311F484E0EDCF873311F492
:102E800086E0E9CF81E997E00E94710F6CCF97341B
:102E900011F00C946D1FD8010D900020E9F71197E7
:102EA000A01BB10B129710F40C940421D8011196B9
:102EB0008C91282F082E000C330B205331092A3017
:102EC000310510F00C940421813309F023C1AE01C7
:102ED0004F5F5F4F6EEB77E0CF010E949B0FBE010B
:102EE0006F5B7E4F0E946102882389F1CF5BDE4FCA
:102EF0002880C154D140CE5BDE4F3880C254D140CF
:102F0000CD5BDE4F4880C354D140CC5BDE4F588050
:102F1000C454D140CB5BDE4F6880C554D140CA5BFE
:102F2000DE4F7880C654D140C95BDE4F8880C754DD
:102F3000D140C85BDE4F9880C854D1409101A201B6
:102F4000B301C401A0E00E949D4609F02CF48AEC74
:102F500097E00E94710FD9C0B091D717CA5ADE4FBF
:102F6000B883C655D140E091D817C95ADE4FE883DF
:102F7000C755D140F091D917C85ADE4FF883C855CC
:102F8000D1402091DA17C75ADE4F2883C955D14066
:102F90003091DB17C65ADE4F3883CA55D140809135
:102FA000DC17C55ADE4F8883CB55D1409091DD1791
:102FB000C45ADE4F9883CC55D140A091DE17C35A36
:102FC000DE4FA883CD55D1402092D7173092D81725
:102FD0004092D9175092DA176092DB177092DC1783
:102FE0008092DD179092DE1781E08093531560E4A4
:102FF000A62E72E4B72EEFE0CE2ED12CE12CF12CD0
:1030000000E010E09101A201B301C4010E946945F2
:103010005F934F933F932F939101A201B301C4019A
:103020000E946B455F934F933F932F93CA5ADE4F95
:103030002881C655D140C95ADE4F3881C755D14085
:10304000C85ADE4F4881C855D140C75ADE4F588113
:10305000C955D140C65ADE4F6881CA55D140C55ABC
:10306000DE4F7881CB55D140C45ADE4F8881CC5594
:10307000D140C35ADE4F9881CD55D1400E94694559
:103080005F934F933F932F93CA5ADE4F2881C655C3
:10309000D140C95ADE4F3881C755D140C85ADE4F9A
:1030A0004881C855D140C75ADE4F5881C955D140D3
:1030B000C65ADE4F6881CA55D140C55ADE4F788165
:1030C000CB55D140C45ADE4F8881CC55D140C35A2C
:1030D000DE4F9881CD55D1400E946B455F934F9351
:1030E0003F932F9384ED97E09F938F938E010F571B
:1030F0001F4F1F930F930E94DD46C8010E94710F5E
:103100000FB6F894DEBF0FBECDBF87E695E10E94F3
:103110000B0729CE823309F00BC1AE014F5F5F4F21
:1031200069EF77E0CF010E949B0FBE016F5B7E4F7E
:103130000E946102882309F40ACFCF5BDE4F28800A
:10314000C154D140CE5BDE4F3880C254D140CD5BFC
:10315000DE4F4880C354D140CC5BDE4F5880C4540E
:10316000D140CB5BDE4F6880C554D140CA5BDE4F97
:103170007880C654D140C95BDE4F8880C754D140A7
:10318000C85BDE4F9880C854D1409101A201B301C1
:10319000C401A0E00E949D4609F00CF4D8CEF09145
:1031A000DF17CA5ADE4FF883C655D1402091E01789
:1031B000C95ADE4F2883C755D1403091E117C85A0C
:1031C000DE4F3883C855D1408091E217C75ADE4F91
:1031D0008883C955D1409091E317C65ADE4F988332
:1031E000CA55D140A091E417C55ADE4FA883CB55EC
:1031F000D140B091E517C45ADE4FB883CC55D140C9
:10320000E091E617C35ADE4FE883CD55D1402092B6
:10321000DF173092E0174092E1175092E217609268
:10322000E3177092E4178092E5179092E61781E019
:103230008093531530E4A32E42E4B42E5FE0C52EF4
:10324000D12CE12CF12C00E010E09101A201B3019E
:10325000C4010E9469455F934F933F932F9391015F
:10326000A201B301C4010E946B455F934F933F934A
:103270002F93CA5ADE4F2881C655D140C95ADE4F16
:103280003881C755D140C85ADE4F4881C855D14012
:10329000C75ADE4F5881C955D140C65ADE4F6881A2
:1032A000CA55D140C55ADE4F7881CB55D140C45A5A
:1032B000DE4F8881CC55D140C35ADE4F9881CD5521
:1032C000D1400E9469455F934F933F932F93CA5A11
:1032D000DE4F2881C655D140C95ADE4F3881C755C7
:1032E000D140C85ADE4F4881C855D140C75ADE4F39
:1032F0005881C955D140C65ADE4F6881CA55D14060
:10330000C55ADE4F7881CB55D140C45ADE4F8881F3
:10331000CC55D140C35ADE4F9881CD55D1400E9443
:103320006B455F934F933F932F938CE098E0DCCEF7
:10333000833309F027C1AE014F5F5F4F67E378E049
:10334000CF010E949B0FCE5ADE4F1882C255D1404A
:10335000CF5ADE4F1882C155D140C75BDE4F18826D
:10336000C954D140C65BDE4F1882CA54D140C55BF8
:10337000DE4F1882CB54D140C45BDE4F1882CC5450
:10338000D140C35BDE4F1882CD54D140C25BDE4FCB
:103390001882CE54D140C15BDE4F1882CF54D14049
:1033A000C05BDE4F1882C055D140CF5BDE4F188224
:1033B000C154D140CE5BDE4F1882C254D140CD5BA8
:1033C000DE4F1882C354D140CC5BDE4F1882C45408
:1033D000D140CB5BDE4F1882C554D140CA5BDE4F73
:1033E0001882C654D140C95BDE4F1882C754D14001
:1033F000C85BDE4F1882C854D1408E010F5B1E4F50
:103400009E012F5A3E4FAE01475B5E4FBE016E5A82
:103410007E4F0E94E00F882309F499CD8091F81720
:103420009091F9172091FA173091FB1740910018ED
:10343000509101186091021870910318CE5ADE4F16
:10344000E881C255D140EE23C1F1C75BDE4FE88170
:10345000C954D140E093F817C65BDE4FE881CA54E7
:10346000D140E093F917C55BDE4FE881CB54D140E2
:10347000E093FA17C45BDE4FE881CC54D140E0936F
:10348000FB17C35BDE4FE881CD54D140E093FC17BE
:10349000C25BDE4FE881CE54D140E093FD17C15BA3
:1034A000DE4FE881CF54D140E093FE17C05BDE4F82
:1034B000E881C055D140E093FF17CF5ADE4FE88135
:1034C000C155D140EE23C1F1CF5BDE4FE881C1543D
:1034D000D140E0930018CE5BDE4FE881C254D1406A
:1034E000E0930118CD5BDE4FE881C354D140E093F7
:1034F0000218CC5BDE4FE881C454D140E09303183E
:10350000CB5BDE4FE881C554D140E0930418CA5B21
:10351000DE4FE881C654D140E0930518C95BDE4F09
:10352000E881C754D140E0930618C85BDE4FE881BC
:10353000C854D140E0930718E1E0E0935315E091BF
:103540000318EF93E0910218EF93E0910118EF93C5
:10355000E0910018EF93E091FB17EF93E091FA17D9
:10356000EF93E091F917EF93E091F817EF937F93C2
:103570006F935F934F933F932F939F938F9388E421
:1035800098E0B2CD843309F027C1AE014F5F5F4FA1
:1035900067E378E0CF010E949B0FCE5ADE4F18827E
:1035A000C255D140CF5ADE4F1882C155D140C75BBA
:1035B000DE4F1882C954D140C65BDE4F1882CA5410
:1035C000D140C55BDE4F1882CB54D140C45BDE4F87
:1035D0001882CC54D140C35BDE4F1882CD54D14009
:1035E000C25BDE4F1882CE54D140C15BDE4F1882E1
:1035F000CF54D140C05BDE4F1882C055D140CF5B65
:10360000DE4F1882C154D140CE5BDE4F1882C254C7
:10361000D140CD5BDE4F1882C354D140CC5BDE4F2E
:103620001882C454D140CB5BDE4F1882C554D140C0
:10363000CA5BDE4F1882C654D140C95BDE4F188288
:10364000C754D140C85BDE4F1882C854D1408E01A8
:103650000F5B1E4F9E012F5A3E4FAE01475B5E4FE0
:10366000BE016E5A7E4F0E94E00F882309F46FCC92
:10367000809108189091091820910A1830910B1820
:1036800040911018509111186091121870911318F0
:10369000CE5ADE4FE881C255D140EE23C1F1C75B5F
:1036A000DE4FE881C954D140E0930818C65BDE4F75
:1036B000E881CA54D140E0930918C55BDE4FE88128
:1036C000CB54D140E0930A18C45BDE4FE881CC5460
:1036D000D140E0930B18C35BDE4FE881CD54D1405D
:1036E000E0930C18C25BDE4FE881CE54D140E093EA
:1036F0000D18C15BDE4FE881CF54D140E0930E1826
:10370000C05BDE4FE881C055D140E0930F18CF5A1F
:10371000DE4FE881C155D140EE23C1F1CF5BDE4FD2
:10372000E881C154D140E0931018CE5BDE4FE881B0
:10373000C254D140E0931118CD5BDE4FE881C354F1
:10374000D140E0931218CC5BDE4FE881C454D140E5
:10375000E0931318CB5BDE4FE881C554D140E09372
:103760001418CA5BDE4FE881C654D140E0931518A7
:10377000C95BDE4FE881C754D140E0931618C85B9F
:10378000DE4FE881C854D140E0931718E1E0E093A0
:103790005315E0911318EF93E0911218EF93E09115
:1037A0001118EF93E0911018EF93E0910B18EF933D
:1037B000E0910A18EF93E0910918EF93E09108184F
:1037C000EF937F936F935F934F933F932F939F93C9
:1037D0008F938DE698E088CC853309F027C1AE0140
:1037E0004F5F5F4F67E378E0CF010E949B0FCE5A97
:1037F000DE4F1882C255D140CF5ADE4F1882C155D4
:10380000D140C75BDE4F1882C954D140C65BDE4F42
:103810001882CA54D140C55BDE4F1882CB54D140C8
:10382000C45BDE4F1882CC54D140C35BDE4F18829C
:10383000CD54D140C25BDE4F1882CE54D140C15B23
:10384000DE4F1882CF54D140C05BDE4F1882C05586
:10385000D140CF5BDE4F1882C154D140CE5BDE4FEA
:103860001882C254D140CD5BDE4F1882C354D14080
:10387000CC5BDE4F1882C454D140CB5BDE4F188244
:10388000C554D140CA5BDE4F1882C654D140C95BD3
:10389000DE4F1882C754D140C85BDE4F1882C8542F
:1038A000D1408E010F5B1E4F9E012F5A3E4FAE013D
:1038B000475B5E4FBE016E5A7E4F0E94E00F882329
:1038C00009F445CB809118189091191820911A1875
:1038D00030911B18409120185091211860912218A6
:1038E00070912318CE5ADE4FE881C255D140EE23A5
:1038F000C1F1C75BDE4FE881C954D140E09318188D
:10390000C65BDE4FE881CA54D140E0931918C55B0D
:10391000DE4FE881CB54D140E0931A18C45BDE4FF0
:10392000E881CC54D140E0931B18C35BDE4FE881A3
:10393000CD54D140E0931C18C25BDE4FE881CE54D9
:10394000D140E0931D18C15BDE4FE881CF54D140D8
:10395000E0931E18C05BDE4FE881C055D140E09374
:103960001F18CF5ADE4FE881C155D140EE23C1F177
:10397000CF5BDE4FE881C154D140E0932018CE5B8D
:10398000DE4FE881C254D140E0932118CD5BDE4F79
:10399000E881C354D140E0932218CC5BDE4FE8812C
:1039A000C454D140E0932318CB5BDE4FE881C5546B
:1039B000D140E0932418CA5BDE4FE881C654D14061
:1039C000E0932518C95BDE4FE881C754D140E093EE
:1039D0002618C85BDE4FE881C854D140E093271811
:1039E000E1E0E0935315E0912318EF93E091221862
:1039F000EF93E0912118EF93E0912018EF93E0917D
:103A00001B18EF93E0911A18EF93E0911918EF93B8
:103A1000E0911818EF937F936F935F934F933F93C9
:103A20002F939F938F9386E998E05ECB863309F0BE
:103A300027C1AE014F5F5F4F67E378E0CF010E947F
:103A40009B0FCE5ADE4F1882C255D140CF5ADE4F5F
:103A50001882C155D140C75BDE4F1882C954D1408E
:103A6000C65BDE4F1882CA54D140C55BDE4F188258
:103A7000CB54D140C45BDE4F1882CC54D140C35BE1
:103A8000DE4F1882CD54D140C25BDE4F1882CE5437
:103A9000D140C15BDE4F1882CF54D140C05BDE4FB6
:103AA0001882C055D140CF5BDE4F1882C154D1403F
:103AB000CE5BDE4F1882C254D140CD5BDE4F188200
:103AC000C354D140CC5BDE4F1882C454D140CB5B91
:103AD000DE4F1882C554D140CA5BDE4F1882C654EF
:103AE000D140C95BDE4F1882C754D140C85BDE4F5E
:103AF0001882C854D1408E010F5B1E4F9E012F5A71
:103B00003E4FAE01475B5E4FBE016E5A7E4F0E9434
:103B1000E00F882309F41BCA809128189091291876
:103B200020912A1830912B1840913018509131185B
:103B30006091321870913318CE5ADE4FE881C25529
:103B4000D140EE23C1F1C75BDE4FE881C954D140BB
:103B5000E0932818C65BDE4FE881CA54D140E09359
:103B60002918C55BDE4FE881CB54D140E0932A1879
:103B7000C45BDE4FE881CC54D140E0932B18C35B8B
:103B8000DE4FE881CD54D140E0932C18C25BDE4F6C
:103B9000E881CE54D140E0932D18C15BDE4FE8811F
:103BA000CF54D140E0932E18C05BDE4FE881C05562
:103BB000D140E0932F18CF5ADE4FE881C155D14054
:103BC000EE23C1F1CF5BDE4FE881C154D140E093D9
:103BD0003018CE5BDE4FE881C254D140E0933118FB
:103BE000CD5BDE4FE881C354D140E0933218CC5B0B
:103BF000DE4FE881C454D140E0933318CB5BDE4FF5
:103C0000E881C554D140E0933418CA5BDE4FE881A7
:103C1000C654D140E0933518C95BDE4FE881C754E4
:103C2000D140E0933618C85BDE4FE881C854D140DC
:103C3000E0933718E1E0E0935315E0913318EF93E8
:103C4000E0913218EF93E0913118EF93E091301842
:103C5000EF93E0912B18EF93E0912A18EF93E09106
:103C60002918EF93E0912818EF937F936F935F9358
:103C70004F933F932F939F938F938CEB98E034CA8D
:103C80008EED98E001C9FDE28F2EFAE09F2E8E01A5
:103C90000F5F1F4F33243394A6E02A2EB4E0FB2E8F
:103CA00083E0E82E92E0D92E25E0C22E87ED9EE03B
:103CB0000E94710F88EF98E00E94710F85E099E0F3
:103CC0000E94710F86E199E00E94710F8EE299E0E7
:103CD0000E94710F8AE499E00E94710F88E599E0D3
:103CE0000E94710F86E799E00E94710F83E899E0C6
:103CF0000E94710F87ED9EE00E94710F86E999E0A6
:103D00000E94710FE091D517E73090F4F0E088271A
:103D1000E357F14E8F4F0C94CF44941ED51ED21E04
:103D2000D81EDB1ECF1EDE1E85EE92E00E946B0FBA
:103D300087ED9EE00E946B0F87ED9EE00E94710F61
:103D400085EA99E00E94710F83ED99E00E94710F5E
:103D50008EE897E00E94710FCE018F579F4F0E940F
:103D60004F0D2C01CE018F579F4F0E947D0F3C01BC
:103D7000452809F49BCFDC018C919FEC980F923081
:103D800018F58133F1F48EEF99E00E94710FB1E0E4
:103D9000CB5ADE4FB883C555D1400C94B3168EED87
:103DA00092E0C4CF8FEE92E0C1CF86EF92E0BECF1B
:103DB00089E093E0BBCF80E293E0B8CF86E293E066
:103DC000B5CF88E19AE0E1CF082E000C990B0E9454
:103DD000A9469091D517813439F4F301818181335B
:103DE00009F04AC01092D5178091D517981709F499
:103DF0005DCF25EE32E08823B1F02EED32E0853044
:103E000091F026EF32E0813071F02FEE32E0823017
:103E100051F029E033E0833031F020E233E08430A8
:103E200011F026E233E0992309F445C0953009F4F6
:103E300045C0913009F445C0923009F445C0933033
:103E400009F445C0943009F045C080E293E03F9307
:103E50002F939F938F939F928F921F930F930E9404
:103E6000DD46C8010E946B0F309253150FB6F894CF
:103E7000DEBF0FBECDBF1ACF823319F4C092D51763
:103E8000B3CF833319F43092D517AECF843319F4FE
:103E9000D092D517A9CF853319F4E092D517A4CFC6
:103EA000863319F4F092D5179FCF873309F09CCF52
:103EB0002092D51799CF85EE92E0C9CF8EED92E092
:103EC000C6CF86EF92E0C3CF8FEE92E0C0CF89E0FD
:103ED00093E0BDCF86E293E0BACF9D3461F487EDE5
:103EE0009EE00E94710F31E0CB5ADE4F3883C555FA
:103EF000D1400C94B316923409F05CC0AE014F5F10
:103F00005F4F63E47AE0CF010E949B0FBE016F5BBD
:103F10007E4F0E94D20C882309F419C8CF5BDE4F74
:103F2000F881C154D140CE5BDE4FE881C254D1400C
:103F3000CD5BDE4F4881C354D140CC5BDE4F58810E
:103F4000C454D140CB5BDE4F6881C554D140CA5BBD
:103F5000DE4F7881C654D1402F2F3E2FC95BDE4FF4
:103F60008881C754D140C85BDE4F9881C854D14086
:103F7000AAE00E949D4619F010F00C94A7179091AA
:103F8000EB172091EC17F093EB17E093EC1731E06F
:103F900030935315EF93FF932F939F9389E59AE006
:103FA0009F938F938E010F571F4F1F930F930E9464
:103FB000DD46A3C8933409F054C0AE014F5F5F4F94
:103FC00066E77AE0CF010E949B0FBE016F5B7E4FD8
:103FD0000E94D20C882311F40C94A717CF5BDE4FFC
:103FE000F881C154D140CE5BDE4FE881C254D1404C
:103FF000CD5BDE4F4881C354D140CC5BDE4F58814E
:10400000C454D140CB5BDE4F6881C554D140CA5BFC
:10401000DE4F7881C654D1402F2F3E2FC95BDE4F33
:104020008881C754D140C85BDE4F9881C854D140C5
:10403000ACE00E949D4619F010F00C94A7179091E7
:10404000ED172091EE17F093ED17E093EE1731E0A6
:1040500030935315EF93FF932F939F9386E99AE044
:104060009FCF943409F05FC0AE014F5F5F4F66EBA6
:104070007AE0CF010E949B0FFC018081882311F41C
:104080000C94A71791819F3211F00C94A71702810D
:10409000002311F40C94A717082E000C990B0E9412
:1040A000A946182F802F000F990B0E94A9461235A0
:1040B00021F0163411F00C94A717823521F08634C4
:1040C00011F00C94A7179091F4172091F517109305
:1040D000F4178093F51731E030935315482F082ECD
:1040E000000C550B5F938F93412F012E000C550B45
:1040F0005F931F93422F022E000C550B5F932F935B
:10410000292F092E000C330B3F939F938EEC9AE0DE
:104110009F938F938E010F571F4F1F930F930E94F2
:10412000DD460C947D18953459F5AE014F5F5F4F15
:104130006BEE7AE0CF010E949B0FDC018C91082E80
:10414000000C990B0E94A946803521F0833511F0AF
:104150000C94A7179091EF178093EF1721E020930D
:104160005315282F082E000C330B3F938F93292FC4
:10417000092E000C330B3F939F938AEF9AE010CFE8
:10418000963409F093C0AE014F5F5F4F65E17BE06D
:10419000CF010E949B0FFC012081222311F40C947B
:1041A000A71781818F3211F00C94A7178281882381
:1041B00011F40C94A7178091F6179091F71720939C
:1041C000F61722812093F71721E0209353152281BF
:1041D000422F022E000C550B5F932F932081422F0C
:1041E000022E000C550B5F932F93292F092E000CE4
:1041F000330B3F939F93282F082E000C330B3F93D4
:104200008F9387E29BE084CFAE014F5F5F4F64E402
:104210007BE0CF010E949B0FFC019091D61780811B
:10422000882319F0803209F480E08093D61721E0CA
:10423000209353158E010F571F4F9923F9F08111C9
:1042400001C080E2282F082E000C330B3F938F9380
:10425000292F092E000C330B3F939F938CE69BE094
:104260009F938F931F930F930E94DD460FB6F89490
:10427000DEBF0FBECDBFC8010C94A917811101C0CC
:1042800080E2282F082E000C330B3F938F938CE88D
:104290009BE09F938F931F930F930E94DD460F9097
:1042A0000F900F900F900F900F90E5CF993409F079
:1042B000C4C00AE71CE0DE0111967D0199249394A5
:1042C00087ED9EE00E94710F8EEA9BE00E94710FC5
:1042D00080ED9BE00E94710F80EE9BE00E94710FC9
:1042E00081EF9BE00E94710F82E09CE00E94710FC1
:1042F00083E19CE00E94710F8FE29CE00E94710FAD
:1043000087ED9EE00E94710F85EA99E00E94710F8F
:1043100083ED99E00E94710F8EE897E00E94710F83
:10432000CE018F579F4F0E944F0D6C01CE018F57CA
:104330009F4F0E947D0FDC01CD2811F28C919FECE4
:10434000980F923040F4813319F481E49CE01DCD44
:1043500080E69CE01ACDFD0101900020E9F731973D
:10436000EA1BFB0B329708F463C0893409F060C084
:1043700011968C919FEC980F963008F059C08433B9
:1043800009F447C0C4F5823309F44DC08333E1F129
:1043900080E895E2A0E0B0E04091F0175091F1176D
:1043A0006091F2177091F317481759076A077B0756
:1043B00009F486CF8093F0179093F117A093F2172A
:1043C000B093F317BF93AF939F938F937F936F93A4
:1043D0005F934F931F930F93FF92EF920E94DD46DE
:1043E000C7010E946B0F909253150FB6F894DEBF71
:1043F0000FBECDBF65CF853389F0863349F680E0A7
:1044000094E8A3E0B0E0C8CF80E096E9A0E0B0E097
:10441000C3CF80E091EEA0E0B0E0BECF80E092ECB0
:10442000A1E0B0E0B9CF80E09BE4A0E0B0E0B4CF81
:1044300087E99CE00E94710F43CF9A3411F587ED14
:104440009EE00E94710F2DB73EB7275831090FB675
:10445000F8943EBF0FBE2DBFADB7BEB7119687E82B
:10446000E1EBF7E101900D928A95E1F70E94F012DD
:104470000FB6F894DEBF0FBECDBF87ED9EE00C9463
:104480004417973561F461EB77E190E080E00E949A
:104490006B11109253158BEA9CE00C9444179834DE
:1044A00011F00C942A2BDE0111964D01FE01EF57FD
:1044B000FF4FCD5ADE4FF983E883C355D14087EDD6
:1044C0009EE00E94710F86EE9CE00E94710F20908A
:1044D000D7173090D8174090D9175090DA176090BE
:1044E000DB177090DC17F091DD17CB5ADE4FF883A5
:1044F000C555D1402091DE17CA5ADE4F2883C655D4
:10450000D14060E4A62E72E4B72EEFE0CE2ED12C7F
:10451000E12CF12C00E010E09101A201B3018F2FFA
:10452000CA5ADE4F9881C655D1400E9469455F93B3
:104530004F933F932F939101A201B301CB5ADE4FCA
:104540008881C555D140CA5ADE4F9881C655D140A1
:104550000E946B455F934F933F932F9380E09DE0C4
:104560009F938F939F928F920E94DD46C4010E9479
:10457000710F2090DF173090E0174090E1175090B6
:10458000E2176090E3177090E417B091E517CB5AEB
:10459000DE4FB883C555D140E091E617CA5ADE4FC9
:1045A000E883C655D1409101A201B3018B2F9E2F04
:1045B0000E9469455F934F933F932F939101A2010E
:1045C000B301CB5ADE4F8881C555D140CA5ADE4F60
:1045D0009881C655D1400E946B455F934F933F939E
:1045E0002F932EE23DE03F932F939F928F920E9454
:1045F000DD46C4010E94710F809103188F93809152
:1046000002188F93809101188F93809100188F93D7
:104610008091FB178F938091FA178F938091F917F0
:104620008F938091F8178F93ABE5BDE0BF93AF9365
:104630009F928F920E94DD460FB6F894DEBF0FBEA8
:10464000CDBFC4010E94710F809113188F93809188
:1046500012188F93809111188F93809110188F9357
:1046600080910B188F9380910A188F93809109186D
:104670008F93809108188F9380E99DE09F938F938B
:104680009F928F920E94DD46C4010E94710F80911B
:1046900023188F93809122188F93809121188F93E4
:1046A000809120188F9380911B188F9380911A18F6
:1046B0008F93809119188F93809118188F93EEEB38
:1046C000FDE0FF93EF939F928F920E94DD46C4011D
:1046D0000E94710F809133188F93809132188F93BD
:1046E000809131188F93809130188F9380912B187F
:1046F0008F9380912A188F93809129188F9380919E
:1047000028188F938CEE9DE09F938F939F928F92AA
:104710000E94DD460FB6F894DEBF0FBECDBFC401C8
:104720000E94710F85EA99E00E94710F83ED99E074
:104730000E94710F8EE897E00E94710FC4010E94E1
:104740004F0D7C01C4010E947D0F8C01EF2809F4FC
:10475000B6CEDC018C919FEC980F923040F48133FF
:1047600019F486E19EE011CB8BE29EE00ECB082E81
:10477000000C990B0E94A946F80131969191903254
:10478000E9F3883409F057C0F8018181813309F0D9
:1047900057C18EEB97E00E94710FC4010E94A60DD5
:1047A000C4010E947D0FBE016F5B7E4F0E946102BB
:1047B000882309F440C0CF5BDE4F2880C154D1402C
:1047C000CE5BDE4F3880C254D140CD5BDE4F488097
:1047D000C354D140CC5BDE4F5880C454D140CB5B36
:1047E000DE4F6880C554D140CA5BDE4F7880C65426
:1047F000D140C95BDE4FF881C754D140CB5ADE4F60
:10480000F883C555D140C85BDE4F2881C854D140DC
:10481000CA5ADE4F2883C655D1409101A201B30187
:104820008F2FCA5ADE4F9881C655D140A0E00E9412
:104830009D4609F02CF48AEC97E00E94710FFBC0B2
:104840003091D717C95ADE4F3883C755D140809170
:10485000D817C85ADE4F8883C855D1409091D917D0
:10486000C75ADE4F9883C955D140A091DA17C65A6E
:10487000DE4FA883CA55D140B091DB17C55ADE4F31
:10488000B883CB55D140E091DC17C45ADE4FE883A2
:10489000CC55D140F091DD17C35ADE4FF883CD558A
:1048A000D1402091DE17C25ADE4F2883CE55D14029
:1048B0002092D7173092D8174092D9175092DA1712
:1048C0006092DB177092DC17CB5ADE4F3881C555EA
:1048D000D1403093DD17CA5ADE4F8881C655D1408A
:1048E0008093DE1730E4A32E42E4B42E5FE0C52EA1
:1048F000D12CE12CF12C00E010E09101A201B301D8
:10490000CB5ADE4F8881C555D140CA5ADE4F9881B7
:10491000C655D1400E9469455F934F933F932F93B3
:104920009101A201B301CB5ADE4F8881C555D14018
:10493000CA5ADE4F9881C655D1400E946B455F939D
:104940004F933F932F93C95ADE4F2881C755D140CB
:10495000C85ADE4F3881C855D140C75ADE4F48810A
:10496000C955D140C65ADE4F5881CA55D140C55AA3
:10497000DE4F6881CB55D140C45ADE4F7881CC558B
:10498000D140C35ADE4F8881CD55D140C25ADE4F47
:104990009881CE55D1400E9469455F934F933F93D4
:1049A0002F93C95ADE4F2881C755D140C85ADE4FD0
:1049B0003881C855D140C75ADE4F4881C955D140CA
:1049C000C65ADE4F5881CA55D140C55ADE4F68815C
:1049D000CB55D140C45ADE4F7881CC55D140C35A13
:1049E000DE4F8881CD55D140C25ADE4F9881CE55D9
:1049F000D1400E946B455F934F933F932F9384ED7B
:104A000097E09F938F93CC5ADE4F9881C455D14045
:104A10009F93CD5ADE4FA881C355D140AF930E94DA
:104A2000DD46CE018F579F4F0E94710F0FB6F8944D
:104A3000DEBF0FBECDBF87E695E10E940B073FCDDD
:104A4000823309F035C189EF97E00E94710FC401EC
:104A50000E94A60DC4010E947D0FBE016F5B7E4FB8
:104A60000E946102882309F4E6CECF5BDE4F2880E6
:104A7000C154D140CE5BDE4F3880C254D140CD5BB3
:104A8000DE4F4880C354D140CC5BDE4F5880C454C5
:104A9000D140CB5BDE4F6880C554D140CA5BDE4F4E
:104AA0007880C654D140C95BDE4FF881C754D140ED
:104AB000CB5ADE4FF883C555D140C85BDE4F288105
:104AC000C854D140CA5ADE4F2883C655D1409101FF
:104AD000A201B3018F2FCA5ADE4F9881C655D1402B
:104AE000A0E00E949D4609F00CF4A5CE3091DF179E
:104AF000C95ADE4F3883C755D1408091E017C85A54
:104B0000DE4F8883C855D1409091E117C75ADE4FD8
:104B10009883C955D140A091E217C65ADE4FA883A9
:104B2000CA55D140B091E317C55ADE4FB883CB5573
:104B3000D140E091E417C45ADE4FE883CC55D14010
:104B4000F091E517C35ADE4FF883CD55D14020913F
:104B5000E617C25ADE4F2883CE55D1402092DF1788
:104B60003092E0174092E1175092E2176092E317FB
:104B70007092E417CB5ADE4F3881C555D14030933F
:104B8000E517CA5ADE4F8881C655D1408093E61793
:104B900080E4A82E92E4B92E2FE0C22ED12CE12C75
:104BA000F12C00E010E09101A201B301CB5ADE4FDD
:104BB0008881C555D140CA5ADE4F9881C655D1402B
:104BC0000E9469455F934F933F932F939101A201F8
:104BD000B301CB5ADE4F8881C555D140CA5ADE4F4A
:104BE0009881C655D1400E946B455F934F933F9388
:104BF0002F93C95ADE4F2881C755D140C85ADE4F7E
:104C00003881C855D140C75ADE4F4881C955D14077
:104C1000C65ADE4F5881CA55D140C55ADE4F688109
:104C2000CB55D140C45ADE4F7881CC55D140C35AC0
:104C3000DE4F8881CD55D140C25ADE4F9881CE5586
:104C4000D1400E9469455F934F933F932F93C95A78
:104C5000DE4F2881C755D140C85ADE4F3881C8552C
:104C6000D140C75ADE4F4881C955D140C65ADE4FA0
:104C70005881CA55D140C55ADE4F6881CB55D140C5
:104C8000C45ADE4F7881CC55D140C35ADE4F88815B
:104C9000CD55D140C25ADE4F9881CE55D1400E94A9
:104CA0006B455F934F933F932F938BE39EE0A9CE89
:104CB000833309F034C187E398E00E94710FC40187
:104CC0000E94A60DC4010E947D0FCE5ADE4F1882AD
:104CD000C255D140CF5ADE4F1882C155D140C75B73
:104CE000DE4F1882C954D140C65BDE4F1882CA54C9
:104CF000D140C55BDE4F1882CB54D140C45BDE4F40
:104D00001882CC54D140C35BDE4F1882CD54D140C1
:104D1000C25BDE4F1882CE54D140C15BDE4F188299
:104D2000CF54D140C05BDE4F1882C055D140CF5B1D
:104D3000DE4F1882C154D140CE5BDE4F1882C25480
:104D4000D140CD5BDE4F1882C354D140CC5BDE4FE7
:104D50001882C454D140CB5BDE4F1882C554D14079
:104D6000CA5BDE4F1882C654D140C95BDE4F188241
:104D7000C754D140C85BDE4F1882C854D1408E0161
:104D80000F5B1E4F9E012F5A3E4FAE01475B5E4F99
:104D9000BE016E5A7E4F0E94E00F882309F44BCD6E
:104DA0008091F8179091F9172091FA173091FB171D
:104DB00040910018509101186091021870910318E9
:104DC000CE5ADE4FE881C255D140EE23C1F1C75B18
:104DD000DE4FE881C954D140E093F817C65BDE4F3F
:104DE000E881CA54D140E093F917C55BDE4FE881F2
:104DF000CB54D140E093FA17C45BDE4FE881CC542A
:104E0000D140E093FB17C35BDE4FE881CD54D14026
:104E1000E093FC17C25BDE4FE881CE54D140E093B3
:104E2000FD17C15BDE4FE881CF54D140E093FE1700
:104E3000C05BDE4FE881C055D140E093FF17CF5AE9
:104E4000DE4FE881C155D140EE23C1F1CF5BDE4F8B
:104E5000E881C154D140E0930018CE5BDE4FE88179
:104E6000C254D140E0930118CD5BDE4FE881C354BA
:104E7000D140E0930218CC5BDE4FE881C454D140AE
:104E8000E0930318CB5BDE4FE881C554D140E0933B
:104E90000418CA5BDE4FE881C654D140E093051880
:104EA000C95BDE4FE881C754D140E0930618C85B68
:104EB000DE4FE881C854D140E0930718E091031811
:104EC000EF93E0910218EF93E0910118EF93E091D6
:104ED0000018EF93E091FB17EF93E091FA17EF932F
:104EE000E091F917EF93E091F817EF937F936F93A9
:104EF0005F934F933F932F939F938F9388E498E012
:104F00009F938F93CC5ADE4FF881C455D140FF93C5
:104F1000CD5ADE4F2881C355D1402F9336C18433FB
:104F200009F044C187E398E00E94710FC4010E9418
:104F3000A60DC4010E947D0FCE5ADE4F1882C255C5
:104F4000D140CF5ADE4F1882C155D140C75BDE4FEA
:104F50001882C954D140C65BDE4F1882CA54D14072
:104F6000C55BDE4F1882CB54D140C45BDE4F188244
:104F7000CC54D140C35BDE4F1882CD54D140C25BCC
:104F8000DE4F1882CE54D140C15BDE4F1882CF5421
:104F9000D140C05BDE4F1882C055D140CF5BDE4FA1
:104FA0001882C154D140CE5BDE4F1882C254D1402A
:104FB000CD5BDE4F1882C354D140CC5BDE4F1882EC
:104FC000C454D140CB5BDE4F1882C554D140CA5B7C
:104FD000DE4F1882C654D140C95BDE4F1882C754D9
:104FE000D140C85BDE4F1882C854D1408E010F5BA0
:104FF0001E4F9E012F5A3E4FAE01475B5E4FBE01D2
:105000006E5A7E4F0E94E00F882309F414CC8091E1
:1050100008189091091820910A1830910B184091A6
:105020001018509111186091121870911318CE5ADF
:10503000DE4FE881C255D140EE23C1F1C75BDE4FA0
:10504000E881C954D140E0930818C65BDE4FE8817F
:10505000CA54D140E0930918C55BDE4FE881CB54B8
:10506000D140E0930A18C45BDE4FE881CC54D140B4
:10507000E0930B18C35BDE4FE881CD54D140E09341
:105080000C18C25BDE4FE881CE54D140E0930D187E
:10509000C15BDE4FE881CF54D140E0930E18C05B76
:1050A000DE4FE881C055D140E0930F18CF5ADE4F54
:1050B000E881C155D140EE23C1F1CF5BDE4FE881DD
:1050C000C154D140E0931018CE5BDE4FE881C2544A
:1050D000D140E0931118CD5BDE4FE881C354D1403D
:1050E000E0931218CC5BDE4FE881C454D140E093CA
:1050F0001318CB5BDE4FE881C554D140E093141800
:10510000CA5BDE4FE881C654D140E0931518C95BF5
:10511000DE4FE881C754D140E0931618C85BDE4FDC
:10512000E881C854D140E0931718E0911318EF9329
:10513000E0911218EF93E0911118EF93E09110189D
:10514000EF93E0910B18EF93E0910A18EF93E09141
:105150000918EF93E0910818EF937F936F935F9393
:105160004F933F932F939F938F9381E69EE09F935E
:105170008F93CC5ADE4F9881C455D1409F93CD5A1E
:10518000DE4FA881C355D140AF930E94DD46CE01CA
:105190008F579F4F0E94710F87E695E10E940B0782
:1051A0000FB6F894DEBF0FBECDBF89C9853309F0B5
:1051B00026C187E398E00E94710FC4010E94A60DEA
:1051C000C4010E947D0FCE5ADE4F1882C255D140D5
:1051D000CF5ADE4F1882C155D140C75BDE4F1882CF
:1051E000C954D140C65BDE4F1882CA54D140C55B5A
:1051F000DE4F1882CB54D140C45BDE4F1882CC54B2
:10520000D140C35BDE4F1882CD54D140C25BDE4F2C
:105210001882CE54D140C15BDE4F1882CF54D140AA
:10522000C05BDE4F1882C055D140CF5BDE4F188285
:10523000C154D140CE5BDE4F1882C254D140CD5B09
:10524000DE4F1882C354D140CC5BDE4F1882C45469
:10525000D140CB5BDE4F1882C554D140CA5BDE4FD4
:105260001882C654D140C95BDE4F1882C754D14062
:10527000C85BDE4F1882C854D1408E010F5B1E4FB1
:105280009E012F5A3E4FAE01475B5E4FBE016E5AE4
:105290007E4F0E94E00F882309F4CDCA8091181830
:1052A0009091191820911A1830911B1840912018CC
:1052B000509121186091221870912318CE5ADE4F18
:1052C000E881C255D140EE23C1F1C75BDE4FE881D2
:1052D000C954D140E0931818C65BDE4FE881CA5428
:1052E000D140E0931918C55BDE4FE881CB54D14023
:1052F000E0931A18C45BDE4FE881CC54D140E093B0
:105300001B18C35BDE4FE881CD54D140E0931C18DD
:10531000C25BDE4FE881CE54D140E0931D18C15BE3
:10532000DE4FE881CF54D140E0931E18C05BDE4FC2
:10533000E881C055D140E0931F18CF5ADE4FE88175
:10534000C155D140EE23C1F1CF5BDE4FE881C1549E
:10535000D140E0932018CE5BDE4FE881C254D140AB
:10536000E0932118CD5BDE4FE881C354D140E09338
:105370002218CC5BDE4FE881C454D140E09323185F
:10538000CB5BDE4FE881C554D140E0932418CA5B63
:10539000DE4FE881C654D140E0932518C95BDE4F4B
:1053A000E881C754D140E0932618C85BDE4FE881FE
:1053B000C854D140E0932718E0912318EF93E0916F
:1053C0002218EF93E0912118EF93E0912018EF93CA
:1053D000E0911B18EF93E0911A18EF93E0911918E0
:1053E000EF93E0911818EF937F936F935F934F9330
:1053F0003F932F939F938F9386E998E081CD8633D7
:1054000009F019CA87E398E00E94710FC4010E9455
:10541000A60DC4010E947D0FCE5ADE4F1882C255E0
:10542000D140CF5ADE4F1882C155D140C75BDE4F05
:105430001882C954D140C65BDE4F1882CA54D1408D
:10544000C55BDE4F1882CB54D140C45BDE4F18825F
:10545000CC54D140C35BDE4F1882CD54D140C25BE7
:10546000DE4F1882CE54D140C15BDE4F1882CF543C
:10547000D140C05BDE4F1882C055D140CF5BDE4FBC
:105480001882C154D140CE5BDE4F1882C254D14045
:10549000CD5BDE4F1882C354D140CC5BDE4F188207
:1054A000C454D140CB5BDE4F1882C554D140CA5B97
:1054B000DE4F1882C654D140C95BDE4F1882C754F4
:1054C000D140C85BDE4F1882C854D1408E010F5BBB
:1054D0001E4F9E012F5A3E4FAE01475B5E4FBE01ED
:1054E0006E5A7E4F0E94E00F882309F4A4C9809170
:1054F00028189091291820912A1830912B18409142
:105500003018509131186091321870913318CE5A7A
:10551000DE4FE881C255D140EE23C1F1C75BDE4FBB
:10552000E881C954D140E0932818C65BDE4FE8817A
:10553000CA54D140E0932918C55BDE4FE881CB54B3
:10554000D140E0932A18C45BDE4FE881CC54D140AF
:10555000E0932B18C35BDE4FE881CD54D140E0933C
:105560002C18C25BDE4FE881CE54D140E0932D1859
:10557000C15BDE4FE881CF54D140E0932E18C05B71
:10558000DE4FE881C055D140E0932F18CF5ADE4F4F
:10559000E881C155D140EE23C1F1CF5BDE4FE881F8
:1055A000C154D140E0933018CE5BDE4FE881C25445
:1055B000D140E0933118CD5BDE4FE881C354D14038
:1055C000E0933218CC5BDE4FE881C454D140E093C5
:1055D0003318CB5BDE4FE881C554D140E0933418DB
:1055E000CA5BDE4FE881C654D140E0933518C95BF1
:1055F000DE4FE881C754D140E0933618C85BDE4FD8
:10560000E881C854D140E0933718E0913318EF9304
:10561000E0913218EF93E0913118EF93E091301858
:10562000EF93E0912B18EF93E0912A18EF93E0911C
:105630002918EF93E0912818EF937F936F935F936E
:105640004F933F932F939F938F93ACEBB8E0BF930F
:10565000AF9358CC983589F589E89EE00E94710F88
:105660008AED9EE00E94710FCE0101960E94A60D68
:10567000CE0101960E947D0F62EF7EE00E94C5463A
:105680008C01892BB1F486EF9EE00E94710F6FEFC1
:10569000C8010E944E440F5F1F4F011590E119078A
:1056A000B1F782E19FE00E94710F81E08093521573
:1056B0000CC082E39FE00C944417913301F58CE415
:1056C0009FE00E94710F10925315CE59DE4F0FB616
:1056D000F894DEBF0FBECDBFDF91CF911F910F9128
:1056E000FF90EF90DF90CF90BF90AF909F908F9002
:1056F0007F906F905F904F903F902F9008959233DE
:1057000019F481E69FE0CFCF933319F486E89FE048
:10571000D8CF943329F40E948A1183EB9FE0C3CF42
:1057200085ED9FE00C9444172F923F924F925F9229
:105730006F927F928F929F92AF92BF92CF92DF92A1
:10574000EF92FF920F931F93CF93DF93CDB7DEB706
:10575000C85CD1090FB6F894DEBF0FBECDBF60E0C4
:1057600082E10E94B10461E08CE00E94B10461E03A
:105770008DE00E94B10461E082E40E94B10461E026
:1057800083E40E94B10461E081E40E94B10480914D
:1057900008018064809308018091080180618093F2
:1057A00008018091080180688093080180910801B8
:1057B000806280930801BE016F577F4F80EF9FE0AA
:1057C0000E94D112BE016F5F7F4F84EF9FE00E9465
:1057D000D112CF57DF4F88819981AA81BB81C158EF
:1057E000D0408F3F0FEF9007A007B00709F092C09D
:1057F00089819A81AB81BC818F3F9F4FAF4FBF4F53
:1058000009F095C089EE9FE00E94540F86E30E9444
:10581000E204BC01990F880B990B61157105810594
:10582000910511F00E9429440E94DA432FEF3FEFC7
:1058300040E050E00E945C44CF57DF4F688379839B
:105840008A839B83C158D04089E30E94E204BC0153
:10585000990F880B990B611571058105910511F060
:105860000E9429440E94DA432FEF3FEF40E050E0CE
:105870000E945C4469837A838B839C83BE016F574B
:105880007F4F80EF9FE00E944C11BE016F5F7F4F02
:1058900084EF9FE00E944C118C818F938B818F93BA
:1058A0008A818F9389818F93CC57DF4F8881C45829
:1058B000D0408F93CD57DF4F8881C358D0408F930E
:1058C000CE57DF4F8881C258D0408F93CF57DF4FDC
:1058D0008881C158D0408F938EE090E19F938F9341
:1058E00084E595E19F938F930E94DD4689EB92E0DA
:1058F0000E94640F84E595E10E94540F6CE47DE101
:1059000080E090E00E941E050FB6F894DEBF0FBE47
:10591000CDBF0DC0892B8A2B8B2B49F489819A81AD
:10592000AB81BC81892B8A2B8B2B09F46BCF8C81AB
:105930008F938B818F938A818F9389818F93CC579B
:10594000DF4F8881C458D0408F93CD57DF4F888177
:10595000C358D0408F93CE57DF4F8881C258D04074
:105960008F93CF57DF4F8881C158D0408F938EE0FF
:1059700090E19F938F9384E595E19F938F930E948D
:10598000DD4690E080E00E9446440FB6F894DEBF0A
:105990000FBECDBF8C30C1F00E942B0760E072ECCF
:1059A00081E090E00E94DD016CED75E080E090E028
:1059B0000E941E0587E695E10E940B0789E190E1B0
:1059C0000E94540F0E948A1171EBE72E77E1F72EA7
:1059D00010E000E0C8010E944644D7018D937D018C
:1059E0000F5F1F4F07381105A9F70E942B07609121
:1059F000F0177091F1178091F2179091F3170E94B0
:105A0000DD016CED75E080E090E00E941E0587E608
:105A100095E10E940B079FB7F894809104158823A5
:105A200019F081508093041580910415811105C0EF
:105A30008CB58F7B8CBD109266159FBF1FB7F894F5
:105A400080910415811127C0E4EBF2E08491EAEF24
:105A5000F2E09491E82FF0E0EE0FFF1FEF5CFD4FB6
:105A6000A591B491EC91E92321F461E085E30E94D2
:105A7000830461E085E30E94B1048CB580618CBD34
:105A80008CB580648CBD61E084E30E94B10461E068
:105A900083E30E94B104809104158F5F8093041505
:105AA0001FBF86E692E00E94540F8EE390E10E94B1
:105AB000540F8FE590E10E94540F86E692E00E9419
:105AC000540F8FE890E10E94540F85EA90E10E9404
:105AD000540FEDB7FEB7E758F1090FB6F894FEBFC3
:105AE0000FBEEDBFADB7BEB7119687E8E1EBF7E1AA
:105AF00001900D928A95E1F70E94F0120FB6F8948A
:105B0000DEBF0FBECDBF8FE890E10E94540F86E646
:105B100092E00E94540F80910F15811122C28CEBEC
:105B200090E10E94540F86E692E00E94640F07E025
:105B300010E06AEF70E080E090E00E941E058EE2C7
:105B40000E94060787E695E10E948106892B99F558
:105B50006AEF70E080E090E00E941E058EE20E94F5
:105B6000060787E695E10E948106892B21F56AEFF9
:105B700070E080E090E00E941E058EE20E94060721
:105B800087E695E10E948106892BA9F46AEF70E00F
:105B900080E090E00E941E058EE20E94060787E6E4
:105BA00095E10E948106892B31F40150110909F019
:105BB000C0CF10E001C011E00E94000F87E695E120
:105BC0000E948106892B29F087E695E10E945F06F5
:105BD000F5CF11110E94E714A090D717B090D817F5
:105BE000C090D917D090DA17E090DB17F090DC174F
:105BF0000091DD171091DE1720E030E145EA54ED09
:105C000068EE70E080E090E00E946B4520930715FD
:105C1000309308154093091550930A1560930B159E
:105C200070930C1580930D1590930E158091DF17CE
:105C300080932B158091E01780932C158091E117AC
:105C400080932D158091E21780932E158091E31794
:105C500080932F158091E417809330158091E5177C
:105C6000809331158091E617809332154090E717A5
:105C70005090E817C955DF4F59824882C75AD04023
:105C8000509206154092051523E1222E27E1322E6F
:105C900033ED832E36E1932E48EF642E47E1742EC8
:105CA00006EF17E1CD55DF4F19830883C35AD04063
:105CB0005BE8452E56E1552EC556DF4F19821882F6
:105CC000CB59D040D201DB961C92F201FB96118297
:105CD00012821382148215821682178293E9C92ECA
:105CE000C556DF4FE881F981CB59D040CE9ED00117
:105CF000CF9EB00D1124A557B94EFD013B961B96C2
:105D00001C921182128213821482158216821782CB
:105D1000D2019B961C929B979C961C929C979D9659
:105D20001C929D979E961C929E979F961C929F9761
:105D3000D0961C92D097D1961C92D197D2961C9255
:105D4000F40110821182128213821482158216824B
:105D5000178210861186128613861486158616867B
:105D60001786108A118A128A138A148A158A168A4B
:105D7000178A10AE11AE12AE13AE14AE15AE16AE3B
:105D800017AECD55DF4FE881F981C35AD0408191DC
:105D9000CD55DF4FF983E883C35AD040D10118961F
:105DA0008C93F3012081318142815381648175811B
:105DB00086819781F8E06F0E711CD40158962C9360
:105DC000589759963C9359975A964C935A975B9685
:105DD0005C935B975C966C935C975D967C935D9708
:105DE0005E968C935E975F969C93D3011896EC9188
:105DF000D4019096EC93D3011996EC91D40191962D
:105E0000EC93D3011A96EC91D4019296EC93D301C2
:105E10001B96EC91D4019396EC93D3011C96EC91D4
:105E2000D4019496EC93D3011D96EC91D4019596F0
:105E3000EC93D3011E96EC91D4019696EC93D3018A
:105E40001F96EC91D4019796EC93D3015896EC9160
:105E5000D4019896EC93D3015996EC91D40199967C
:105E6000EC93D3015A96EC91D4019A96EC93D3011A
:105E70005B96EC91D4019B96EC93D3015C96EC91EC
:105E8000D4019C96EC93D3015D96EC91D4019D9640
:105E9000EC93D3015E96EC91D4019E96EC93D301E2
:105EA0005F96EC91D4019F96EC939F97F301A0A489
:105EB000B1A4C2A4D3A4E4A4F5A406A517A50E9486
:105EC0007646D0962C93D097D1963C93D197D29684
:105ED0004C93D297D3965C93D397D4966C93D497E4
:105EE000D5967C93D597D6968C93D697D7969C9338
:105EF000D1011D921D921D921C921397F1011482E3
:105F000015821682178260E0D2018C910E94830470
:105F100065E070E080E090E00E941E0561E0F20123
:105F200080810E94830465E070E080E090E00E9440
:105F30001E05C955DF4F08811981C75AD04080E43A
:105F40000A30110549F080EC0832110529F080E88B
:105F50000230110509F480E0D1011A968C9311E00A
:105F60000FC010920F1538CE21E030E0C556DF4F3C
:105F700039832883CB59D040A5CE112339F010E0C6
:105F800082E10E945A04892BC1F3E9CFF1014285D5
:105F900061E0C2010E94FD0847E063E0C2010E9487
:105FA000FD084091E91766E0C2010E94FD0840E04B
:105FB00067E0C2010E94FD08D20112968C918033E5
:105FC00009F069C08091F417863409F069C088E04F
:105FD0008368F1018187C2010E948A09C2010E947F
:105FE0003709F3E94F0E511C03E9800E911C13E9A8
:105FF000210E311CC556DF4F28813981CB59D04045
:106000002130310509F0B0CF0E94AB098091EF1724
:10601000803509F091C060ED77E080E090E00E946B
:106020001E0561E08EE30E94B10460E08EE30E94F1
:10603000830468EE73E080E090E00E941E0582E138
:106040000E945A0421E0892B09F420E002E010E0CC
:10605000E22EF12C8FE0C82ED12C82E10E945A044E
:106060008E159F05F9F4C6010197F1F70333110569
:10607000A0F70F5F1F4F0233110579F786E692E014
:106080000E94540F86E692E00E94540F81EE90E148
:106090000E94540FE2CF813319F48091F51794CF09
:1060A00080E096CF61E08EE30E9483048EE30E943D
:1060B0005A04892BD9F3109241151092421510926F
:1060C00043151092441510924515109246151092E2
:1060D00047151092481542E06EED7DE082E10E9486
:1060E000020E43E063EC7DE082E00E94020E43E09A
:1060F00068EA7DE083E00E94020E60E08EE30E9489
:10610000830460E08EE30E94B10486E692E00E9480
:10611000540FE091D517E73008F040C0F0E0882731
:10612000EB56FF4C8F4F0C94CF44A930B830BB30A6
:10613000BE30C130C430043186E692E00E94540F74
:1061400086E692E00E94540F8BE091E10E94540F8A
:10615000ADCF87E391E10E94640F8091ED1790919C
:10616000EE170E94DA0F82E591E10E94540F16C0EB
:1061700083E691E1F0CF87E891E1EDCF8FE991E1FE
:10618000EACF84ED91E1F1CF89E092E10E94540FD2
:1061900083E392E10E94540F0E94000F8091080156
:1061A0008F7B80930801809108018F7E8093080186
:1061B000809108018F7780930801809108018F7D7D
:1061C0008093080180910801877F80930801AE01C8
:1061D000445F5F4FC756DF4F59834883C959D0404A
:1061E00087E695E10E945F06839789F481E08093BA
:1061F000401587E695E10E948106892B41F087E6EC
:1062000095E10E945F06F5CF8AE892E1AECF8091DA
:106210000002882391F110923C1510923D151092C6
:106220003E1510923F1570914115609142155091A5
:106230004315409144153091451520914615909194
:106240004715809148157093341560933515509318
:1062500036154093371530933815209339159093A0
:106260003A1580933B15109233151092000264E6A4
:1062700070E080E090E00E941E050E94F904009109
:106280003C1510913D1520913E1530913F152B0185
:106290003C01401A510A620A730A930182010B3FC2
:1062A00011052105310508F452C060933C15709327
:1062B0003D1580933E1590933F15F89450904115ED
:1062C000609042157090431580904415909045154C
:1062D000B0914615A0914715F091481578942091FA
:1062E0003415309135154091361550913715609120
:1062F00038157091391580913A1590913B15A52C60
:10630000B62CC72CD82CE92CFB2E0A2F1F2FE0917E
:1063100033150E94944609F40CC4E11108C0809121
:10632000080188608093080181E0809333155092C2
:10633000341560923515709236158092371590920B
:106340003815B0933915A0933A15F0933B15B3ED7A
:106350002B2EB6E13B2E1BE8812E16E1912EC9555E
:10636000DF4F19821882C75AD040D40115968C91FC
:106370000E945A04892B09F099C4C955DF4F4880FF
:106380005980C75AD04080910801452809F017C4A8
:1063900080648093080180910801806180930801E6
:1063A000D4019B968C919B97D3968C93D3979C9674
:1063B0008C919C97D4968C93D4979D968C919D9715
:1063C000D5968C93D5979E968C919E97D6968C93C6
:1063D000D6979F968C919F97D7968C93D797D09668
:1063E0008C91D097D8968C93D897D1968C91D19741
:1063F000D9968C93D997D2968C91D297DA968C9322
:106400008CE0F101D1011C9601900D928A95E1F783
:1064100060E1C4010E944509F401638B748B858B94
:10642000968B62E1C4010E944509D40157966D9391
:106430007D938D939C935A9761E1C4010E94450915
:10644000F401678F70A381A392A36BE1C4010E9442
:106450004509D40193966D937D938D939C93969764
:106460006CE1C4010E944509C355DF4F68837983FD
:106470008A839B83CD5AD040F40167A370A781A77C
:1064800092A74388548865887688CF54DF4F488226
:1064900059826A827B82C15BD0400789108DC18C92
:1064A000B28C478C50A061A072A023A134A145A159
:1064B00056A1C354DF4F288339834A835B83CD5B66
:1064C000D040F101D0A4E1A4F2A4E3A5D1019C96AF
:1064D0006C919C979D967C919D972D2D3E2D4F2DD7
:1064E0005E2F9E968C919E979F969C91A0E00E9415
:1064F0009D4609F06BC3CB53DF4F0883C55CD0408A
:10650000CA53DF4F1883C65CD040C953DF4FC882DF
:10651000C75CD040C853DF4FB882C85CD040A09061
:106520000715B0900815C0900915D0900A15E09095
:106530000B15F0900C1500910D1510910E15A3017F
:106540009201B501C6010E94BF44D101D0964D9081
:106550005D906D907C90D3979B01AC012419350917
:1065600046095709C755DF4F288339834A835B8320
:10657000C95AD04090963C919097C556DF4F3883CA
:10658000CB59D04091964C919197C456DF4F488398
:10659000CC59D04092965C919297C356DF4F588366
:1065A000CD59D04093966C919397C256DF4F688334
:1065B000CE59D04094968C919497C156DF4F8883E2
:1065C000CF59D04095969C919597C056DF4F9883B0
:1065D000C05AD0409696AC91CF55DF4FA883C15A90
:1065E000D040F101F7A1CE55DF4FF883C25AD04019
:1065F000809105159091061501972C01990F660859
:106600007708CD55DF4F488259826A827B82C35A10
:10661000D04045284628472861F4412C512C3201AE
:106620004394CD55DF4F488259826A827B82C35A98
:10663000D040CF54DF4F88819981AA81BB81C15B53
:10664000D040CB53DF4F488059806A807B80C55C47
:10665000D04084199509A609B7092C013D01770C92
:106660004408542C32019C01AD01642D742D842DFD
:10667000942D0E94D744CB54DF4F2883C55BD04074
:10668000CA54DF4F3883C65BD040C954DF4F4883BC
:10669000C75BD040C854DF4F5883C85BD040C75455
:1066A000DF4F6883C95BD040C654DF4F7883CA5B35
:1066B000D040C554DF4F8883CB5BD040C454DF4FFC
:1066C0009883CC5BD04059016A017B018C01A0E02A
:1066D0000E949D4609F450C1C355DF4F68817981FE
:1066E0008A819B81CD5AD040C354DF4F4880598066
:1066F0006A807B80CD5BD040641975098609970953
:1067000020E432E44FE050E0C556DF4FC880D98026
:10671000EA80FB80CB59D0402C193D094E095F0916
:106720000E942F4559016A017B018C01CD55DF4F35
:10673000688179818A819B81C35AD04022E030E010
:1067400040E050E00E945C4429013A01550F220BC1
:10675000322FA901C556DF4F288339834A835B83D3
:10676000CB59D0409501A601B701C8015201630180
:10677000C556DF4FE880CB59D040FE2C0E2D1E2D84
:106780000E947646CD55DF4F488059806A807B80D5
:10679000C35AD040770C4408542C3201CD55DF4FFA
:1067A000A880C35AD040CC55DF4FB880C45AD040DF
:1067B000CB55DF4FC880C55AD040CA55DF4FD8806F
:1067C000C65AD040E42CF42C042D142D0E946B45A5
:1067D000C556DF4F2883CB59D040CD55DF4F388386
:1067E000C35AD040C355DF4F4883CD5AD040CF5411
:1067F000DF4F5883C15BD0402B013C01A0E00E94D9
:106800009D4609F0CCF431E0C556DF4F3883CB59B3
:10681000D040CD55DF4F1882C35AD040C355DF4F0B
:106820001882CD5AD040CF54DF4F1882C15BD04080
:10683000412C512C612C712CA0E4AA2EB2E4BB2E69
:106840001FE0C12ED12CE12CF12C00E010E0CB5444
:10685000DF4F2881C55BD040CA54DF4F3881C65B0B
:10686000D040C954DF4F4881C75BD040C854DF4F88
:106870005881C85BD040C754DF4F6881C95BD040A6
:10688000C654DF4F7881CA5BD040C554DF4F888142
:10689000CB5BD040C454DF4F9881CC5BD0400E948A
:1068A000D744CB54DF4F2883C55BD040CA54DF4F59
:1068B0003883C65BD040C954DF4F4883C75BD040A4
:1068C000C854DF4F5883C85BD040B62FA72FF82F8E
:1068D000E92FC556DF4F2881CB59D040CD55DF4F2A
:1068E0003881C35AD040C355DF4F4881CD5AD0407C
:1068F000CF54DF4F5881C15BD040B201C30101E0EA
:106900000E94594659016A017B018C01CB54DF4F2B
:106910002881C55BD040CA54DF4F3881C65BD04068
:10692000C954DF4F4881C75BD040C854DF4F5881FE
:10693000C85BD0406B2F7A2F8F2F9E2F0E947646F8
:10694000C556DF4FA880CB59D040CD55DF4FB8801A
:10695000C35AD040C355DF4FC880CD5AD040CF5422
:10696000DF4FD880C15BD040720183010E946B452C
:1069700059016A017B018C01C755DF4F488059805E
:106980006A807B80C95AD040770C4408542C32016D
:10699000C755DF4F2881C95AD040C655DF4F3881CF
:1069A000CA5AD040C555DF4F4881CB5AD040C45554
:1069B000DF4F5881CC5AD040642D742D842D942DF6
:1069C0000E947646F22FF32E8A01B62FA72F6C0174
:1069D000203E34474A4F55406105710581059105B8
:1069E00051F04CF0F0EEE4E7FE2E0AEF15E0B0E0D7
:1069F000A0E0C12CD12CEF2E9701A8016B2F7A2F8C
:106A0000C601203E334944405105610571058105A9
:106A1000910554F460EEE62E73E9F72E04E010E0E1
:106A2000B0E0A0E0C12CD12CF401E3A6F4A605A7A8
:106A300016A7B7A7A0ABC1AAD2AAED5BFF4FE08211
:106A4000F18202831383C4010E948A09D4019B96B8
:106A50001C919B979C960C919C979D96FC909D9762
:106A60009E96EC90C4010E943709C955DF4F4880BB
:106A70005980C75AD04080910801452811F00C94E4
:106A8000093F8F7B80930801809108018F7E80935E
:106A900008018091D517853009F095C19801C7018B
:106AA000F89453E9C52EC955DF4F68807980C75ADD
:106AB000D040C69CD001C79CB00D1124A557B94E3B
:106AC000FD013B961B960C911181B281A3814481FB
:106AD000458146814781AD017894E5E5E983EAEA9D
:106AE000EA83F401E057FF4FE081EB830C831D83C1
:106AF0005E834F83388729879A87EB86FE0133961A
:106B000080E0C756DF4F48805980C959D040E4150E
:106B1000F50509F472C09191892798E0282F30E09B
:106B20003595279580FF67C08CE882279150B1F793
:106B3000E8CFEE2309F40BCC80910801877F809386
:106B4000080187EA92E10E94540F80EC92E10E94D2
:106B5000540F1092331587E695E10E948106892B28
:106B600039F46AE070E080E090E00E941E05F3CF07
:106B700087E695E10E945F06C853DF4F0FB6F89491
:106B8000DEBF0FBECDBFDF91CF911F910F91FF9060
:106B9000EF90DF90CF90BF90AF909F908F907F90BD
:106BA0006F905F904F903F902F90089501E010E01C
:106BB000C955DF4F19830883C75AD040D6CB8068A8
:106BC00080930801809108018062E8CBCB53DF4FAE
:106BD000D882C55CD040CA53DF4FE882C65CD04043
:106BE000C953DF4FF882C75CD040C853DF4FE883FA
:106BF000C85CD04094CC822F99CF8C8787E695E1F2
:106C00000E9450060C97D4F34CE050E0BE016F5F39
:106C10007F4F87E695E10E94500503E9C02EC955D4
:106C2000DF4F68807980C75AD040C69CD001C79C8E
:106C3000B00D1124A557B94EFD013B961B967C91D2
:106C40006181528143813481258196818781D1017F
:106C5000D8967C93D897D9966C93D997DA965C930B
:106C6000DA97DB964C93DB97DC963C93DC97DD96CA
:106C70002C93DD97DE969C93DE97DF968C93F40140
:106C800023ADFB9631814281538164817581868178
:106C90009781A1E00E947F46D401DB962C9331833B
:106CA000428353836483758386839783F3E98F0ECE
:106CB000911C03E9200E311CC955DF4F2881398111
:106CC000C75AD0402130310509F070CF8091D517D7
:106CD0008111F5C4EBE8EE2EE6E1FE2E10E000E0B7
:106CE000F3E9DF2EADE0CA2ED09EF001D19EF00D6B
:106CF0001124EE52F94E8081882371F1D701DB9681
:106D00002C91F701FB963181428153816481758119
:106D100086819781A2E00E949D46F1F0ECF080917F
:106D20002A15823088F4C89E90011124205F3A4EC3
:106D30009CE03D96D90101900D929A95E1F7F901F9
:106D400004878F5F80932A15D09EF001D19EF00DAD
:106D50001124EE52F94E1082F3E9EF0EF11C0130CE
:106D6000110509F095C480912A15823009F0A7C455
:106D70008091D61781118FC4E0911C15EE2309F480
:106D80009AC5E13059F4809129154DE155E170E142
:106D9000E72E75E1F72E882309F498C503E9E09FF3
:106DA000F0011124E55EF84E108101E0212F40E151
:106DB00055E160E470E0CE0101960E94E109212FC7
:106DC0004DE155E18FC5F89413E9612EC955DF4FA8
:106DD00048805980C75AD040649CD001659CB00D52
:106DE0001124A557B94EFD013B961B962C9131817C
:106DF000428153816481758186819781D101D896C2
:106E0000AC90D897D996BC90D997DA96CC90DA976F
:106E1000DB96DC90DB97DC96EC90DC97DD96FC90C3
:106E2000DD97DE960C91DE97DF961C9178940E9498
:106E30008B46A0902B15B0902C15C0902D15D0909E
:106E40002E15E0902F15F09030150091311510910E
:106E500032150E94D744F401A3A4B4A4C5A4D6A4B7
:106E6000E7A4F0A801A912A90E948B46A3A8B4A880
:106E7000C5A8D6A8E7A8F0AC01AD12AD0E94764631
:106E8000C556DF4F2883CB59D040CC53DF4F3883D2
:106E9000C45CD040F42FE52F2B013C01A0E00E9400
:106EA0009D460CF4D9C1D1011496AC901497159657
:106EB000BC9015971696CC9016971796DC9017975E
:106EC0001896EC9018971996FC9019971A960C91B1
:106ED0001A971B961C910E94764679018A012F3FD2
:106EE000EFE03E07E5EA4E07E4ED5E07E8EE6E07E9
:106EF00071058105910511F008F080C1F10124832D
:106F0000F58246831783608771878287938783E939
:106F1000682EC955DF4F48805980C75AD040649CBD
:106F2000F001659CF00D1124E557F94EDF011B9629
:106F3000738511966C91119712965C911297139626
:106F40004C91139714963C91149715962C91159784
:106F500016969C91169717968C91D101D8967C9392
:106F6000D897D9966C93D997DA965C93DA97DB9693
:106F70004C93DB97DC963C93DC97DD962C93DD9766
:106F8000DE969C93DE97DF968C93E95BFF4FB1E032
:106F9000B083F40123AD8401055C1F4FD801119625
:106FA0003C91119712964C91129713965C911397FE
:106FB00014966C91149715967C91159716968C9152
:106FC000169717969C91A1E00E947F4623AFF80187
:106FD0003183428353836483758386839783C4019B
:106FE0000E943709D401DB962C91F801318142814E
:106FF00053816481758186819781A2E00E949D46BC
:1070000009F00CF453CE8091D6178111FBC2809108
:10701000D517823009F40CC3843009F047CED4016F
:1070200056968C9156978F9355968C9155978F9332
:1070300054968C9154978F9353968C918F93E8EF3D
:10704000F2E1FF93EF9366246394712C6C0E7D1E26
:107050007F926F920E94DD468C01D4015A968C91EA
:107060005A978F9359968C9159978F9358968C91E4
:1070700058978F9357968C918F93E8EFF2E1FF9397
:10708000EF93C301800F911F9F938F930E94DD4662
:10709000080F191FD40192968C9192978F93919615
:1070A0008C9191978F9390968C9190978F935F96F8
:1070B0008C918F93E8EFF2E1FF93EF93C301800F80
:1070C000911F9F938F930E94DD46080F191FD401D3
:1070D00096968C9196978F9395968C9195978F9382
:1070E00094968C9194978F9393968C918F93E8EFCD
:1070F000F2E1FF93EF93C301800F911F9F938F9352
:107100000E94DD46080F191F0FB6F894DEBF0FBEB0
:10711000CDBFD4019A968C919A978F9399968C9122
:1071200099978F9398968C9198978F9397968C9127
:107130008F93E8EFF2E1FF93EF93C301800F911F6C
:107140009F938F930E94DD46AC01400F511FB30106
:1071500087E695E10E94500513E9C12EC955DF4F1E
:1071600068807980C75AD040C69CD001C79CB00DBA
:107170001124A557B94EFD013B961B962C913181E8
:107180004281538164817581868197810E947D054A
:1071900060E287E695E10E94B906D4019B962C91A6
:1071A0009B979C963C919C979D964C919D979E9603
:1071B0005C919E979F966C919F97D0967C91D0976B
:1071C000D1968C91D197D2969C910E947D0560E2D8
:1071D00087E695E10E94B90600E0F401E057FF4F11
:1071E0002081A10160E870E0CE0101960E94E109D2
:1071F0000FB6F894DEBF0FBECDBF58CD3051454A13
:10720000544D684E710981099109D10114962C934E
:10721000149715963C93159716964C9316971796B8
:107220005C93179718966C93189719967C931997F7
:107230001A968C931A971B969C931B978D919D91F0
:107240000D90BC91A02D0196A11DB11DF10180836F
:107250009183A283B3835BCEC556DF4F2881CB5980
:10726000D040CC53DF4F3881C45CD0400E94F945F8
:10727000C854DF4F2883C85BD040C754DF4F3883E2
:10728000C95BD040C654DF4F4883CA5BD040C55469
:10729000DF4F5883CB5BD040C454DF4F6883CC5B57
:1072A000D040C354DF4F7883CD5BD040CF53DF4F06
:1072B0008883C15CD040CE53DF4F9883C25CD040FE
:1072C000D1011496BC91CD55DF4FB883C35AD0403D
:1072D000D1011596BC91C755DF4FB883C95AD0402C
:1072E000D1011696BC91C355DF4FB883CD5AD0401B
:1072F000D1011796BC91CF54DF4FB883C15BD0400A
:10730000D1011896BC91CB54DF4FB883C55BD040F8
:10731000D1011996BC91CA54DF4FB883C65BD040E7
:10732000D1011A96BC91C954DF4FB883C75BD040D6
:10733000D1011B96BC91CD53DF4FB883C35CD040C5
:10734000CD55DF4F2881C35AD040C755DF4F388114
:10735000C95AD040C355DF4F4881CD5AD040CF5491
:10736000DF4F5881C15BD040CB54DF4F6881C55B94
:10737000D040CA54DF4F7881C65BD040C954DF4F3C
:107380008881C75BD0409B2FC854DF4FA880C85B63
:10739000D040C754DF4FB880C95BD040C654DF4FE0
:1073A000C880CA5BD040C554DF4FD880CB5BD0408B
:1073B000C454DF4FE880CC5BD040C354DF4FF8802B
:1073C000CD5BD040CF53DF4F0881C15CD040CE535E
:1073D000DF4F1881C25CD0400E949446F0F1C55640
:1073E000DF4F2881CB59D040CC53DF4F3881C45C6C
:1073F000D0404F2F5E2FB201C301CD55DF4FA88083
:10740000C35AD040C755DF4FB880C95AD040C35582
:10741000DF4FC880CD5AD040CF54DF4FD880C15BFA
:10742000D040CB54DF4FE880C55BD040CA54DF4F1B
:10743000F880C65BD040C954DF4F0881C75BD0409D
:107440001B2F0E947646F1012483358346835783A0
:1074500060877187828793875ACDC854DF4F288110
:10746000C85BD040C754DF4F3881C95BD040C65499
:10747000DF4F4881CA5BD040C554DF4F5881CB5B9A
:10748000D040C454DF4F6881CC5BD040C354DF4F41
:107490007881CD5BD040CF53DF4F8881C15CD04035
:1074A000CE53DF4F9881C25CD040CD55DF4FA880CE
:1074B000C35AD040C755DF4FB880C95AD040C355D2
:1074C000DF4FC880CD5AD040CF54DF4FD880C15B4A
:1074D000D040CB54DF4FE880C55BD040CA54DF4F6B
:1074E000F880C65BD040C954DF4F0881C75BD040ED
:1074F000CD53DF4F1881C35CD0400E948B46C556E8
:10750000DF4F2883CB59D040CD55DF4F3883C35A46
:10751000D0402A013B01C755DF4F8883C95AD0406C
:10752000C355DF4F9883CD5AD040A12C40E1B42EF3
:1075300055EAC52E64EDD62E78EEE72EF12C00E04C
:1075400010E0A201B3010E949C45A1E00E947F4689
:1075500059016A01F10180819181A281B3818A1967
:107560009B09AC09BD0980839183A283B383A12CBD
:10757000E0E1BE2EF5EACF2EA4EDDA2EB8EEEB2E2A
:10758000F12C00E010E0C556DF4F2881CB59D040E8
:10759000CD55DF4F3881C35AD040A201B301C75542
:1075A000DF4F8881C95AD040C355DF4F9881CD5AEB
:1075B000D0400E949A4559016A017B018C0120E06C
:1075C00030E145EA54ED68EE70E080E090E00E9422
:1075D0008B46D10114962C93149715963C931597CE
:1075E00016964C93169717965C93179718966C936C
:1075F000189719967C9319971A968C931A971B963D
:107600009C9385CC87E695E10E94810618161906A1
:107610000CF04CCB87E695E10E945F062091D617CF
:10762000022E000C330B8217930709F03FCBEFCCEF
:1076300003E9602EC955DF4F48805980C75AD040B2
:10764000649CC001659C900D11248C010E52194E52
:107650007801D8018C91882309F428CBA4014C5AD5
:107660005F4FB101CE018F579F4F0E94790700E015
:10767000F401E057FF4F2081AE014F575F4F60E4A8
:1076800070E0CE0101960E94E109F70110820ECB55
:1076900001E010E029CB87E695E10E9481061816EB
:1076A00019066CF487E695E10E945F062091D617D3
:1076B000022E000C330B8217930709F45DCB8091E7
:1076C000D2168823C9F1809165178823A9F12091EA
:1076D000C6163091C7164091C8165091C9166091D0
:1076E000CA167091CB168091CC169091CD16A2E05F
:1076F0000E949D4609F104F12091591730915A17C3
:1077000040915B1750915C1760915D1770915E1707
:1077100080915F17909160170E949D4669F064F018
:107720008091D6178111E7C08091D517813009F477
:10773000F8C0833009F40EC180914015882309F404
:1077400057C3109240158FEF92E10E94540F409161
:107750001C174E7F60E08BE896E10E94FD08409187
:10776000AF174E7F60E08EE197E10E94FD0885E251
:1077700093E10E94540F3FEDE32E36E1F32E0BE828
:1077800016E1D12CC12C43E9B42EC8010E948A090C
:10779000D701DD964C914E7F60E0C8010E94FD0844
:1077A0006AE070E080E090E00E941E05C8010E943F
:1077B0008A09C8010E943709F801138A148A158AB8
:1077C000168A178A108E118E128E138E148E158EB5
:1077D000168E178E10A211A212A213A214A215A225
:1077E00016A217A210A611A612A613A614A615A6D5
:1077F00016A617A610AA11AA12AA13AA14AA15AAA5
:1078000016AA17AA10AE11AE12AEED5BFF4F108292
:10781000118212821382BC9CF001BD9CF00D1124D8
:10782000EE52F94E1082F801E85BFF4F1082118290
:107830001282138234961082118212821382148271
:10784000158216821782F70110821182128213822A
:10785000148215821682178210861186128613866C
:1078600014A615A616A617A610AA11AA12AA13AA3C
:1078700014AA15AA16AA17AA10AE11AE12AE13AE0C
:107880000D561F4FF3E9EF0EF11CCA94CD2809F0F5
:1078900034C16AE070E080E090E00E941E0587E657
:1078A00095E10E948106892B09F42BC187E695E1B9
:1078B0000E945F06F4CF80912915813009F06ECACD
:1078C00040E155E16DE1E62E65E1F62E01E0209103
:1078D0001B1760E470E0CE0101960E94E10920913F
:1078E000AE17A70160E470E0CE0101960E94E109A5
:1078F00010922A15E4CE87E695E10E9481061816BB
:1079000019060CF019CF87E695E10E945F062091D9
:10791000D617022E000C330B8217930709F00CCFF9
:1079200003CF43ED56E166E677E1CE018F579F4FD7
:107930000E94790700E020E0AE014F575F4F60E4FE
:1079400070E0CE0101960E94E1091092D2161092C9
:107950006517F2CE01E020911B1743ED56E160E47C
:1079600070E0CE0101960E94E1092091AE1746E633
:1079700057E160E470E0CE0101960E94E10943ED19
:1079800056E166E677E1CE0183579F4F0E94790763
:10799000CF56DF4FA880C159D040CE56DF4FB880B8
:1079A000C259D040CD56DF4FC880C359D040CC56C5
:1079B000DF4FD880C459D040CB56DF4FE880C5593F
:1079C000D040CA56DF4FF880C659D040C956DF4F65
:1079D0000881C759D040C856DF4F1881C859D040D8
:1079E00040906617509067176090681770906917FD
:1079F000CF57DF4F488259826A827B82C158D0407C
:107A0000CB57DF4FA882C558D040CA57DF4FB88246
:107A1000C658D040C957DF4FC882C758D040C85752
:107A2000DF4FD882C858D040C757DF4FE882C958C7
:107A3000D040C657DF4FF882CA58D040C557DF4FF5
:107A40000883CB58D040C457DF4F1883CC58D04060
:107A5000C357DF4F88819981AA81BB81CD58D0401F
:107A6000B7FF48C09501A601B701C801A0E00E9478
:107A70009D4609F43FC020E030E145EA54ED68EE50
:107A800070E080E090E00E948B46CB57DF4F288368
:107A9000C558D040CA57DF4F3883C658D040C95761
:107AA000DF4F4883C758D040C857DF4F5883C85866
:107AB000D040C757DF4F6883C958D040C657DF4F03
:107AC0007883CA58D040C557DF4F8883CB58D04001
:107AD000C457DF4F9883CC58D04011E0411A510869
:107AE00061087108CF57DF4F488259826A827B82D2
:107AF000C158D04001E023E41FCFCC24C394D12C43
:107B000044CE87E8E1EBF7E1A4E0B6E101900D9205
:107B10008A95E1F7109253150E94E71487E695E1E4
:107B20000E948106892B29F087E695E10E945F0675
:107B3000F5CF0E94590C8823A9F086E593E10E94B5
:107B4000540F68EE73E080E090E00E941E050E94F2
:107B5000590C882309F43EC181E080930F1580936E
:107B600000020AC880915315882309F40FC18DE8DB
:107B700093E10E94540FA090D717B090D817C090EF
:107B8000D917D090DA17E090DB17F090DC1700914E
:107B9000DD171091DE1720E030E145EA54ED68EE84
:107BA00070E080E090E00E946B45209307153093D1
:107BB00008154093091550930A1560930B1570939F
:107BC0000C1580930D1590930E158091DF178093FF
:107BD0002B158091E01780932C158091E1178093ED
:107BE0002D158091E21780932E158091E3178093D5
:107BF0002F158091E417809330158091E5178093BD
:107C000031158091E617809332158091E717909196
:107C1000E81790930615809305150E94AB09EBEECB
:107C2000F6E188EF682E87E1782E230196EF892E02
:107C300097E1992ED4018D914D0180ABD2012C9109
:107C400011963C91119712964C91129713965C9154
:107C5000139714966C91149715967C911597169618
:107C60008C91169717969C91B8E04B0E511C20836F
:107C70003183428353836483758386839783D201E0
:107C800018961C911897108719961C9119971187AF
:107C90001A961C911A9712871B961C911B97138793
:107CA0001C961C911C9714871D961C911D97158777
:107CB0001E961C911E9716871F961C911F9717875B
:107CC00058961C915897108B59961C915997118B67
:107CD0005A961C915A97128B5B961C915B97138B4B
:107CE0005C961C915C97148B5D961C915D97158B2F
:107CF0005E961C915E97168B5F961C915F97178B13
:107D00009896AC9098979996BC9099979A96CC90A3
:107D10009A979B96DC909B979C96EC909C979D964F
:107D2000FC909D979E960C919E979F961C910E9409
:107D30007646208F318F428F538F648F758F868F59
:107D4000978FED56FF4F6814790409F073CF81EBDC
:107D500093E10E94540F89ED93E10E94540F86E64F
:107D600092E00E94540FE091D517E73008F0EFCE73
:107D7000F0E08827E154F14C8F4F0C94CF44C93E7A
:107D8000D83EDB3EDE3EE13EE43EE73E81EB93E162
:107D9000E4CF87E391E10E94640F8091ED17909109
:107DA000EE170E94DA0F82E591E10E94540FCFCEC8
:107DB00083E691E1F0CF87E891E1EDCF8FE991E1A2
:107DC000EACF84ED91E1F1CF8CE094E1EECF8AE847
:107DD00092E1EBCF8EE594E10E94540F8BE896E19F
:107DE0000E9437098EE197E10E94370910925315DE
:107DF00080915215882311F40C94F0301092521592
:107E000081E0809300028BE794E10E94540F0C9470
:107E1000BC358F7780930801809108018F7D0C9489
:107E200047351F920F920FB60F9211242F933F9355
:107E30008F939F93AF93BF9380914A1590914B1569
:107E4000A0914C15B0914D153091491523E0230FA9
:107E50002D3758F50196A11DB11D2093491580932A
:107E60004A1590934B15A0934C15B0934D158091E6
:107E70004E1590914F15A0915015B0915115019646
:107E8000A11DB11D80934E1590934F15A0935015D1
:107E9000B0935115BF91AF919F918F913F912F91C9
:107EA0000F900FBE0F901F90189526E8230F029693
:107EB000A11DB11DD2CF1F920F920FB60F921124A8
:107EC0000BB60F922F933F934F935F936F937F93D4
:107ED0008F939F93AF93BF93EF93FF9387E695E1C3
:107EE0000E949706FF91EF91BF91AF919F918F9163
:107EF0007F916F915F914F913F912F910F900BBEAA
:107F00000F900FBE0F901F9018951F920F920FB6F3
:107F10000F9211240BB60F922F938F939F93EF9391
:107F2000FF93E0917715F09178158081E0917D15B0
:107F3000F0917E1582FD1DC09081809180158F5F2C
:107F40008F7320918115821741F0E0918015F0E048
:107F5000E959FA4E958F80938015FF91EF919F918B
:107F60008F912F910F900BBE0F900FBE0F901F900F
:107F700018958081F2CF1F920F920FB60F921124A5
:107F80000BB60F922F933F934F935F936F937F9313
:107F90008F939F93AF93BF93CF93EF93FF93909162
:107FA0000601C09103158091021530910115292F0A
:107FB000209523238923822B20916D00C927C2237A
:107FC000C82390930315CC23C1F1C0FF05C0E091F5
:107FD000F114F091F2141995C1FF05C0E091F3146A
:107FE000F091F4141995C2FF05C0E091F514F091D9
:107FF000F6141995C3FF05C0E091F714F091F81439
:108000001995C4FF05C0E091F914F091FA1419957F
:10801000C5FF05C0E091FB14F091FC141995C6FF53
:1080200005C0E091FD14F091FE141995C7FF05C03D
:10803000E091FF14F09100151995FF91EF91CF9108
:10804000BF91AF919F918F917F916F915F914F9170
:108050003F912F910F900BBE0F900FBE0F901F906E
:1080600018951F920F920FB60F9211240BB60F9214
:108070002F933F934F935F936F937F938F939F9330
:10808000AF93BF93CF93EF93FF9390910301C09170
:10809000F0148091EF143091EE14292F20952323B2
:1080A0008923822B2091ED14C927C223C8239093E2
:1080B000F014CC2389F1C0FF05C0E091DF14F091EA
:1080C000E0141995C1FF05C0E091E114F091E214AC
:1080D0001995C2FF05C0E091E314F091E4141995DD
:1080E000C3FF05C0E091E514F091E6141995C4FFB3
:1080F00005C0E091E714F091E8141995C5FF05C09B
:10810000E091E914F091EA141995C6FF05C0E091D9
:10811000EB14F091EC141995FF91EF91CF91BF9171
:10812000AF919F918F917F916F915F914F913F910F
:108130002F910F900BBE0F900FBE0F901F901895B0
:108140001F920F920FB60F9211240BB60F922F931E
:108150003F934F935F936F937F938F939F93AF93CF
:10816000BF93CF93EF93FF9393B1C091DE148091AF
:10817000DD143091DC14292F209523238923822BB1
:1081800020916B00C927C223C8239093DE14CC230F
:10819000C1F1C0FF05C0E091CC14F091CD14199548
:1081A000C1FF05C0E091CE14F091CF141995C2FF24
:1081B00005C0E091D014F091D1141995C3FF05C00A
:1081C000E091D214F091D3141995C4FF05C0E09149
:1081D000D414F091D5141995C5FF05C0E091D614BB
:1081E000F091D7141995C6FF05C0E091D814F0910D
:1081F000D9141995C7FF05C0E091DA14F091DB148A
:108200001995FF91EF91CF91BF91AF919F918F9170
:108210007F916F915F914F913F912F910F900BBE86
:108220000F900FBE0F901F9018951F920F920FB6D0
:108230000F9211240BB60F922F933F934F935F939E
:108240006F937F938F939F93AF93BF93EF93FF931E
:10825000E091CA14F091CB141995FF91EF91BF9161
:10826000AF919F918F917F916F915F914F913F91CE
:108270002F910F900BBE0F900FBE0F901F9018956F
:108280001F920F920FB60F9211240BB60F922F93DD
:108290003F934F935F936F937F938F939F93AF938E
:1082A000BF93EF93FF93E091C814F091C91419950F
:1082B000FF91EF91BF91AF919F918F917F916F91BE
:1082C0005F914F913F912F910F900BBE0F900FBE7A
:1082D0000F901F9018951F920F920FB60F921124B6
:1082E0000BB60F922F933F934F935F936F937F93B0
:1082F0008F939F93AF93BF93EF93FF93E091C61437
:10830000F091C7141995FF91EF91BF91AF919F9193
:108310008F917F916F915F914F913F912F910F902E
:108320000BBE0F900FBE0F901F9018951F920F92CB
:108330000FB60F9211240BB60F922F933F934F93CA
:108340005F936F937F938F939F93AF93BF93EF93BD
:10835000FF93E091C414F091C5141995FF91EF912A
:10836000BF91AF919F918F917F916F915F914F914D
:108370003F912F910F900BBE0F900FBE0F901F904B
:1083800018951F920F920FB60F9211240BB60F92F1
:108390002F933F934F935F936F937F938F939F930D
:1083A000AF93BF93EF93FF93E091C214F091C31486
:1083B0001995FF91EF91BF91AF919F918F917F910F
:1083C0006F915F914F913F912F910F900BBE0F9046
:1083D0000FBE0F901F9018951F920F920FB60F921D
:1083E00011240BB60F922F933F934F935F936F938C
:1083F0007F938F939F93AF93BF93EF93FF93E091FE
:10840000C014F091C1141995FF91EF91BF91AF91F4
:108410009F918F917F916F915F914F913F912F919C
:108420000F900BBE0F900FBE0F901F9018951F92CC
:108430000F920FB60F9211240BB60F922F933F930A
:108440004F935F936F937F938F939F93AF93BF935C
:10845000EF93FF93E091BE14F091BF141995FF9133
:10846000EF91BF91AF919F918F917F916F915F91AC
:108470004F913F912F910F900BBE0F900FBE0F9019
:108480001F9018951F920F920FB60F9211240BB6E2
:108490000F922F933F934F935F936F937F938F939D
:1084A0009F93AF93BF93EF93FF93E091BC14F09130
:1084B000BD141995FF91EF91BF91AF919F918F914D
:1084C0007F916F915F914F913F912F910F900BBED4
:1084D0000F900FBE0F901F901895CF92DF92EF92E2
:1084E000FF920F931F93CF93DF93E7E6F5E113829B
:1084F000128288EE93E0A0E0B0E084839583A683A7
:10850000B78388E592E09183808385EC90E095873E
:10851000848784EC90E09787868780EC90E0918B4D
:10852000808B81EC90E0938B828B82EC90E0958B3A
:10853000848B86EC90E0978B868B118E128E138E37
:10854000148E8CE0809304168093B117CBE8D6E1AB
:1085500084E090E09983888380E38A8382E090E0DE
:108560009C838B838AE090E09E838D8386E090E0FD
:1085700098878F8384E490E09A87898761E084E01C
:108580000E94B10460E08D810E94B10461E08F819E
:108590000E94B10460E08B810E94B10461E0898592
:1085A0000E94B10485E090E090931F1780931E17FE
:1085B00081E38093201701E217E183E090E0F80166
:1085C0009183808383E2C82E87E1D82E8BE090E0F0
:1085D000F6019183808395E2E92E97E1F92E87E0F9
:1085E00090E0F70191838083C7E2D7E185E490E0D2
:1085F0009983888361E085E00E94B10460E0F60120
:1086000080810E94B10461E0F70180810E94B10481
:1086100060E0F80180810E94B10461E08881DF910F
:10862000CF911F910F91FF90EF90DF90CF900C941E
:10863000B104789484B5826084BD84B5816084BDC2
:1086400085B5826085BD85B5816085BD80916E00F0
:10865000816080936E001092810080918100826021
:10866000809381008091810081608093810080915E
:1086700080008160809380008091B100846080934D
:10868000B1008091B00081608093B0008091910032
:10869000826080939100809191008160809391002D
:1086A000809190008160809390008091A100826011
:1086B0008093A1008091A10081608093A1008091AE
:1086C000A00081608093A00080912101826080934E
:1086D00021018091210181608093210180912001FD
:1086E00081608093200180917A00846080937A0079
:1086F00080917A00826080937A0080917A00816014
:1087000080937A0080917A00806880937A0010923A
:10871000C1000E94942B0E944807FBCF8F929F922A
:10872000AF92BF92CF92DF92EF92FF92CF93DF93FF
:10873000EC01688179818A819B81611571058105D0
:10874000910521F464E279ED8BE597E02DE133EFBB
:1087500041E050E00E945C4449015A019B01AC0198
:10876000A7EAB1E40E947B446B017C01ACEEB4EF5C
:10877000A50194010E948944C60ED71EE81EF91E69
:10878000F7FE06C081E0C81AD108E10880E8F80ABF
:10879000C882D982EA82FB82C701B6019F77DF9146
:1087A000CF91FF90EF90DF90CF90BF90AF909F90D0
:1087B0008F9008958F929F92AF92BF92CF92DF9247
:1087C000EF92FF9260910302709104028091050282
:1087D00090910602611571058105910521F464E20D
:1087E00079ED8BE597E02DE133EF41E050E00E9419
:1087F0005C4449015A019B01AC01A7EAB1E40E9423
:108800007B446B017C01ACEEB4EFA50194010E94A6
:108810008944C60ED71EE81EF91EF7FE06C081E089
:10882000C81AD108E10880E8F80AC0920302D09281
:108830000402E0920502F0920602C701B6019F779A
:10884000FF90EF90DF90CF90BF90AF909F908F9070
:10885000089560930302709304028093050290933D
:1088600006020895DC01FB014150504058F049F0E8
:1088700001900D920020C1F7E61BF70B3197CF0155
:1088800008951C9201900020E9F7F6CFF999FECFE8
:1088900092BD81BDF89A992780B50895262FF99940
:1088A000FECF1FBA92BD81BD20BD0FB6F894FA9AD3
:1088B000F99A0FBE01960895052E97FB1EF40094B9
:1088C0000E94734457FD07D00E948E4407FC03D0DA
:1088D0004EF40C94734450954095309521953F4F3C
:1088E0004F4F5F4F089590958095709561957F4F9C
:1088F0008F4F9F4F08950E94B044A59F900DB49F45
:10890000900DA49F800D911D11240895B7FF0C9424
:108910007B440E947B44821B930B0895A1E21A2E94
:10892000AA1BBB1BFD010DC0AA1FBB1FEE1FFF1F13
:10893000A217B307E407F50720F0A21BB30BE40B63
:10894000F50B661F771F881F991F1A9469F76095AA
:108950007095809590959B01AC01BD01CF01089564
:10896000A29FB001B39FC001A39F700D811D112470
:10897000911DB29F700D811D1124911D0895DB0181
:108980008F939F930E947B44BF91AF91A29F800DD4
:10899000911DA39F900DB29F900D11240895EE0F8D
:1089A000FF1F881F8BBF0790F691E02D1994DF936E
:1089B000CF931F930F939A9DF02D219FF00D8B9DC8
:1089C000F00D8A9DE02DF10D039FF00D029FE00D4B
:1089D000F11D4E9DE00DF11D5E9DF00D4F9DF00DC2
:1089E0007F936F93BF92AF925F934F93D5010E9495
:1089F000B0448B01AC01D7010E94B044EB01E80FF9
:108A0000F91FD6010E9426452F913F91D6010E9461
:108A1000B044C60FD71FE81FF91FAF91BF910E9446
:108A200026452F913F910E94B044C60FD71FE81FE3
:108A3000F91FD6010E94B044E60FF71F9801BE014E
:108A4000CF010F911F91CF91DF9108950E94B04403
:108A5000460F571FC81FD91F08F43196089597FB7A
:108A600057FF0C943F459F938F930E943F456E1B89
:108A70007F0BAF91BF918A0B9B0B0895E894DF9316
:108A8000CF93FC01DB010E94B0447F936F93E90117
:108A90009A01AC01BF93AF933F932F93DF010E94E4
:108AA000B04426F46C1B7D0B820B930B9E01EB01F3
:108AB000FC010E942645AF91BF912F913F910E94EA
:108AC0002645BE01CF01F9012F913F91CF91DF9152
:108AD0000895689401C0E894F92FF12B12F00C94DA
:108AE0009D45A0E0B0E0E7E7F5E40C940F46092EC1
:108AF000059422F40E94F945112392F4F0E80F2620
:108B0000FFEFE094F09400951095B094C094D09449
:108B1000A194BF0ACF0ADF0AEF0AFF0A0F0B1F0B4F
:108B20000E94A84507FC0E94F945CDB7DEB7ECE0EE
:108B30000C942B46689401C0E8948F929F92CF9337
:108B4000DF930E94A845DF91CF919F908F90089569
:108B500088249924F401E401B0E49F93AA279A158C
:108B60008B049C04ED05FE05CF05D007A10798F402
:108B7000AD2FDC2FCF2FFE2FE92D982C892E982F8B
:108B8000872F762F652F542F432F322F2227B8504F
:108B900031F7BF9127C01B2EBF91BB27220F331F78
:108BA000441F551F661F771F881F991F881C991C1B
:108BB000EE1FFF1FCC1FDD1FAA1FBB1F8A149B04C3
:108BC000EC05FD05CE05DF05A007B10748F08A18C2
:108BD0009B08EC09FD09CE09DF09A00BB10B216050
:108BE0001A94E1F62EF49401AF01BE01CD01000C00
:108BF0000895609570958095909530954095509525
:108C000021953F4F4F4F5F4F6F4F7F4F8F4F9F4F7C
:108C100008952F923F924F925F926F927F928F9220
:108C20009F92AF92BF92CF92DF92EF92FF920F93FB
:108C30001F93CF93DF93CDB7DEB7CA1BDB0B0FB605
:108C4000F894DEBF0FBECDBF19942A8839884888B2
:108C50005F846E847D848C849B84AA84B984C88458
:108C6000DF80EE80FD800C811B81AA81B981CE0F4F
:108C7000D11D0FB6F894DEBF0FBECDBFED01089534
:108C8000002E083090F0982F872F762F652F542FC5
:108C9000432F322F22270850F4CF220F331F441FB7
:108CA000551F661F771F881F991F0A95B2F7002D61
:108CB000089597FD1094002E083098F00850232F47
:108CC000342F452F562F672F782F892F912DF4CFD2
:108CD0001594979587957795679557954795379507
:108CE00027950A95AAF71124002D08952A0D3B1DFA
:108CF0004C1D5D1D6E1D7F1D801F911F089500245A
:108D0000A7FD00942A0F301D401D501D601D701DD1
:108D1000801D901D08952A193B094C095D096E09B3
:108D20007F09800B910B08952A153B054C055D05C5
:108D30006E057F058007910708950024A7FD009424
:108D40002A1730054005500560057005800590051F
:108D500008959111089581568A5108F480528558DA
:108D60000895FB01DC0102C001900D92415050407A
:108D7000D8F70895FC018191861721F08823D9F74F
:108D8000992708953197CF010895FB01DC018D915A
:108D9000019080190110D9F3990B0895FB01DC01B2
:108DA0004150504048F001900D920020C9F701C099
:108DB0001D9241505040E0F708950F931F93CF93B9
:108DC000DF93CDB7DEB72E970FB6F894DEBF0FBE98
:108DD000CDBF0E891F8986E08C831A8309838FEFAC
:108DE0009FE79E838D83AE01465E5F4F688D798DD0
:108DF000CE0101960E940D472F813885020F131F67
:108E0000F80110822E960FB6F894DEBF0FBECDBFCC
:108E1000DF91CF911F910F9108952F923F924F9222
:108E20005F926F927F928F929F92AF92BF92CF92FA
:108E3000DF92EF92FF920F931F93CF93DF9300D0B7
:108E400000D000D01F921F92CDB7DEB77C013B014E
:108E50008A01FC0117821682838181FFDDC1CE0168
:108E600001965C01F7019381F30193FD859193FFD6
:108E700081913F01882309F453C1853239F493FD70
:108E8000859193FF81913F01853229F4B70190E0EC
:108E90000E942549E7CF912C212C312CFFE1F315BD
:108EA00038F08B3211F190F4803209F1833229F1DC
:108EB00037FC3CC020ED280F2A3050F536FE20C08C
:108EC0008AE0989E200D1124922E06C08D3291F0DA
:108ED000803371F7689430F8F30193FD859193FF27
:108EE00081913F018111DACF21C0689431F86894F3
:108EF00032F8F2CF689433F8EFCF689434F8ECCFBF
:108F0000EAE02E9E200D1124222E689435F8E4CF3D
:108F10008E3229F436FC04C1689436F8DDCF8C36E5
:108F200019F4689437F8D8CF8836B1F2982F9F7D1E
:108F300095549330E0F08336A1F18337C1F1833546
:108F400009F063C02801F2E04F0E511CF801C08007
:108F5000D180692D70E036FC02C06FEF7FEFC60153
:108F60000E940F494C01689437F882010AC00C5FD7
:108F70001F4FFFE3F98388248394912C6501E894C3
:108F800037F833FE2DC0522C8114910471F5552011
:108F900009F468CFB70180E290E00E9425495A9415
:108FA000F6CFF801808189830E5F1F4FE4CF28013F
:108FB000F2E04F0E511CF801C080D180692D70E0A5
:108FC00036FC02C06FEF7FEFC6010E941A494C01C8
:108FD0008201D5CFB70180E290E00E9425492A9412
:108FE0002814190409F0B0F7CECFF60137FC8591AB
:108FF00037FE81916F01B70190E00E942549511021
:109000005A94F1E08F1A9108BFCF843619F089364F
:1090100009F077C0F80137FE6BC0608171818281F1
:1090200093810C5F1F4FF32DFF763F2E97FF09C0F2
:1090300090958095709561957F4F8F4F9F4F689465
:1090400037F82AE030E0A5010E945549C82ECA1819
:109050008C2C432C36FE0CC0E89440F8C91440F424
:1090600034FE05C032FC03C0F32DFE7E4F2E892C4A
:1090700044FEAAC0FE01EC0DF11D8081803309F091
:109080009CC0242D297E422E842D8870582E43FCAE
:10909000AAC040FEA4C09C2C821418F42C0C922C64
:1090A000981844FEA6C0B70180E390E00E942549CD
:1090B00042FE09C088E790E041FE02C088E590E0EA
:1090C000B7010E942549C91408F49FC0CA94D12C45
:1090D0009FEFC91AD90ACA0CDB1CF60182916F01F5
:1090E000B70190E00E942549AC14BD04B1F74FCF01
:1090F00060817181072E000C880B990B0E5F1F4F4A
:1091000092CFD32CE894D4F82AE030E08537E1F10F
:10911000232D297FD22E8F36A9F1F0F4883551F115
:10912000F701868197812B960FB6F894DEBF0FBEAC
:10913000CDBFDF91CF911F910F91FF90EF90DF9006
:10914000CF90BF90AF909F908F907F906F905F90E7
:109150004F903F902F900895803749F0883701F75E
:10916000D4FE02C06894D2F820E130E00DC06894CB
:10917000D4F8F6CF34FE03C0822F8660D82E20E1CB
:1091800032E002C028E030E0F801D7FE0FC0608175
:109190007181828193810C5F1F4FA5010E94554907
:1091A000C82ECA183D2CE89437F852CF60817181DF
:1091B00090E080E00E5F1F4FF0CF42FC02C083942E
:1091C00063CF8394839460CF842D867809F45CCF39
:1091D000F6CFB70180E290E00E9425498394821483
:1091E000C0F3512C5ECF522C5818821408F459CF7A
:1091F000F8CF842D867809F466CF8BE241FE80E2B9
:1092000047FC8DE2B70190E05CCFB70180E390E0CE
:109210000E9425499A9457CF8FEF9FEF84CFFC018E
:109220000590615070400110D8F7809590958E0F91
:109230009F1F0895FC016150704001900110D8F704
:10924000809590958E0F9F1F08950F931F93CF9336
:10925000DF93182F092FEB018B8181FD09C01FEFD0
:109260000FEF812F902FDF91CF911F910F910895D4
:1092700082FF14C02E813F818C819D812817390780
:109280003CF4E881F981CF010196998388831083AA
:109290008E819F8101969F838E83E3CFE885F98538
:1092A000812F1995892BA1F3DACFFA01AA2728304B
:1092B00051F1203181F1E8946F936E7F6E5F7F4FA3
:1092C0008F4F9F4FAF4FB1E03ED0B4E03CD0670F1F
:1092D000781F891F9A1FA11D680F791F8A1F911D72
:1092E000A11D6A0F711D811D911DA11D20D009F4C2
:1092F00068943F912AE0269F11243019305D319304
:10930000DEF6CF010895462F4770405D4193B3E0EC
:109310000FD0C9F7F6CF462F4F70405D4A3318F093
:10932000495D31FD4052419302D0A9F7EACFB4E044
:10933000A6959795879577956795BA95C9F70097FC
:109340006105710508959B01AC010A2E069457959D
:10935000479537952795BA95C9F7620F731F841FF4
:0A936000951FA01D0895F894FFCF9B
:10936A0001020B01000000424554410000010000C7
:10937A00000A00000064000000E803000010270053
:10938A0000A086010040420F008096980000E1F597
:10939A000500CA9A3BE502A914EF02B2142003DEC3
:1093AA0002CC0432303235303933302E31000000ED
:1093BA000000000000000000B906500550060B0727
:1093CA0081065F067306232000256C642E00253073
:1093DA00366C64002320536F667477617265205679
:1093EA00657273696F6E3A20002028002320454574
:1093FA0050524F4D2056657273696F6E3A20002C99
:10940A0020426F6172642056657273696F6E3A20EA
:10941A00002320426F6172642053657269616C2077
:10942A004E756D6265723A200023204D6561737531
:10943A0072656D656E74204D6F64653A20004269ED
:10944A006E6172792054696D657374616D70005034
:10945A006572696F640054696D6520496E7465723E
:10946A0076616C20412D3E420054696D654C616203
:10947A0020332D436F726E657265642048617400F3
:10948A004465627567004E756C6C204F7574707513
:10949A007400232054696D657374616D702057726E
:1094AA0061703A200020286E6F207772617029005F
:1094BA0020287772617073206174200020736563BD
:1094CA006F6E64732900202877726170732061744B
:1094DA002031650023204F757470757420446563CC
:1094EA00696D616C20506C616365733A20002320BA
:1094FA005472696767657220456467653A2000207F
:10950A0028636830292C2000202863683129002329
:10951A002053796E634D6F64653A200023205365AA
:10952A007269616C204261756420526174653A20E7
:10953A000023204368616E6E656C204E616D657311
:10954A003A20002F002320506F6C6C204368617210
:10955A0061637465723A20006E6F6E650023204362
:10956A006C6F636B2053706565643A2000204D4828
:10957A007A002320436F61727365207469636B3AC2
:10958A002000207573656300232043616C205065B9
:10959A0072696F64733A2000232050726F704465B9
:1095AA006C61793A2000232054696D656F75743AAD
:1095BA0020003078252E325800232054696D65200A
:1095CA0044696C6174696F6E3A20002320464958D9
:1095DA0045445F54494D45323A20002320465544BC
:1095EA004745303A2000556E6B6E6F776E003D3DF1
:1095FA00205449434320436F6E66696775726174EC
:10960A00696F6E203D3D0D0A0041202D204D6F648B
:10961A0065202863757272656E746C793A200054FD
:10962A00696D654C616220332D6368004E756C6C00
:10963A000042202D2054696D657374616D70205746
:10964A007261702064696769747320286375727225
:10965A00656E746C793A202564202D206E6F207710
:10966A00726170290D0A0042202D2054696D6573BC
:10967A0074616D70205772617020646967697473D0
:10968A00202863757272656E746C793A202564209D
:10969A002D20777261707320617420256C75207398
:1096AA0065636F6E6473290D0A0042202D20546988
:1096BA006D657374616D702057726170206469679B
:1096CA00697473202863757272656E746C793A20B6
:1096DA002564202D207772617073206174203165B2
:1096EA002564207365636F6E6473290D0A00432035
:1096FA002D204F757470757420446563696D616CB3
:10970A0020506C61636573202863757272656E748C
:10971A006C793A202564290D0A0044202D205472C0
:10972A006967676572204564676520412F42202872
:10973A0063757272656E746C793A2025632F25639E
:10974A00290D0A0045202D205072696D6172792F0A
:10975A005365636F6E6461727920286375727265EE
:10976A006E746C793A202563290D0A0046202D2053
:10977A004368616E6E656C204E616D657320286367
:10978A00757272656E746C793A2025632F25632988
:10979A000D0A0047202D20506F6C6C2043686172BF
:1097AA006163746572202863757272656E746C7970
:1097BA003A200048202D20416476616E636564205A
:1097CA0073657474696E67730D0A0049202D2053FE
:1097DA00657269616C20426175642052617465200A
:1097EA002863757272656E746C793A20256C7529D6
:1097FA000D0A004D202D2053686F77207468697315
:10980A00206D656E7520616761696E0D0A004A20D8
:10981A002D2053686F772073746172747570206994
:10982A006E666F0D0A0057202D20577269746520E5
:10983A006368616E67657320746F20454550524FA7
:10984A004D202870657273697374206163726F7337
:10985A0073207265737461727473290D0A00312062
:10986A002D2044697363617264206368616E676561
:10987A007320616E6420657869740D0A0032202DA8
:10988A00204170706C79206368616E67657320612E
:10989A006E6420726573746172740D0A0033202D30
:1098AA00204170706C79206368616E67657320610E
:1098BA006E6420726573756D65206F706572617470
:1098CA00696F6E0D0A0034202D205265736574206D
:1098DA00616C6C20746F2064656661756C747320AA
:1098EA00616E6420726573746172740D0A003E20A1
:1098FA0000496E76616C6964206D6F6465206368E7
:10990A006F6963650D0A004F4B202D2D204D6F6442
:10991A00652073657420746F2025730D0A00436CEB
:10992A006F636B204D487A3A2000496E76616C6904
:10993A00640D0A004F4B202D2D20436C6F636B2062
:10994A00256C642E2530366C64202D3E20256C64EF
:10995A002E2530366C640D0A00436F6172736520E0
:10996A005469636B20287573293A20004F4B202DC8
:10997A002D20436F61727365205469636B20256CD7
:10998A00642E2530366C64202D3E20256C642E25ED
:10999A0030366C640D0A00456E7465722050616938
:1099AA007220412F423A20004F4B202D2D20507219
:1099BA006F7044656C617920256C642F256C642076
:1099CA002D3E20256C642F256C640D0A004F4B2018
:1099DA002D2D2054696D652044696C6174696F6E20
:1099EA0020256C642F256C64202D3E20256C642F65
:1099FA00256C640D0A004F4B202D2D206669786571
:109A0A006454696D653220256C642F256C64202DA1
:109A1A003E20256C642F256C640D0A004F4B202DC7
:109A2A002D2046554447453020256C642F256C640B
:109A3A00202D3E20256C642F256C640D0A00496E8A
:109A4A0076616C696420416476616E636564204363
:109A5A00686F6963650D0A002D2D204D6F646520BE
:109A6A002D2D0D0A004131202D2054696D65737426
:109A7A00616D700D0A004132202D2042696E6172BB
:109A8A00792054696D657374616D700D0A004133F4
:109A9A00202D2054696D6520496E74657276616C5B
:109AAA002041202D3E20420D0A004134202D205015
:109ABA006572696F640D0A004135202D2054696D65
:109ACA00654C616220332D436F726E657265642046
:109ADA004861740D0A004136202D2044656275677D
:109AEA000D0A004137202D204E756C6C204F75747D
:109AFA007075740D0A0043757272656E74206D6F0D
:109B0A0064653A200031202D2044697363617264D0
:109B1A00206368616E67657320616E642072657484
:109B2A0075726E20746F206D61696E206D656E7539
:109B3A000D0A0032202D204B656570206368616E26
:109B4A0067657320616E642072657475726E207425
:109B5A006F206D61696E206D656E750D0A004D6F1F
:109B6A006465206368616E67657320646973636105
:109B7A00726465642E0D0A004D6F64652063686126
:109B8A006E676573206B6570742E0D0A004D6F64E5
:109B9A0065207761732025733B206E6F77202573CC
:109BAA000D0A00577261702044696769747320282E
:109BBA00302E2E3130293A20004F4B202D2D2057A0
:109BCA0072617020446967697473202564202D3E90
:109BDA002025640D0A004F757470757420446563FE
:109BEA00696D616C20506C616365732028302E2E7C
:109BFA003132293A20004F4B202D2D2044656369CC
:109C0A006D616C20506C61636573202564202D3E64
:109C1A002025640D0A00456E7465722045646765E7
:109C2A007320412F422028522F46293A20004F4BB9
:109C3A00202D2D2045646765732025632F25632019
:109C4A002D3E2025632F25630D0A00456E7465722B
:109C5A002050206F7220533A20004F4B202D2D2088
:109C6A0053796E63204D6F6465202563202D3E2055
:109C7A0025630D0A00456E746572204E616D657329
:109C8A0020412F423A20004F4B202D2D204E616D4E
:109C9A0065732025632F2563202D3E2025632F25FC
:109CAA00630D0A00456E74657220506F6C6C204318
:109CBA0068617261637465722028737061636520DC
:109CCA00746F20636C656172293A20004F4B202D16
:109CDA002D20506F6C6C20436861726163746572E9
:109CEA00202563202D3E2025630D0A004F4B202D91
:109CFA002D20506F6C6C20436861726163746572C9
:109D0A00206E6F6E65202D3E2025630D0A002D2DD5
:109D1A002053657269616C204261756420526174D6
:109D2A00652053657474696E6773202D2D0D0A00C2
:109D3A004931202D2039363030206270730D0A00E7
:109D4A004932202D203139323030206270730D0AA9
:109D5A00004933202D203338343030206270730D9F
:109D6A000A004934202D203537363030206270738E
:109D7A000D0A004935202D2031313532303020622C
:109D8A007073202864656661756C74290D0A004930
:109D9A0036202D20323330343030206270730D0A71
:109DAA0000426175642072617465206368616E6740
:109DBA006573206469736361726465642E0D0A00B9
:109DCA00426175642072617465206368616E6765BB
:109DDA0073206B6570742E0D0A00426175642072DF
:109DEA006174652077617320256C753B206E6F77EF
:109DFA0020256C750D0A00496E76616C69642073C2
:109E0A00656C656374696F6E0D0A004368616E67FD
:109E1A006573207772697474656E20746F20454586
:109E2A0050524F4D202877696C6C207065727369A7
:109E3A007374206163726F737320726573746172D5
:109E4A007473290D0A002D2D20416476616E6365B5
:109E5A00642053657474696E6773202D2D0D0A0092
:109E6A004831202D20436C6F636B20537065656405
:109E7A00204D487A202863757272656E746C793A3F
:109E8A0020256C642E2530366C64290D0A00483270
:109E9A00202D20436F61727365205469636B2075AE
:109EAA0073202863757272656E746C793A20256C1A
:109EBA00642E2530366C64290D0A004833202D2083
:109ECA0050726F7061676174696F6E2044656C616E
:109EDA007920707320412F42202863757272656E53
:109EEA00746C793A20256C642F256C64290D0A005C
:109EFA004834202D2054696D652044696C61746969
:109F0A006F6E20412F42202863757272656E746CE1
:109F1A00793A20256C642F256C64290D0A0048358E
:109F2A00202D20666978656454696D6532207073E6
:109F3A0020412F42202863757272656E746C793ADB
:109F4A0020256C642F256C64290D0A004836202DC3
:109F5A002046554447453020707320412F4220281F
:109F6A0063757272656E746C793A20256C642F255C
:109F7A006C64290D0A004368616E67657320646921
:109F8A00736361726465642E0D0A004368616E67CB
:109F9A006573206B6570742E0D0A004F4B202D2DB2
:109FAA0020436F6172736520256C642E2530366CF0
:109FBA0064202D3E20256C642E2530366C640D0AF3
:109FCA00004F4B202D2D2054696D6544696C6174D6
:109FDA00696F6E20256C642F256C64202D3E202528
:109FEA006C642F256C640D0A005741524E494E4746
:109FFA003A20546869732077696C6C20636F6D70BE
:10A00A006C6574656C792065726173652074686526
:10A01A0020656E7469726520454550524F4D20691E
:10A02A006E636C7564696E672073657269616C2012
:10A03A006E756D626572210D0A005479706520276C
:10A04A005945532720746F20636F6E6669726D3AA3
:10A05A00200059455300436C656172696E6720653B
:10A06A006E7469726520454550524F4D2E2E2E0D45
:10A07A000A00454550524F4D20636C656172656414
:10A08A002E2052657374617274696E672E2E2E0DBE
:10A09A000A00454550524F4D20636C65617220633A
:10A0AA00616E63656C6C65642E0D0A0044697363A6
:10A0BA006172646564206368616E6765732E0D0A58
:10A0CA00004170706C79696E67206368616E6765BC
:10A0DA007320616E642072657374617274696E674D
:10A0EA002E2E2E0D0A004170706C79696E672063FE
:10A0FA0068616E67657320616E6420726573756D41
:10A10A00696E67206F7065726174696F6E2E2E2E8C
:10A11A000D0A0044656661756C7473207772697400
:10A12A0074656E2E2052657374617274696E672E3F
:10A13A002E2E0D0A003F20556E6B6E6F776E2063D0
:10A14A006F6D6D616E640D0A004E6F2073657269E2
:10A15A00616C206E756D62657220666F756E642E15
:10A16A002E2E206D616B696E67206F6E650025303B
:10A17A00346C582530346C58004E6F20636F6E660D
:10A18A00696720666F756E642E202057726974693C
:10A19A006E672064656661756C742E2E2E0023200E
:10A1AA005441505220544943432054696D65737495
:10A1BA00616D70696E6720436F756E7465720023F6
:10A1CA0020436F7079726967687420323031362D96
:10A1DA0032303235204E3855522C204B3954525693
:10A1EA002C204E48365A2C205741385957510023B3
:10A1FA002323232323232323232323232323232325
:10A20A00232323230023205449434320436F6E66AC
:10A21A00696775726174696F6E3A200023205479F8
:10A22A00706520616E79206368617261637465721A
:10A23A0020666F7220636F6E666967206D656E7542
:10A24A000023204E6F20434F415253455F434C4FEA
:10A25A00434B2E2E2E206973203130204D487A2010
:10A26A00636F6E6E65637465643F002320496E20D8
:10A27A007365636F6E64617279206D6F64652061C6
:10A28A006E642077616974696E6720666F722073E5
:10A29A00796E632E2E2E00232074696D65737461A6
:10A2AA006D7020287365636F6E64732077697468B4
:10A2BA00200020646563696D616C20706C61636560
:10A2CA00732900232074696D6520696E746572763E
:10A2DA00616C20412D3E4220287365636F6E647362
:10A2EA00207769746820002320706572696F642082
:10A2FA00287365636F6E647320776974682000231E
:10A30A002074696D657374616D70206368302C20E8
:10A31A006368313B20696E74657276616C2063688C
:10A32A00412D3E4220287365636F6E6473207769FE
:10A33A0074682000232074696D65312074696D6525
:10A34A003220636C6F636B312063616C312063610F
:10A35A006C322050494373746F7020746F66207496
:10A36A00696D657374616D7000232042696E617254
:10A37A00792054696D657374616D70206D6F6465C1
:10A38A00202D2031322062797465206672616D65F4
:10A39A00733A002320686561646572202830783535
:10A3AA00352C30784141292C206368616E6E656CCA
:10A3BA002028312062797465292C2050494373740E
:10A3CA006F70202834206279746573292C20746F89
:10A3DA0066202834206279746573292C20435243FD
:10A3EA002028312062797465290023206E756C6CEF
:10A3FA00206F7574707574206D6F6465202D206EE2
:10A40A006F20646174610023203130204D485A2046
:10A41A005265666572656E6365206C6F73742100A0
:10A42A002320507265737320616E79206B657920E1
:10A43A00746F2072657374617274206166746572D8
:10A44A00207265666572656E636520697320726540
:10A45A0073746F7265642E002530366C7520002384
:10A46A002053746F7070696E67206D6561737572C1
:10A47A00656D656E747320666F7220636F6E6669B0
:10A48A00672E2E2E002320466C757368696E67202E
:10A49A0070656E64696E67206D6561737572656D4E
:10A4AA00656E7473206265666F726520636F6E668F
:10A4BA0069672E2E2E002320436F6E6669677572B8
:10A4CA006174696F6E206368616E67657320726577
:10A4DA00717569726520726573746172742E205287
:10A4EA00657374617274696E672E2E2E0023204183
:10A4FA0070706C79696E6720636F6E6669677572D2
:10A50A006174696F6E206368616E6765732E2E2EA3
:10A51A00002320526573756D696E67206F706572CE
:10A52A006174696F6E2077697468206E657720732D
:10A53A00657474696E67732E002320284368616E00
:10A54A00676573206172652074656D706F726172E0
:10A55A0079202D2077696C6C20726576657274207B
:10A56A006F6E2072657374617274290023204269C8
:10A57A006E6172792054696D657374616D70206DB6
:10A58A006F6465202D2050494373746F70202862D0
:10A59A006F74746F6D203420627974657329207426
:10A5AA006F66202834206279746573292063686194
:10A5BA006E6E656C2028312062797465290023202B
:10A5CA0052657374617274696E67206D6561737523
:10A5DA0072656D656E74732E2E2E0023205265737C
:10A5EA0074617274207265717565737465642C2068
:10A5FA007265696E697469616C697A696E672073DC
:10A60A00797374656D2E2E2E00496E7465727661AB
:0AA61A006C0054696D654C6162002C
:00000001FF
