:100000000C94D0090C94263D0C94FB3C0C94D03CF1
:100010000C94A53C0C947A3C0C944F3C0C94243CDE
:100020000C94F93B0C94843B0C94153B0C949F3A34
:100030000C94010A0C94010A0C94010A0C94010A14
:100040000C94010A0C94010A0C94010A0C94010A04
:100050000C94010A0C94010A0C94010A0C94F539D1
:100060000C94010A0C94693A0C943F3A0C94010ADE
:100070000C94010A0C94010A0C94010A0C94010AD4
:100080000C94010A0C94010A0C94010A0C94010AC4
:100090000C94010A0C94010A0C94010A0C94010AB4
:1000A0000C94010A0C94010A0C94010A0C94010AA4
:1000B0000C94010A0C94010A0C94010A0C94010A94
:1000C0000C94010A0C94010A0C94010A0C94010A84
:1000D0000C94010A0C94010A0C94010A0C94010A74
:1000E0000C94010A0C9484420C94230C0C946B2203
:1000F0000C94E50A0C94BA0A0C946B0C0C940B4506
:100100000C948E0C0C94513D0C94AB0A0C94571E1D
:100110000C9416260C9469480C940E450C94B30A62
:100120000C94D80A0C9472480C94E40B0C94D40CE4
:100130000C94A8480C946F480C9408450C94FF4408
:100140000C9411450C94C40A0C94AD320C940545E2
:100150000C9454480C94C00A0C94B1320C94AF32F5
:100160000C94CD320C943E0C0C94B7320C94FC1DC4
:100170000C9466480C94D31B0C94AF0A0C94E60ABA
:100180000C94080C0C9402450C94A50A0C94C232F1
:100190000C947F500C94E00A0C9463480C94B70ABA
:1001A0000C9419200C94B5320C943C1B0C94D20A7C
:1001B0000C94CE0A0C94EA0A0C947A0C0C94CA0A99
:1001C0000C94DC0A0C946C480C94B3320C94DD1B38
:1001D0000C94260D0C949C0C0C94A2320C94BF1F12
:1001E0004E414E494E495459494E46CDCCCC3D0A1C
:1001F000D7233C17B7D13877CC2B329595E6241FFF
:10020000B14F0A000020410000C84200401C4620B7
:10021000BCBE4CCA1B0E5AAEC59D744E756C6C208C
:100220004F757470757400446562756700332D43B3
:100230006F726E6572656420486174005065726902
:100240006F640054696D6520496E74657276616CE7
:1002500020412D3E420042696E6172792054696DE1
:10026000657374616D7000506169726564205469D2
:100270006D657374616D700054696D657374616D43
:10028000700046554447453020412F42207073206E
:1002900028652E672E2C2034302F3430206F7220AA
:1002A0003165362F326536293A2000466978656413
:1002B0002054696D653220412F42207073202865DB
:1002C0002E672E2C2034302F3430206F7220316571
:1002D000362F326536293A200054696D652044690D
:1002E0006C6174696F6E20412F4220707320286505
:1002F0002E672E2C2034302F3430206F7220316541
:10030000362F326536293A200050726F706167616E
:1003100074696F6E2044656C617920412F422070B2
:10032000732028652E672E2C2034302F3430206F18
:1003300072203165362F326536293A2000436F61CD
:10034000727365205469636B2070732028652E6773
:100350002E2C2031653820666F72203130302075A8
:1003600073293A2000436C6F636B20487A2028651C
:100370002E672E2C2031653720666F722031302099
:100380004D487A293A2000456E74657220456467AD
:10039000657320412F42202852206F722046293A4F
:1003A0002000456E74657220506F6C6C204368614C
:1003B00072616374657220282D20746F20636C65F0
:1003C0006172293A2000456E746572204E616D6538
:1003D0007320412F422028616E792074776F20634B
:1003E00068617273293A2000456E7465722050204E
:1003F0006F7220533A20004F7574707574204465F5
:1004000063696D616C20506C616365732028302EC8
:100410002E3132293A200057726170204469676991
:1004200074732028302E2E3130293A200000010428
:100430000505030304050604050607010001000382
:100440000201000001020304050607070605040374
:100450000201000702010007060504030201000370
:100460000201000001020304050607000102030463
:10047000050607020304050606075741524E494E7A
:10048000473A2046616C6C696E6720656467652039
:100490007472696767657220697320756E72656C26
:1004A0006961626C653B2075736520617420796FAA
:1004B0007572206F776E207269736B21004F4B202D
:1004C0002D2D20436C6F636B202573202D3E20253E
:1004D0007300496E76616C6964003B206E6F772013
:1004E000004F4B202D2D2042617564207261746590
:1004F0002077617320004368616E676573206B65C8
:1005000070742E004368616E67657320646973635D
:1005100061726465642E0032202D2044697363612A
:100520007264206368616E6765730031202D204B13
:10053000656570206368616E676573004F4B202DA1
:100540002D204D6F64652073657420746F20004307
:100550006F6E66696775726174696F6E206368613A
:100560006E67657320726571756972652072657357
:10057000746172742E2052657374617274696E674F
:100580002E2E2E00284368616E67657320617265A8
:100590002074656D706F72617279202D2077696C9F
:1005A0006C20726576657274206F6E20726573744C
:1005B0006172742900526573756D696E67206F7082
:1005C00065726174696F6E2077697468206E6577F3
:1005D0002073657474696E67732E004170706C7956
:1005E000696E6720636F6E66696775726174696FA3
:1005F0006E206368616E6765732E2E2E004F4B2050
:100600002D2D20257320256C642F256C64202D3E14
:1006100020256C642F256C6420707300202D2077BA
:100620007261707320617420316525642073656385
:100630006F6E647300202D20777261707320617477
:1006400020256C75207365636F6E64730001000074
:10065000000A00000064000000E80300001027000A
:1006600000A086010040420F008096980000E1F54E
:100670000500CA9A3B202D206E6F207772617000B2
:1006800033202D20526573657420616C6C20746F6B
:100690002064656661756C747320616E6420726598
:1006A00073746172740032202D204170706C792057
:1006B0006368616E67657320616E6420726573752F
:1006C0006D65206F7065726174696F6E0031202DE9
:1006D0002044697363617264206368616E67657347
:1006E00020616E6420657869740057202D20577250
:1006F000697465206368616E67657320746F204557
:100700004550524F4D202870657273697374206193
:1007100063726F73732072657374617274732900EE
:1007200056202D2053686F77206669726D7761724D
:10073000652076657273696F6E0053202D205368B3
:100740006F77207374617274757020696E666F00C4
:100750004D202D2053686F772074686973206D6574
:100760006E7520616761696E0048202D20536572A7
:1007700069616C2042617564205261746520286350
:10078000757272656E746C793A200047202D204195
:100790006476616E6365642073657474696E6773F3
:1007A000006E6F6E65290046202D20506F6C6C2006
:1007B0004368617261637465722028637572726543
:1007C0006E746C793A200045202D204368616E6E6E
:1007D000656C204E616D6573202863757272656E5D
:1007E000746C793A200044202D205072696D61723A
:1007F000792F5365636F6E64617279202863757217
:1008000072656E746C793A200043202D204F757408
:1008100070757420446563696D616C20506C616310
:100820006573202863757272656E746C793A200066
:1008300042202D2054696D657374616D702057726C
:1008400061702064696769747320286375727265CA
:100850006E746C793A200041202D204D6F64652024
:100860002863757272656E746C793A20003D3D2084
:100870005449434320436F6E6669677572617469BA
:100880006F6E203D3D00556E6B6E6F776E00437549
:100890007272656E74206D6F64653A200041382075
:1008A0002D204E756C6C204F757470757400413737
:1008B000202D204465627567004136202D20332DA0
:1008C000436F726E65726564204861740041352023
:1008D0002D20506572696F64004134202D205469C9
:1008E0006D6520496E74657276616C2041202D3EE5
:1008F0002042004133202D2042696E6172792054DC
:10090000696D657374616D70004132202D205061F6
:10091000697265642054696D657374616D7000411E
:1009200031202D2054696D657374616D70002D2D1B
:10093000204D6F6465202D2D004836202D20323348
:100940003034303020627073004835202D20313132
:100950003532303020627073202864656661756CB2
:100960007429004834202D2035373630302062700D
:1009700073004833202D20333834303020627073B8
:10098000004832202D20313932303020627073001F
:100990004831202D203936303020627073002D2DE3
:1009A0002053657269616C204261756420526174E4
:1009B000652053657474696E6773202D2D0047366A
:1009C000202D2046554447453020707320412F424A
:1009D000202863757272656E746C793A2000473511
:1009E000202D20666978656454696D6532207073C6
:1009F00020412F42202863757272656E746C793ABB
:100A000020004734202D2054696D652044696C61B5
:100A100074696F6E20412F42202863757272656E73
:100A2000746C793A20004733202D2050726F70612A
:100A3000676174696F6E2044656C61792070732002
:100A4000412F42202863757272656E746C793A206A
:100A5000004732202D20436F617273652054696313
:100A60006B207573202863757272656E746C793AA9
:100A700020004731202D20436C6F636B205370653D
:100A80006564204D487A202863757272656E746CB7
:100A9000793A20002D2D20416476616E63656420D3
:100AA00053657474696E6773202D2D003105000045
:100AB0000000000000000000000000000000000036
:100AC000000000000000000000B00E00004E0A020E
:100AD00000000000000000000032050000000000DF
:100AE0000000000000000000000000000000000006
:100AF000000000000000B00E00004E0A02000100DD
:100B000000000000000033050000000000000000AD
:100B100000000000000000000000000000000000D5
:100B2000000000B00E00004E0A02000200000000AB
:100B3000000000340500000000000000000000007C
:100B400000000000000000000000000000000000A5
:100B5000B00E00004E0A020003000000000000007A
:100B6000350500000000000000000000000000004B
:100B700000000000000000000000000000B00E00B7
:100B8000004E0A02000400000000000000360500CC
:100B90000000000000000000000000000000000055
:100BA00000000000000000000000B00E00004E0A2F
:100BB00002000500000000000000370500000000F2
:100BC0000000000000000000000000000000000025
:100BD00000000000000000B00E00004E0A020006F7
:100BE00000000000000000380500000000000000C8
:100BF00000000000000000000000000000000000F5
:100C000000000000B00E00004E0A020007000000C5
:100C1000000000003105000000000000000000009E
:100C200000000000000000000000000000000000C4
:100C300000CB0E00000C0A0200802500000000001E
:100C4000003205000000000000000000000000006D
:100C50000000000000000000000000000000CB0EBB
:100C600000000C0A0200004B0000000000003305E9
:100C70000000000000000000000000000000000074
:100C80000000000000000000000000CB0E00000C7F
:100C90000A02000096000000000000340500000079
:100CA0000000000000000000000000000000000044
:100CB0000000000000000000CB0E00000C0A020043
:100CC00000E1000000000000350500000000000009
:100CD0000000000000000000000000000000000014
:100CE0000000000000CB0E00000C0A020000C20150
:100CF00000000000003605000000000000000000B9
:100D000000000000000000000000000000000000E3
:100D10000000CB0E00000C0A02000084030000005B
:100D20000000310200650340420F00000000000097
:100D300024F400000000000000000000000000B2E9
:100D40000E0000160A020000000000000000003241
:100D500002003D0300E1F5050000000000E87648D0
:100D6000170000000000000000000000BA0E0000A4
:100D7000220A020000000000000000003303000906
:100D80000300000000000000000010A5D4E80000EF
:100D9000000000000000000000D30E00003B030133
:100DA000000000000000000000340300D902000031
:100DB0000000000000000010A5D4E80000000000C2
:100DC000000000000000E30E0000450301000000E9
:100DD000000000000000350300AB0200000000002E
:100DE0000000000010A5D4E8000000000000000092
:100DF000000000F30E00005303010000000000009B
:100E00000000003603008202000000000000000025
:100E10000010A5D4E8000000000000000000000061
:100E2000030F00005E03010000000000000000004E
:100E3000420000170400000000000000000A00004B
:100E400000000000000000000000000000C60E00CE
:100E5000002E0A0000000000000000000043000017
:100E6000F70300000000000000000C00000000007C
:100E700000000000000000000000C80E00003A0A58
:100E800000000000000000000000440100E8030032
:100E90000000000000000000000000000000005002
:100EA00053000000000000CA0E0000490A000000C4
:100EB00000000000000000450400C6030000000020
:100EC0000000000000000000000000000000000022
:100ED00000000000D10E0000530A000000000000D6
:100EE00000000000460100A2030000000000000016
:100EF00000000000000000000000000000000000F2
:100F000000B10E0000610A000000000000000000B7
:100F100000540400870300000000000000000000EF
:100F20000000000000005246000000000000CF0E4C
:100F30000000700A000000000000000000002843CC
:100F400068616E6765732077696C6C2074616B658E
:100F500020656666656374206166746572207265DB
:100F600073746172742900436F6E74696E75696E73
:100F70006720776974682063757272656E74207378
:100F8000657474696E67732E0032202D204E6F2CAD
:100F900020636F6E74696E7565207769746820636D
:100FA000757272656E742073657474696E67730010
:100FB00031202D205965732C207265737461727411
:100FC000206E6F770052657374617274206E6F7754
:100FD00020746F206170706C79206368616E676542
:100FE000733F004368616E6765732077726974743C
:100FF000656E20746F20454550524F4D202877690B
:101000006C6C2070657273697374206163726F73A6
:101010007320726573746172747329004545505270
:101020004F4D20636C65617265642E205265737448
:10103000617274696E672E2E2E00436C6561726951
:101040006E6720656E7469726520454550524F4D3C
:101050002E2E2E00454550524F4D20636C65617217
:101060002063616E63656C6C65642E0054797065F5
:1010700020275945532720746F20636F6E6669726D
:101080006D3A20005741524E494E473A2054686904
:10109000732077696C6C20636F6D706C6574656C20
:1010A000792065726173652074686520656E746966
:1010B000726520454550524F4D20696E636C7564D2
:1010C000696E672073657269616C206E756D62650B
:1010D00072210044656661756C747320777269745F
:1010E00074656E2E2052657374617274696E672E1A
:1010F0002E2E004170706C79696E67206368616E96
:1011000067657320616E6420726573756D696E67C3
:10111000206F7065726174696F6E2E2E2E004469A7
:1011200073636172646564206368616E6765732EC2
:101130000041010001CD326B2242020000A23200C8
:101140000043020000B532000044020000B132004A
:101150000045020000AF32000046020000AD320040
:101160000047010001B732192048010001C232DDF9
:101170001B4D0000001626000053020000D31B0088
:1011800000560200003C1B000057020000BF1F0079
:101190000058020000FC1D000054020000B33200A1
:1011A0000031030000571E000032030000571E00EC
:1011B0000033030000571E000034030000571E00D8
:1011C00000556E6B6E6F776E20636F6D6D616E6430
:1011D0000000002100240027002A002D00300033E9
:1011E0000001010000040107010A0100002200259E
:1011F0000028002B002E0031003400020100000501
:101200000108010B01000020002300260029002C0A
:10121000002F003200000100000301060109010552
:10122000050505070508080808020202020A0A085F
:101230000804040404010101010101010103030385
:101240000303030303040707070C0C0C0C0C0C0C22
:101250000C0202020206060606060606060B0B0B29
:101260000B0B0B0B0B010210202008081020401064
:10127000204080020102010804020101020408105A
:101280002040808040201008040201800402018078
:1012900040201008040201080402010102040810A1
:1012A000204080010204081020408000000A0B0248
:1012B000090C0D0E080703040100000000000000E7
:1012C000000000000000000000000000000000001E
:1012D00000000000000000121110000000000000DB
:1012E00000000000000000000000000000000000FE
:1012F00000010000000A00000064000000E8030094
:101300000010270000A086010040420F0080969840
:101310000000E1F50500CA9A3B4368616E6765739A
:10132000206469736361726465642E0032202D202D
:1013300044697363617264206368616E67657300FA
:1013400031202D204B656570206368616E67657381
:10135000004368616E676573206B6570742E00537F
:1013600061766520746F20454550524F4D20776956
:1013700074682027572720616E642072657374613A
:10138000727420666F72206368616E676520746F87
:101390002074616B65206566666563742E00513D3F
:1013A00011241FBECFEFD1E2DEBFCDBF00E00CBFE6
:1013B0001AE0A0E0B2E0ECECF4EA00E00BBF02C0FF
:1013C00007900D92AC37B107D9F72FE0ACE7BAE040
:1013D00001C01D92A531B207E1F719E0C0EDD9E0D7
:1013E00000E006C021970109802FFE010E94D74F1F
:1013F000CF3CD10780E00807A9F70E94FD3D0C947F
:1014000064520C9400002091410C222361F02FB70C
:10141000F8943091410C313049F43DB33093400C95
:101420003DB33DBB2FBF8CBD9DBD08952093400CA7
:10143000FACFCF92DF92EF92FF926B017C01E091A5
:10144000520CF091530C82E08083C11481EED806D7
:10145000E104F104A1F060E079E08DE390E0A70100
:1014600096010E94454F2150310941095109569575
:10147000479537952795211580E13807A8F0E09129
:10148000520CF091530C108260E874E88EE190E009
:10149000A70196010E94454F215031094109510988
:1014A0005695479537952795E0914E0CF0914F0C46
:1014B0003083E091500CF091510C208310925A0C23
:1014C000E091560CF091570C86E08083E091540C2B
:1014D000F091550C808180618083E091540CF091F3
:1014E000550C808188608083E091540CF091550CFC
:1014F000808180688083E091540CF091550C80814C
:101500008F7D8083FF90EF90DF90CF900895815082
:10151000823108F05AC0E82FF0E08827ED56F54FE9
:101520008F4F0C94D74FB30AB70AA50AAB0AAF0A7C
:10153000E50ABA0AC00AC40ACA0ACE0AD20AD80AF6
:10154000DC0AE50AE00AE60AEA0A809180008F7761
:10155000809380000895809180008F7DF9CF8091E5
:101560008000877FF5CF84B58F7784BD089584B5DB
:101570008F7DFBCF8091B0008F778093B00008956E
:101580008091B0008F7DF9CF809190008F7780930C
:1015900090000895809190008F7DF9CF8091900008
:1015A000877FF5CF8091A0008F778093A00008956A
:1015B0008091A0008F7DF9CF8091A000877FF5CF2B
:1015C000809120018F7780932001089580912001E0
:1015D0008F7DF9CF80912001877FF5CFCF93DF9367
:1015E000282F30E0F901E555FD4E8491F901EB59C2
:1015F000FD4ED491F901E15EFD4EC491CC23A1F0E2
:1016000081110E94870AEC2FF0E0EE0FFF1FEB5FC5
:10161000FD4EA591B491EC91ED2381E090E009F4A9
:1016200080E0DF91CF91089580E090E0FACF1F93A2
:10163000CF93DF93282F30E0F901E555FD4E8491DB
:10164000F901EB59FD4ED491F901E15EFD4EC491D3
:10165000CC23A9F0162F81110E94870AEC2FF0E00D
:10166000EE0FFF1FE551FE4EA591B4918FB7F89490
:10167000EC91111108C0D095DE23DC938FBFDF9170
:10168000CF911F910895DE2BF8CFCF93DF9390E099
:10169000FC01EB59FD4E2491815E9D4EFC0184912D
:1016A0008823D1F090E0880F991FFC01EF52FE4E85
:1016B000A591B491FC01E551FE4EC591D491611103
:1016C0000EC09FB7F8948C91E22FE0958E238C93F7
:1016D0002881E223E8839FBFDF91CF9108958FB7E0
:1016E000F894EC91E22BEC938FBFF6CF90917B00B6
:1016F000977F90937B008653806480937C008091D9
:101700007A00806480937A0080917A0086FDFCCF15
:10171000809178009091790008953FB7F894809176
:101720009B0B90919C0BA0919D0BB0919E0B26B5AD
:10173000A89B05C02F3F19F00196A11DB11D3FBF09
:10174000BA2FA92F982F8827BC01CD01620F711DD8
:10175000811D911D42E0660F771F881F991F4A95D2
:10176000D1F708958F929F92AF92BF92CF92DF925E
:10177000EF92FF924B015C010E948D0B6B017C018B
:101780000E948D0B6C197D098E099F09683E73407C
:1017900081059105A8F321E0821A9108A108B108FA
:1017A00088EEC80E83E0D81EE11CF11C8114910460
:1017B000A104B10429F7FF90EF90DF90CF90BF9084
:1017C000AF909F908F90089520917A0B30917B0B72
:1017D00040917C0B50917D0B60917E0B70917F0B43
:1017E0008091800B9091810BA1E00E948751209302
:1017F0007A0B30937B0B40937C0B50937D0B609363
:101800007E0B70937F0B8093800B9093810B0895D8
:1018100070917A0B60917B0B50917C0B40917D0B0A
:1018200030917E0B20917F0B9091800B8091810BEA
:10183000EFEDFCE073876487558746873787208BF9
:10184000918B828B089570917A0B60917B0B5091F4
:101850007C0B40917D0B30917E0B20917F0B909102
:10186000800B8091810BEDE7FDE0708361835283F3
:10187000438334832583968387830895AF92BF92F1
:10188000CF92DF92EF92FF920F931F93CF93DF934C
:101890006C017B018B01040F151FEB015E01AE187B
:1018A000BF08C017D10759F06991D601ED91FC919D
:1018B0000190F081E02DC6011995892B79F7C501BA
:1018C000DF91CF911F910F91FF90EF90DF90CF901C
:1018D000BF90AF900895FC01538D448D252F30E0CB
:1018E000842F90E0821B930B541710F0CF9608952D
:1018F00001970895FC01918D828D981761F0A28D5A
:10190000AE0FBF2FB11D5D968C91928D9F5F9F731F
:10191000928F90E008958FEF9FEF0895FC01918DD5
:10192000828D981731F0828DE80FF11D858D90E042
:1019300008958FEF9FEF0895FC01918D228D892FDF
:1019400090E0805C9F4F821B91098F7399270895C7
:1019500082E49CE00E949C0C21E0892B09F420E0A9
:10196000822F0895FC01A48DA80FB92FB11DA35A91
:10197000BF4F2C91848D90E001968F739927848FAF
:10198000A689B7892C93A089B1898C9183708064D2
:101990008C93938D848D981306C00288F389E02D73
:1019A00080818F7D80830895EF92FF920F931F9324
:1019B000CF93DF93EC0181E0888F9B8D8C8D981302
:1019C0001AC0E889F989808185FF15C09FB7F8940E
:1019D000EE89FF896083E889F9898081837080645A
:1019E00080839FBF81E090E0DF91CF911F910F91A5
:1019F000FF90EF900895F62E0B8D10E00F5F1F4FB4
:101A00000F731127E02E8C8D8E110CC00FB607FCC2
:101A1000FACFE889F989808185FFF5CFCE010E9450
:101A2000B20CF1CFEB8DEC0FFD2FF11DE35AFF4F00
:101A3000F0829FB7F8940B8FEA89FB8980818062DE
:101A4000CFCF682F82E49CE00C94D40CCF93DF932B
:101A5000EC01888D8823B9F0AA89BB89E889F989C6
:101A60008C9185FD03C0808186FD0DC00FB607FCFB
:101A7000F7CF8C9185FFF2CF808185FFEDCFCE012E
:101A80000E94B20CE9CFDF91CF91089582E49CE0EF
:101A90000E94260DE2E4FCE0A289B3898C918F7E3E
:101AA0008C93A289B3898C91877F8C93A289B38907
:101AB0008C918F778C93A289B3898C918F7D8C9335
:101AC000828D818F089580E090E0892B29F00E941B
:101AD000A80C81110E94000080E090E0892B49F061
:101AE00080E090E0892B29F00E94000081110E9483
:101AF000000080E090E0892B49F080E090E0892BA5
:101B000029F00E94000081110E94000080E090E016
:101B1000892B49F080E090E0892B29F00E94000099
:101B200081110C94000008952F923F924F925F9282
:101B30006F927F928F929F92AF92BF92CF92DF92DD
:101B4000EF92FF920F931F93CF93DF93CDB7DEB742
:101B50002F970FB6F894DEBF0FBECDBFFC017F8775
:101B60006E875C874B8710821182128213821482E7
:101B70001582168217821086118612861386DB0163
:101B8000AB2B09F4D1C0DA01AB2B09F4CDC0DB01DA
:101B90008D909D90AD90BC90DA014D905D906D90D0
:101BA0007C90DB0114962C91149715963C91159717
:101BB00016964C91169717965C91179718966C91FC
:101BC000189719967C9119971A968C911A971B96CB
:101BD0009C91AB85BC8514962C90149715963C90DF
:101BE00015971696CC9016971796DC90179718961F
:101BF000EC9018971996FC9019971A960C911A97D1
:101C00001B961C9184149504A604B70409F4A6C07D
:101C1000B1E0B983481459046A047B040CF4A5C0EC
:101C20001982AB85BC854D905D906D907C90AE85A2
:101C3000BF854D915D916D917C91441A550A660A5C
:101C4000770AAB85BC8514963C9014971596BC9189
:101C5000BA83AB85BC851696BC91BB83AB85BC852E
:101C60001796BC91BC83AB85BC851896BC91BD838F
:101C7000AB85BC8519968C9019971A969C901A97EB
:101C80001B962C90AE85BF851496BC91BD87AE8502
:101C9000BF851596BC91BB87AE85BF851696BC9156
:101CA000BE83AE85BF851796BC91BF83AE85BF85C9
:101CB0001896BC91B887AE85BF851996BC91B98737
:101CC000AE85BF851A96BC91BA87AE85BF851B9637
:101CD000BC91BE87232D3A814B815C816D81782D2B
:101CE000892D922DAD84BB84CE80DF80E884F98479
:101CF0000A851B2F0E949C5108F440C00E949351FA
:101D000059016A017B018C01A981AA2309F455C0FC
:101D10004082518262827382A482B582C682D78257
:101D2000E086F18602871387CF012F960FB6F894CD
:101D3000DEBF0FBECDBFDF91CF911F910F91FF90FE
:101D4000EF90DF90CF90BF90AF909F908F907F905B
:101D50006F905F904F903F902F900895A1E0A983DE
:101D600051010E949C5108F45BCF9B858C85AE8508
:101D7000BF85BC87AB879E878F8753CF3A814B81C6
:101D80005C816D81305F4A455B4267417F4F8F4F79
:101D90009F4FAD84BB84CE80DF80E884F9840A85C0
:101DA0001E850E94935159016A017B018C0121E03B
:101DB000421A510861087108A7CF9501A601B70121
:101DC000C801A0E00E94A55169F4709460945094F9
:101DD0004094411C511C611C711C408251826282E2
:101DE0007382A2CFD301C20180959095A095B09542
:101DF00080839183A283B38320E030E145EA54EDF0
:101E000068EE70E080E090E00E9493512483358377
:101E100046835783608771878287938785CF8091B8
:101E2000410C882361F09FB7F8942091410C809178
:101E3000400C213019F48DBB9FBF08958FBF0895CA
:101E40000F931F93CF93DF938C01C62FD42F80E580
:101E500091E00E94030A60E0F80187810E94170B5D
:101E6000C064CD27DC27CD270CB405FC17C0DEBD30
:101E700000000DB407FEFDCF8EB5CEBD00000DB441
:101E800007FEFDCF8EB561E0F80187810E94170B38
:101E9000DF91CF911F910F910C940F0FCEBD0000D9
:101EA0000DB407FEFDCF8EB5DEBD00000DB407FEFC
:101EB000FDCFE8CFFC01EF56FF4F408160E00C946E
:101EC000200F8EBD00000DB407FEFDCF8EB5089526
:101ED000CF92DF92EF92FF921F93CF93DF93EC01AB
:101EE000162F80E591E00E94030A60E08F810E9436
:101EF000170B812F0E94610F80E00E94610FC82E96
:101F000080E00E94610F182F80E00E94610FD12CA9
:101F1000F12CE12C7601DD24CC24C80ED11CE11C6F
:101F2000F11C812F90E0982F8827C80ED91EE11C44
:101F3000F11C61E08F810E94170B0E940F0F8FE050
:101F400090E00197F1F7C701B601DF91CF911F91A2
:101F5000FF90EF90DF90CF9008951F93CF93DF9382
:101F6000EC0180E591E00E94030A60E08F810E940D
:101F7000170B82E00E94610F80E00E94610F182F12
:101F800061E08F810E94170B0E940F0F412F62E0CA
:101F9000CE01DF91CF911F910C94200F2F923F9291
:101FA0004F925F926F927F928F929F92AF92BF9269
:101FB000CF92DF92EF92FF920F931F93CF93DF9315
:101FC000CDB7DEB7AA970FB6F894DEBF0FBECDBF70
:101FD0001C0160E10E94680FD10153966D937D93BF
:101FE0008D939C93569762E1C1010E94680FF101A5
:101FF000678B708F818F928F61E1C1010E94680FA2
:10200000D1015F966D937D938D939C9392976BE135
:10201000C1010E94680FF10163A374A385A396A375
:102020006CE1C1010E94680F2B013C01D101979620
:102030004D925D926D927C929A9753968D909D9061
:10204000AD90BC9056978D869E86AF86B88A57967F
:102050000C91579758961C9158975996CC90599730
:102060005A96BC91B987F101878C90A0A1A0B2A02B
:1020700023A134A145A156A12C8F3D8F4E8F5F8F98
:10208000E059FF4FD080E180F280B3816481758197
:102090002D2D3E2D4F2D5B2F86819781A0E00E9434
:1020A000A55109F0B5C10FA318A7C9A6B985BAA74C
:1020B000E0918C0BEE8BF0918D0BFD8BC0908E0B15
:1020C000D0908F0BE090900BF090910B0091920BC1
:1020D0001091930BA5019401BF01C6010E94C74F47
:1020E000F101E858FF4F80809180A280B3809B016E
:1020F000AC01281939094A095B09298B3A8B4B8BAA
:102100005C8B70973081398341814A8352815B8334
:1021100083818C8394819D83A581AE83B681BF83A7
:10212000878088868091820B9091830B01974C0168
:10213000990FAA08BB0889869A86AB86BC8689282F
:102140008A288B2841F4812C912C54018394898610
:102150009A86AB86BC868D859E85AF85B8898FA013
:1021600098A4A9A4BAA488199909AA09BB094C0181
:102170005D01BB0C8808982C54018D869E86AF8625
:10218000B88AAE88BD889C01AD016D85762F862FFB
:10219000962F0E94DF4F2D873D8B4E8B5F8B688F74
:1021A000798F8A8F9B8F59016A017B018C01A0E096
:1021B0000E94A55109F4A7C0C301B2018C8C9D8C6B
:1021C000AE8CBF8C681979098A099B0920E432E436
:1021D0004FE050E0E980FA800B811C812E193F0905
:1021E000400B510B0E94375089017A014B0188A3A3
:1021F0009C8F69857A858B859C8522E030E040E064
:1022000050E00E94134F29013A01550F220B322F43
:10221000A90129833A834B835C839801A701B40108
:1022200088A19C8D52016301E980FE2C0E2D1E2D8C
:102230000E947E5149845A846B847C84770C4408C4
:10224000542C3201A984BA84CB84DC84E42CF42C91
:10225000042D142D0E947350422E732E4A016EA33A
:102260007DA3582E692EA0E00E94A55109F04CF4E0
:1022700044244394712C812C912C1EA21DA2512C1C
:10228000612C242D372DA4016EA17DA1852D962DC5
:1022900001E00E946151298339874C8F58A369A3BB
:1022A0007AA38BA39CA330E4A32E42E4B42E5FE078
:1022B000C52ED12CE12CF12C00E010E02D853D89BC
:1022C0004E895F89688D798D8A8D9B8D0E94DF4F45
:1022D00059016A017B018C01298139854C8D58A1F6
:1022E00069A17AA18BA19CA10E947E51A42CB72C3C
:1022F0006401EEA0FDA0052D162D0E94735059011A
:102300006A017B018C0149885A886B887C88770C2C
:102310004408542C320129893A894B895C89642DFF
:10232000742D842D942D0E947E51B22FA32FF42F53
:10233000F52E8B0189879983203E34474A4F5540BB
:10234000610571058105910551F04CF0B0EEA4E7EF
:10235000FAEF95E0F92E00E010E019861982EF2ED1
:10236000D12E2B2F3A2FA701602F712F89859981AC
:10237000203E3349444051056105710581059105B1
:102380004CF4B0EEA3E984E0E82EF12C00E0D12C6F
:1023900019861982F101B3A7A4A7E5A6F6A607A797
:1023A000D0AA898481AA998092AAA1014D5B5F4F2E
:1023B0009D01DA013C9311962C9311971296EC92A1
:1023C00012971396FC92C1010E94AD0FF10123A553
:1023D00034A545A556A567A570A981A992A9AA9675
:1023E0000FB6F894DEBF0FBECDBFDF91CF911F9126
:1023F0000F91FF90EF90DF90CF90BF90AF909F90A4
:102400008F907F906F905F904F903F902F900895A6
:10241000DFA2E8A6F9A6BAA74BCECF92DF92EF9241
:10242000FF920F931F93CF93DF93CDB7DEB72C9717
:102430000FB6F894DEBF0FBECDBF8C010E94CE0F49
:10244000D8019B962C939B979C963C939C979D962A
:102450004C939D979E965C939E979F966C939F97A7
:10246000D0967C93D097D1968C93D197D2969C930B
:1024700069017A01C8010E945A0F85E589838AEAB9
:102480008A83F801E057FF4F80818B83F894F8012D
:10249000738564855585468587858089818982898C
:1024A0009B01CA0178943C832D839E838F83C886C9
:1024B000D986EA86FB86FE013396AE01445F5F4F04
:1024C00080E06CE8E417F50781F09191892798E0A6
:1024D000282F30E03595279580FF05C0822F86276D
:1024E0009150B1F7EFCF822FFBCF8C8782E49CE035
:1024F0000E946B0C0C97D4F34CE050E0BE016F5F70
:102500007F4F82E49CE00E943E0CD8011B967C9198
:102510001B971C966C911C971D965C911D971E969F
:102520004C911E971F963C911F9750962C91509757
:1025300051969C91519752968C915297F801E05880
:10254000FF4F708361835283438334832583968353
:102550008783E554F109DB962C91318142815381C7
:102560006481758186819781A1E00E948751D8019D
:10257000DB962C93318342835383648375838683F4
:10258000978381E02C960FB6F894DEBF0FBECDBFC7
:10259000DF91CF911F910F91FF90EF90DF90CF903F
:1025A00008952F923F924F925F926F927F928F92F7
:1025B0009F92AF92BF92CF92DF92EF92FF920F93D2
:1025C0001F93CF93DF93CDB7DEB764970FB6F89420
:1025D000DEBF0FBECDBF9A8B898B280139014A011E
:1025E0001B01DC019B968C919B97D3968C93D39780
:1025F0009C968C919C97D4968C93D4979D968C9115
:102600009D97D5968C93D5979E968C919E97D696AE
:102610008C93D6979F968C919F97D7968C93D797AC
:10262000D0968C91D097D8968C93D897D1968C9140
:10263000D197D9968C93D997D2968C91D297DA96D6
:102640008C93DA97AC5ABF4FE989FA89E85BFF4F60
:10265000FC83EB838CE001900D928A95E1F78989E8
:102660009A890E94CE0FA989BA899B962C939B9731
:102670009C963C939C979D964C939D979E965C93BD
:102680009E979F966C939F97D0967C93D097D19668
:102690008C93D197D2969C93D297CD010E945A0FDA
:1026A000F894E989FA8923853485458556856785B7
:1026B000708981899289E058FF4FA080B180C280E3
:1026C000D380E480F58006811781208331834283A3
:1026D0005383648375838683978378940E94935190
:1026E00052016301740181010E94DF4FA989BA89F7
:1026F0009B96AC909B979C96BC909C979D96CC90FB
:102700009D979E96DC909E979F96EC909F97D09673
:10271000FC90D097D1960C91D197D2961C91D297DC
:102720000E949351D396AC90D397D496BC90D497F3
:10273000D596CC90D597D696DC90D697D796EC9038
:10274000D797D896FC90D897D9960C91D997DA96C6
:102750001C910E947E51522E632E742E852E962E31
:102760007983482EB92FA0E00E94A5510CF452C0E5
:10277000E989FA89E45BFF4FA080B180C280D380F1
:10278000E480F580068117810E947E512083318389
:10279000428353836483758386839783E080F180CB
:1027A00002811381C480D580B681B7809701A801CA
:1027B000B6018B2F9B2D2F3FAFE03A07A5EA4A07C2
:1027C000A4ED5A07A8EE6A0771058105910509F085
:1027D00008F475C03051454A544D684E710981095D
:1027E0009109208331834283538364837583868375
:1027F0009783AB81BC814D915D916D917C911397D5
:102800004F5F5F4F6F4F7F4F4D935D936D937C9301
:102810001397C4CF7981842D9B2F0E940151298762
:102820003A874B875C876D877E878F87988B29884F
:102830003A88ECE42E0E311CF101F081FB8BF101A2
:10284000F181FC8BF101A281F381FA83F101F48122
:10285000FD83F101F581FE83F101F681FF83F10132
:10286000F781F887AB88BC88CA2EDA80ED80FE80BD
:102870000F811F2F0E949C5111F008F05BC0252D85
:10288000362D472D582D692D7981842D9B2F0E943F
:102890007E51D1012C9311963C93119712964C9333
:1028A000129713965C93139714966C93149715963E
:1028B0007C93159716968C93169717969C93E98997
:1028C000FA89E95BFF4F81E08083E989FA89FB9609
:1028D000A989BA89DB962C91318142815381648127
:1028E000758186819781A1E00E948751A989BA8963
:1028F000DB962C9331834283538364837583868371
:10290000978364960FB6F894DEBF0FBECDBFDF91FC
:10291000CF911F910F91FF90EF90DF90CF90BF90DC
:10292000AF909F908F907F906F905F904F903F906F
:102930002F90089529853A854B855C856D857E8528
:102940008F859889AB88BC88DA80ED80FE800F8106
:1029500018850E94935129013A014B0189839A837A
:10296000A12C20E1B22E35EAC32E44EDD42E58EE30
:10297000E52EF12C00E010E09201A3010E94A4508A
:10298000A1E00E94875159016A01EB81FC8180819D
:102990009181A281B3818A199B09AC09BD09808309
:1029A0009183A283B383A12C60E1B62E75EAC72E72
:1029B000E4EDDE2EF8EEEF2EF12C00E010E09201B7
:1029C000A301B40189819A810E94A25059016A0130
:1029D0007B018C0120E030E145EA54ED68EE70E0C7
:1029E00080E090E00E94935154CFCF93DF93EC01AD
:1029F0000E94AD0FFE01EF56FF4F40814E7F60E019
:102A0000CE010E94200F6AE070E080E090E00E941A
:102A1000B20BCE010E94AD0FCE010E945A0F1B8A4D
:102A20001C8A1D8A1E8A1F8A188E198E1A8E1B8E6A
:102A30001C8E1D8E1E8E1F8E18A219A21AA21BA2FA
:102A40001CA21DA21EA21FA218A619A61AA61BA68A
:102A50001CA61DA61EA61FA618AA19AA1AAA1BAA5A
:102A60001CAA1DAA1EAA1FAA18AE19AE1AAEFE01F4
:102A7000ED5BFF4F10821182128213823496108216
:102A80003196108211821282138234961082118242
:102A9000128213821482158216821782389610824F
:102AA0001182128213823496108211821282138252
:102AB0001482158216821782B896108211821282B1
:102AC0001382148215821682178238961082118220
:102AD00012821382C457DF4F188219821A821B8216
:102AE000DF91CF910895CF92DF92EF92FF920F93F3
:102AF0001F93CF93DF938A01EA0126962AE0C22E24
:102B0000D12CE12CF12CA70196010E94454F605D6C
:102B10006A93B901CA01C017D107A9F7DF91CF9114
:102B20001F910F91FF90EF90DF90CF9008952F921B
:102B30003F924F925F926F927F928F929F92AF924D
:102B4000BF92CF92DF92EF92FF920F931F93CF939A
:102B5000DF93CDB7DEB72C970FB6F894DEBF0FBE6C
:102B6000CDBF29833A834B835C836D837E838F83C0
:102B700098871801FA86E98680EAA82E97EFB92E81
:102B800066ECC62E70E1D72EE12CF12C00E010E0AF
:102B900060E070E080E090E00E94DF4F00E10E9482
:102BA000635129013A014B018C879B8729813A8126
:102BB0004B815C816D817E818F81988500E20E94CE
:102BC000635100E00E94DF4F00E10E94485159012B
:102BD0006A017B018C019201A301B4018C859B8564
:102BE0000E947E5100E20E946351422E532E642EB9
:102BF000752EA301920160E472E48FE090E00E94E0
:102C0000C74F29813A814B815C81261B370B480BCA
:102C1000590BDA01C901803432E493073FE0A3077E
:102C2000B10548F04FEF441A540A640A740A8054FC
:102C30009244AF40B109F1014082518262827382B5
:102C4000E985FA8580839183A283B3832C960FB69E
:102C5000F894DEBF0FBECDBFDF91CF911F910F91D2
:102C6000FF90EF90DF90CF90BF90AF909F908F90AC
:102C70007F906F905F904F903F902F9008952F928C
:102C80003F924F925F926F927F928F929F92AF92FC
:102C9000BF92CF92DF92EF92FF920F931F93CF9349
:102CA000DF93CDB7DEB766970FB6F894DEBF0FBEE1
:102CB000CDBF1C017E8B6D8B842E0FEF1FEF672B1A
:102CC00009F4C2C080919F0B882341F090900202CA
:102CD000F0900102211113C0F12C14C08091C80E94
:102CE0009091C90E6CE0962E8D3091051CF497FDE5
:102CF00080E0982EF12C222351F0F090C60E29E0AE
:102D00002F1550F38CE0891510F45CE0952EAD89F9
:102D1000BE894D905D906D907C90810177FE0DC0D5
:102D20000F5F1F4F8DE2F101808370946094509487
:102D30004094411C511C611C711C498A5A8A6B8A3F
:102D40007C8A8FEF8F0D893008F0D9C0CF2CD12C21
:102D5000F601EE0FFF1FEE0FFF1FEF50FD4E259106
:102D6000359145915491C301B2010E94454F762E91
:102D7000A72EB82E692EF2E0FF1280C02AE030E0C4
:102D800040E050E00E94454F205DD8012C93605DEB
:102D900011966C936801B2E0CB0ED11CED89FE89CF
:102DA000992069F12601BFEF4B1A5B0A8EE2D6012A
:102DB0008C93248135814681578160857185828518
:102DC0009385BCE09B121AC1FE0131967F018E01F2
:102DD000035F1F4F0E9497156D857E858F859889AB
:102DE000A2010E947315A601495F5F4F69817A8134
:102DF0008B819C810E947315FDE0CF0ED11C882D24
:102E00008F7D09F430C180E2D6018C9383E6119660
:102E10008C93119788E612968C93129713968C9246
:102E200013978DE014968C9314978AE015968C93E3
:102E3000B6E0CB0ED11C860102191309A801B1011D
:102E400082E49CE00E943E0CC80166960FB6F8949E
:102E5000DEBF0FBECDBFDF91CF911F910F91FF90CD
:102E6000EF90DF90CF90BF90AF909F908F907F902A
:102E70006F905F904F903F902F900895E3E0FE1287
:102E800026C024E630E040E050E00E94454F205D3F
:102E9000D8012C933AE0C32ED12CE12CF12CA701C0
:102EA00096010E94454F205DF8012183672D7A2D00
:102EB0008B2D962DA70196010E94454F605DD8018C
:102EC00012966C936801B3E0CB0ED11C67CFC00E95
:102ED000D11E76012AE0422E512C612C712CE1E0AA
:102EE000EE1AF108A30192010E94454F605DD701DF
:102EF0006C93B901CA010E151F0589F74FCFBAE0CF
:102F00004B165104610471044CF46801EFEFCE1AC2
:102F1000DE0A80E3840DD8018C9340CF8AE0A82E8E
:102F2000B12CC12CD12CC301B201A60195010E9484
:102F3000454F90E3F92EF60EB4E64B1651046104AA
:102F400071045CF4205DF80120836801F2E0CF0E8B
:102F5000D11CD8011196FC9221CFB8EE4B16B3E0EC
:102F60005B0661047104D0F4C301B20124E630E0D1
:102F700040E050E00E94454F205DF8012083A6010B
:102F800095010E94454F205DD80111962C93680150
:102F9000B3E0CB0ED11CF801F28200CFCE01019636
:102FA0005C01D12CC12C7C019FEFC91AD90A698917
:102FB0007A898B899C892AE030E040E050E00E94C9
:102FC000454F605DD5016D935D01298B3A8B4B8B2D
:102FD0005C8B89899A89AB89BC89892B8A2B8B2B3D
:102FE00019F7F801C601019730F0D701A80FB91FF2
:102FF0002C912193F8CFC00ED11ED0CE692C712C0C
:10300000A6E0A91598F0FE0131967F018E01035FBD
:103010001F4F0E9497156D857E858F859889A20127
:103020000E9473156201C60CD71CE9CEDE01119611
:103030007D018E01035F1F4F0E9497156D857E8570
:103040008F859889A2010E947315B7E0CB0ED11C21
:1030500069817A818B819C81A6010E947315E6E0CB
:103060006E1A7108E0CF8DE0F60180838AE08183DB
:10307000F2E0CF0ED11CDFCEDB0141505109FC0143
:103080002491222349F00196FD01E61BF70BE4177A
:10309000F50710F42D93F3CF1C920895CF93DF938F
:1030A000DC01FB01EA018991AE0120813181882395
:1030B000E1F022303105C8F02D913C911197C90102
:1030C000019611969C938E93CE010197EC01888115
:1030D000E9018883CD91DC9111971882208131819B
:1030E0002150310931832083DDCF81E02230310549
:1030F00008F480E0DF91CF9108954F925F926F9234
:103100007F92AF92BF92CF92DF92EF92FF920F9396
:103110001F93CF93DF9300D000D000D01F921F9257
:10312000CDB7DEB78C017B0157FF21C0DB018D914C
:103130009C91029708F457C0D801ED91FC9111972A
:10314000CF01019611969C938E938DE28083ED9131
:10315000FC911082FB018081918101979183808392
:1031600050954095309521953F4F4F4F5F4FCA0185
:10317000B9011B866E01FBE0CF0ED11C2AE0422E66
:10318000512C612C712C9E012F5F3F4F5901A301DF
:1031900092010E94454F605DD6016E936D01B901A9
:1031A000CA01611571058105910519F0AA16BB06C2
:1031B00071F7A601B701C8010E944E182B960FB6F1
:1031C000F894DEBF0FBECDBFDF91CF911F910F915D
:1031D000FF90EF90DF90CF90BF90AF907F906F9077
:1031E0005F904F90089580E0E9CFCF93DF93EC019B
:1031F000DB012D913C91119722303105D0F0FA017D
:1032000084914F5F5F4F8823A1F0E881F9819F018E
:103210002F5F3F4F398328838083E881F9811082B3
:103220002D913C9111972150310911963C932E9389
:10323000E0CF81E02230310508F480E0DF91CF91CA
:103240000895AF92BF92CF92DF92EF92FF920F93C9
:103250001F938091950B81116FC02091B20E309118
:10326000B30E4091B40E5091B50E6091B60E7091B0
:10327000B70EA0902B0EB0902C0EC0902D0ED090BB
:103280002E0EE0902F0EF090300E0091310E109126
:10329000320E8091B80E9091B90E0E949C5109F0A7
:1032A0004BC02091BA0E3091BB0E4091BC0E509194
:1032B000BD0E6091BE0E7091BF0EA090330EB09007
:1032C000340EC090350ED090360EE090370EF09050
:1032D000380E0091390E10913A0E8091C00E9091E7
:1032E000C10E0E949C5141F52091C20E3091C30E37
:1032F00080913B0E90913C0E28173907E9F490918C
:10330000CF0E8091480E981317C09091D00E8091E7
:10331000490E981311C081E02091CA0E9091430E7E
:10332000291301C080E01F910F91FF90EF90DF9073
:10333000CF90BF90AF90089581E0F5CF87E8ECE89B
:10334000FEE0A5E0BEE001900D928A95E1F71092B3
:10335000270B0895682F82E49CE00E94D40C82E43D
:103360009CE00C94260DCF92DF92EF92FF920F9388
:103370001F93CF93DF938C016B01D0E0C0E082E418
:103380009CE00E949C0C892B39F461E070E080E0A5
:1033900090E00E94B20BF3CF82E49CE00E947A0C92
:1033A0008D309105B1F4209731F08DE00E94AA197B
:1033B0008AE00E94AA19F801EC0FFD1F1082CE01CD
:1033C000DF91CF911F910F91FF90EF90DF90CF9001
:1033D00008958A30910539F38830910519F08F37B7
:1033E000910569F4209759F2219788E00E94AA1963
:1033F00080E20E94AA1988E00E94AA19C0CF7E012B
:103400002FEFE21AF20AEC14FD0408F0B8CFC00F57
:10341000D11F88830E94AA19E701B1CF9EEF980FB0
:10342000923008F4A5C09EEE980F943008F4A0C026
:1034300090E0FC01EB59FD4E2491FC01E15EFD4E54
:103440003491433009F038C0323031F540919F0A51
:10345000422B40939F0A835D9B4FFC01A491323025
:1034600009F043C0B0E0AA0FBB1FA257B54F6D9340
:103470007C93E9E0F2E1A591B4918C918093A00A4C
:103480008BE690E090937D0A80937C0A809168009F
:103490008160809368004AC03A3031F44091B10AAB
:1034A000422B4093B10AD7CF3B30A9F64091C40AD2
:1034B000422B4093C40ACFCF323031F440919E0A60
:1034C000422B40939E0AC7CF3A3031F44091B00A64
:1034D000422B4093B00ABFCF3B3009F0BCCF4091A4
:1034E000C30A422B4093C30AB6CF3A3039F5B0E055
:1034F000AA0FBB1FAF55B54F6D937C93E9E1F2E185
:10350000A591B4918C918093B20A8CE690E090934F
:103510007D0A80937C0A80916800826080936800B5
:103520008091AF0A822B8093AF0A220FA0917C0A70
:10353000B0917D0AEC912E2B2C9308953B30B1F77E
:10354000B0E0AA0FBB1FAD54B54F6D937C93EBE178
:10355000F2E1A591B4918C918093C50A8DE690E03B
:1035600090937D0A80937C0A80916800846091CF5B
:103570009FB7F894833069F18231A1F0823039F538
:103580007093870A6093860AEC9880916A008C7F1A
:1035900080936A0080916A00482B40936A00E49A05
:1035A000EC9A15C07093850A6093840AEB98809119
:1035B00069008F738093690080916900F0E44F9FE8
:1035C000A0011124482B40936900E39AEB9A9FBF16
:1035D00008957093890A6093880AED9880916A0033
:1035E000837F80936A0080916A0024E0429FA0015B
:1035F0001124482B40936A00E59AED9AE8CFFC012C
:1036000001900020E9F73197AF01481B590BBC012D
:1036100082E49CE00C943E0CCF93DF93D0E0C0E0BA
:10362000009719F00E94FF1AEC0182E492E00E94D8
:10363000FF1A8C0F9D1FDF91CF9108950C94FF1AF4
:1036400085E492E00E941E1B8DE193E00E941E1B08
:1036500082E49CE00C94260DCF93DF93EC0185E48B
:1036600092E00E941E1BCE010E940C1B82E49CE093
:10367000DF91CF910C94260D0F931F93CF93DF937F
:10368000CDB7DEB7C458D1090FB6F894DEBF0FBE70
:10369000CDBF19828E010F5F1F4FCF57DF4F1983A8
:1036A0000883C158D04080E890E0CD57DF4F998320
:1036B0008883C358D04048E452E0BE016D577F4F25
:1036C000CE018F579F4F0E944E184FE152E0BE012E
:1036D0006D577F4FCE018F579F4F0E944E184BE57D
:1036E00052E0BE016D577F4FCE018F579F4F0E9412
:1036F0004E1847E152E0BE016D577F4FCE018F5704
:103700009F4F0E944E18CD57DF4F88819981C35833
:10371000D040029720F1CF57DF4FE881F981C1589F
:10372000D040CF010196CF57DF4F99838883C1588E
:10373000D04089E28083CF57DF4FE881F981C158BB
:10374000D0401082CD57DF4F88819981C358D04037
:103750000197CD57DF4F99838883C358D0404EE5FA
:1037600052E0BE016D577F4FCE018F579F4F0E9491
:103770004E1848E65BE0BE016D577F4FCE018F5774
:103780009F4F0E944E18C8010E942C1B81E0CC570D
:10379000DF4F0FB6F894DEBF0FBECDBFDF91CF91E4
:1037A0001F910F91089584E492E00E942C1B84E401
:1037B00092E00E942C1B81E00895CF93DF93CDB758
:1037C000DEB7C058D1090FB6F894DEBF0FBECDBF2B
:1037D00084E492E00E942C1B40E850E0BE016F5F41
:1037E0007F4F8EE999E00E943C18CE0101960E941D
:1037F0002C1B40E850E0BE016F5F7F4F80E999E0ED
:103800000E943C18CE0101960E942C1B40E850E01B
:10381000BE016F5F7F4F81E899E00E943C18CE01A6
:1038200001960E942C1B40E850E0BE016F5F7F4F65
:1038300082E799E00E943C18CE0101960E942C1B61
:1038400040E850E0BE016F5F7F4F83E699E00E9441
:103850003C18CE0101960E942C1B40E850E0BE01AE
:103860006F5F7F4F89E499E00E943C18CE0101967A
:103870000E942C1B40E850E0BE016F5F7F4F89E340
:1038800099E00E943C18CE0101960E942C1B84E412
:1038900092E00E942C1BC058DF4F0FB6F894DEBF99
:1038A0000FBECDBFDF91CF9108950F931F93CF939C
:1038B000DF938C0185E492E00E941E1BE801FE016B
:1038C00064912196662329F082E49CE00E94D40C46
:1038D000F6CF82E492E00E94FF1A82E49CE0DF913E
:1038E000CF911F910F910C94260D8091950B811112
:1038F00023C00E942119882351F08FE495E00E9493
:10390000551C68EE73E080E090E00C94B20B80915F
:10391000270B882371F08BED95E00E94551C1092C7
:10392000270B85EB95E00E94551C84E895E00C94EC
:10393000551C85EB95E0FBCF0895CF93DF939C0159
:10394000D9019C912F5F3F4F9032D1F39930C1F351
:10395000FD0101900020E9F73197EF01AE17BF0795
:1039600028F482918032C9F38930B9F31882CD01ED
:10397000DF91CF910895CF93C82F80EC9BE00E94F8
:103980002C1B8FE593E10E94551C84E492E00E9479
:103990002C1BC11107C081E593E10E94551C81E0F9
:1039A000CF91089580E493E10E94551C8CE293E14D
:1039B0000E94551C0E94201B82E49CE00E949C0CEB
:1039C000181619062CF482E49CE00E947A0CF4CFBD
:1039D00060E270E080EA9BE00E94B31980EA9BE01D
:1039E0000E949D1CFC0180818233A9F689E193E14C
:1039F0000E94551C80E0D4CF8F929F92AF92BF92CD
:103A0000CF92DF92EF92FF920F931F93CF93DF93AA
:103A1000CDB7DEB7A1970FB6F894DEBF0FBECDBF0E
:103A20006C01990FEE08FF08F7FE3FC08DE20E947F
:103A3000210D8C0122273327A9012C193D094E099C
:103A40005F0919A2CE0181967C019AE0892E912C02
:103A5000A12CB12CCA01B901A50194010E94454FC6
:103A6000605DF70162937F01211531054105510524
:103A700089F790E080E0309719F0CF010E94FF1A9B
:103A8000800F911FA1960FB6F894DEBF0FBECDBF79
:103A9000DF91CF911F910F91FF90EF90DF90CF902A
:103AA000BF90AF909F908F900895A701960119A2A3
:103AB0008E010F5D1F4F8AE0C82ED12CE12CF12C16
:103AC000CA01B901A70196010E94454F605DF80146
:103AD00062938F01211531054105510589F790E069
:103AE00080E0309779F2CF010E94FF1ACBCFEF929E
:103AF000FF920F931F93CF93DF938B010C5F1F4FA8
:103B0000EB017C01E61AF70AC7018C0F9D1F0E948A
:103B1000FD4E8993C017D107B9F784E090E0DF919B
:103B2000CF911F910F91FF90EF900895CF92DF9268
:103B3000EF92FF920F931F93CF93DF931F921F92E9
:103B4000CDB7DEB78B01BE016F5F7F4F0E94524938
:103B50006B017C01E981FA81808181112CC020E018
:103B600030E0A901C701B6010E94304B87FD23C098
:103B700029EA3FE543E658E5C701B6010E94C24F76
:103B80001816CCF0C701B6010E94764FF8012083C9
:103B9000318342835383648375838683978381E073
:103BA0000F900F90DF91CF911F910F91FF90EF90A9
:103BB000DF90CF90089580E0F3CFEF92FF920F93C4
:103BC0001F93CF93DF937C018B01D0E0C0E0F8011D
:103BD00061918F01C7018C0F9D1F0E94054F219697
:103BE000C430D105A1F784E090E0DF91CF911F911F
:103BF0000F91FF90EF900895CF93DF9384E890E1C9
:103C00000E94551C84E492E00E942C1B8CE690E1FB
:103C10000E94551C0E94201B60E870E080EC9BE035
:103C20000E94B31980EC9BE00E949D1C6FE672E03D
:103C30000E94D851EC01892BA9F48AE390E10E94FB
:103C4000551C6FEFCE010E94054F2196C11580E1F2
:103C5000D807B9F78CE190E10E94551C80E0DF9114
:103C6000CF91089584E590E10E94551C81E0F7CF43
:103C7000EF92FF920F931F93CF93DF937C018B0101
:103C8000D0E0C0E0F80161918F01C7018C0F9D1F4A
:103C90000E94054F2196C738D105A1F787E890E02B
:103CA000DF91CF911F910F91FF90EF900895CF93E7
:103CB000DF93CDB7DEB7C758D1090FB6F894DEBF92
:103CC0000FBECDBF8233B1F08333B9F0813309F039
:103CD00054C18EE191E10E94551C1092270B80E0A7
:103CE000C957DF4F0FB6F894DEBF0FBECDBFDF91CF
:103CF000CF91089583EF90E1EECF8CE0898341E18D
:103D000050E06FE172E0CE0102960E94E85184E437
:103D10008B8B41E150E068E67BE0CE0144960E9447
:103D2000E8511DA21EA280E88FA386E988A788E932
:103D300089A71AA61BA61CA61DA61EA61FA681EE55
:103D400088AB85EF89AB85E08AAB1BAA1CAA1DAAAC
:103D50001EAA84E190E098AF8FAB85E090E09AAF27
:103D600089AF1CAE1BAE8BE090E09EAF8DAF80E5BF
:103D70008FAF80E092ECA1E0B0E024968CAF9DAFD5
:103D8000AEAFBFAF249781E427968FAF279782E429
:103D900028968FAF289729961FAE29972A961FAE8F
:103DA0002A972B961FAE2B972C961FAE2C972D96ED
:103DB0001FAE2D972E961FAE2E972F961FAE2F97C4
:103DC00060961FAE609761961FAE619762961FAEB8
:103DD000629763961FAE639764961FAE649765966D
:103DE0001FAE659766961FAE669767961FAE67977C
:103DF00068961FAE689782E525968FAF2597269621
:103E00008FAF269794EC69969FAF699789E06A9681
:103E10008FAF6A976B961FAE6B976C961FAE6C97C1
:103E20006D961FAE6D976E961FAE6E976F961FAE16
:103E30006F97A0961FAEA097A1969FAFA197A2964D
:103E40008FAFA297A3961FAEA397A4961FAEA49779
:103E5000A5961FAEA597A6961FAEA697A7961FAECE
:103E6000A797A8961FAEA897A9961FAEA997AA963E
:103E70001FAEAA97AB961FAEAB97AC961FAEAC9792
:103E8000AD961FAEAD97AE961FAEAE97AF961FAE76
:103E9000AF97E0961FAEE097E1961FAEE197E296EE
:103EA0001FAEE297E3961FAEE397E4961FAEE4974A
:103EB000E5961FAEE597E6961FAEE697E7961FAE2E
:103EC000E797E8961FAEE897E9961FAEE997EA965E
:103ED0001FAEEA97EB961FAEEB97EC961FAEEC97F2
:103EE000ED961FAEED97EE961FAEEE97EF961FAED6
:103EF000EF97C158DF4F1882CF57D040C058DF4FDF
:103F00001882C058D040CF57DF4F1882C158D040D8
:103F1000CE57DF4F1882C258D040CD57DF4F18829E
:103F2000C358D040CC57DF4F1882C458D040CB572D
:103F3000DF4F1882C558D040CA57DF4F1882C65885
:103F4000D040C957DF4F1882C758D04087E8FE01DC
:103F50003196ACE8BEE001900D928A95E1F76CE8ED
:103F60007EE090E080E00E94381E83ED90E10E94A8
:103F7000551C81E08093950BB2CE81E0B1CE1F93AA
:103F8000CF93DF9300D000D01F921F92CDB7DEB742
:103F9000142F6CE87EE090E080E00E94381E1092C2
:103FA000270B83EE9FE00E94551C1123F1F184E45E
:103FB00092E00E942C1B85EC9FE00E94551C80EB38
:103FC0009FE00E94551C89E89FE00E94551C84E4F4
:103FD00092E00E942C1B0E94201B68E070E0CE0142
:103FE00001960E94B319CE0101960E949D1C63E7C1
:103FF00072E00E94D851892B79F481E08093950B6F
:1040000010E0812F28960FB6F894DEBF0FBECDBF0B
:10401000DF91CF911F91089587E69FE00E94551C84
:104020008EE39FE00E94551CECCF81E08093950BBE
:10403000E8CF2F923F924F925F926F927F928F9232
:104040009F92AF92BF92CF92DF92EF92FF920F9327
:104050001F93CF93DF93CDB7DEB7C758D1090FB603
:10406000F894DEBF0FBECDBF84E492E00E942C1B0B
:1040700040E850E09E012F5F3F4F4901B90184E9BC
:104080009AE00E943C18C4010E942C1B40E850E0BA
:10409000B40182E79AE00E943C188CE8682E8EE01A
:1040A000782EF30126A037A040A451A4F2A5CD5745
:1040B000DF4FF883C358D040F301F3A5CC57DF4F4F
:1040C000F883C458D040F301F4A5CB57DF4FF883F1
:1040D000C558D040F301F5A5CA57DF4FF883C6583D
:1040E000D040F40101900020E9F731979F01281991
:1040F0003909CF57DF4F39832883C158D04090E426
:10410000A92E22E4B22E3FE0C32ED12CE12CF12CBB
:1041100000E010E09101A201CD57DF4F6881C35844
:10412000D040CC57DF4F7881C458D040CB57DF4FB9
:104130008881C558D040CA57DF4F9881C658D040B3
:104140000E9471505F934F933F932F939101A2016F
:10415000CD57DF4F6881C358D040CC57DF4F7881AF
:10416000C458D040CB57DF4F8881C558D040CA577C
:10417000DF4F9881C658D0400E9473505F934F9391
:104180003F932F9385E792E09F938F9340E8442ECF
:10419000512CC201CF57DF4FE881F981C158D0407F
:1041A0008E1B9F0B9F938F93CF01880D991D9F931B
:1041B0008F930E94F751C4010E942C1B40E850E0ED
:1041C000B40181E59AE00E943C18F30126A437A4CB
:1041D000F0A9CF57DF4FF883C158D040F301F1A9C0
:1041E000CD57DF4FF883C358D040F301F2A9CC5725
:1041F000DF4FF883C458D040F301F3A9CB57DF4F0A
:10420000F883C558D040F301F4A9CA57DF4FF883AB
:10421000C658D040F301F5A9C957DF4FF883C758F6
:10422000D040F40101900020E9F731973F01681870
:1042300079089101CF57DF4F4881C158D040CD5701
:10424000DF4F5881C358D040CC57DF4F6881C458E6
:10425000D040CB57DF4F7881C558D040CA57DF4F89
:104260008881C658D040C957DF4F9881C758D04081
:104270000E9471505F934F933F932F939101CF57BB
:10428000DF4F4881C158D040CD57DF4F5881C358C8
:10429000D040CC57DF4F6881C458D040CB57DF4F58
:1042A0007881C558D040CA57DF4F8881C658D04062
:1042B000C957DF4F9881C758D0400E9473505F9311
:1042C0004F933F932F9384E892E09F938F93C20183
:1042D000861997099F938F93C401860D971D9F930D
:1042E0008F930E94F751C4010E942C1B40E850E0BC
:1042F000B40186E29AE00E943C18F401019000208B
:10430000E9F73197CF0188199909EBEDFEE0238198
:104310002F9322812F9321812F9320812F93E3EDDF
:10432000FEE023812F9322812F9321812F932081DF
:104330002F9304E912E01F930F939201281B390B6E
:104340003F932F93880D991D9F938F930E94F75150
:104350000FB6F894DEBF0FBECDBFC4010E942C1B68
:1043600040E850E0B40182E09AE00E943C18F40179
:1043700001900020E9F73197CF0188199909EBEEF8
:10438000FEE023812F9322812F9321812F9320817F
:104390002F93E3EEFEE023812F9322812F9321813F
:1043A0002F9320812F931F930F939201281B390B7A
:1043B0003F932F93880D991D9F938F930E94F751E0
:1043C000C4010E942C1B40E850E0B4018EED99E03E
:1043D0000E943C18F40101900020E9F73197CF01C9
:1043E00088199909EBEFFEE023812F9322812F9307
:1043F00021812F9320812F93E3EFFEE023812F93E0
:1044000022812F9321812F9320812F931F930F932C
:104410009201281B390B3F932F93880D991D9F9371
:104420008F930E94F751C4010E942C1B40E850E07A
:10443000B4018EEB99E00E943C18F4010190002039
:10444000E9F73197CF0188199909EBE0FFE0238163
:104450002F9322812F9321812F9320812F93E3E0AB
:10446000FFE023812F9322812F9321812F9320819D
:104470002F931F930F93481A590A5F924F92880DFA
:10448000991D9F938F930E94F7510FB6F894DEBF4A
:104490000FBECDBFC4010E942C1B84E492E00E9499
:1044A0002C1BC957DF4F0FB6F894DEBF0FBECDBF30
:1044B000DF91CF911F910F91FF90EF90DF90CF9000
:1044C000BF90AF909F908F907F906F905F904F9034
:1044D0003F902F900895CF93DF93CDB7DEB7C058AC
:1044E000D1090FB6F894DEBF0FBECDBF84E492E0D1
:1044F0000E942C1B40E850E0BE016F5F7F4F8EE2B0
:1045000099E00E943C18CE0101960E942C1B40E8C5
:1045100050E0BE016F5F7F4F8FE199E00E943C1831
:10452000CE0101960E942C1B40E850E0BE016F5F57
:104530007F4F89E099E00E943C18CE0101960E94CD
:104540002C1B40E850E0BE016F5F7F4F83EF98E087
:104550000E943C18CE0101960E942C1B40E850E0BE
:10456000BE016F5F7F4F89ED98E00E943C18CE013D
:1045700001960E942C1B40E850E0BE016F5F7F4F08
:104580008DEC98E00E943C18CE0101960E942C1BF5
:1045900040E850E0BE016F5F7F4F89EB98E00E94DA
:1045A0003C18CE0101960E942C1B40E850E0BE0151
:1045B0006F5F7F4F8EEA98E00E943C18CE01019613
:1045C0000E942C1B40E850E0BE016F5F7F4F8DE9D9
:1045D00098E00E943C18CE0101960E942C1B84E4B6
:1045E00092E00E942C1B40E850E0BE016F5F7F4FBD
:1045F0008EE898E00E943C18E091B00E66E878E002
:10460000E83038F4F0E0EE0FFF1FE95FFD4F608106
:104610007181CE0101960E94C24ACE0101960E948C
:104620002C1B84E492E00E942C1BC058DF4F0FB675
:10463000F894DEBF0FBECDBFDF91CF9108952F92CA
:104640003F924F925F926F927F928F929F92AF9222
:10465000BF92CF92DF92EF92FF920F931F93CF936F
:10466000DF93CDB7DEB764970FB6F894DEBF0FBE09
:10467000CDBF29833A834B835C8369877A878B8795
:104680009C872AA52D833BA53E838CA58F83EDA512
:10469000E887FEA5FD872FA52E8738A93F8789A922
:1046A000888B2AA83BA84CA85DA8EEA9E98BFFA996
:1046B000FA8B28AD2B8B39AD3C8B6AAC7BAC8CACC8
:1046C0009DAC8EAD9FAD5F924F923F922F92E88549
:1046D000EF93FF81FF932E812F933D813F93DF92D4
:1046E000CF92BF92AF92EC81EF93FB81FF932A812F
:1046F0002F9339813F939F938F938DEF95E09F93F5
:104700008F9380EC9BE09F938F930E94004B80ECF3
:104710009BE00E942C1B84E492E00E942C1B80E40E
:1047200093E10E94551C8CE293E10E94551C0E946B
:10473000201B60E870E080EC9BE00E94B31980ECE5
:104740009BE00E949D1C0FB6F894DEBF0FBECDBF4C
:10475000FC012081223309F043C001900020E9F7D9
:104760009F012250310928173907D1F52981F3011A
:1047700020833A8131838B8182832C812383398505
:1047800034838A8585832B8526833C853783F40192
:10479000A082B182C282D382E482F582068317832B
:1047A0001092270B89E193E10E94551C80E06496EA
:1047B0000FB6F894DEBF0FBECDBFDF91CF911F9132
:1047C0000F91FF90EF90DF90CF90BF90AF909F90B0
:1047D0008F907F906F905F904F903F902F900895B3
:1047E0002D81F30120833E8131838F81828328854F
:1047F00023833D8534838E8585832F852683388961
:104800003783F401208231824282538229892483B2
:104810003A8935838B8986832C89278381E593E1C7
:104820000E94551C81E0C3CFCF92DF92EF92FF929E
:104830000F931F93CF93DF93CDB7DEB7C058D10945
:104840000FB6F894DEBF0FBECDBF84E492E00E94A5
:104850002C1B40E850E08E010F5F1F4FB8018DE622
:1048600098E00E943C18C8010E942C1B40E850E0D0
:10487000B80187E598E00E943C18E091B00E66E828
:1048800078E0E83038F4F0E0EE0FFF1FE95FFD4F0D
:1048900060817181C8010E94C24A67E876E0C80160
:1048A0000E94C251C8010E942C1B40E850E0B80190
:1048B00080E398E00E943C18E091C60EF091C70E8C
:1048C0001E161F060CF478C165E776E087E09BE0D2
:1048D0000E94CD4AF80101900020E9F73197E01BD2
:1048E000F10B87E09BE09F938F938091C70E8F938E
:1048F0008091C60E8F938DE992E09F938F9380E80D
:10490000E82EF12CC7018E1B9F0B9F938F93E00F16
:10491000F11FFF93EF930E94F751C8010E942C1BD7
:1049200040E850E0B80189E098E00E943C18F801A6
:1049300001900020E9F73197E01BF10B8091C90E3F
:104940008F938091C80E8F9383EA92E09F938F9309
:10495000C7018E1B9F0B9F938F93E00FF11FFF9357
:10496000EF930E94F751C8010E942C1B40E850E0D1
:10497000B80186EE97E00E943C18F80101900020F3
:10498000E9F73197E01BF10B8091CA0E282F082E12
:10499000000C330B3F938F939AEAC92E92E0D92EE5
:1049A000DF92CF92C7018E1B9F0B9F938F93E00FD7
:1049B000F11FFF93EF930E94F751C8010E942C1B37
:1049C00040E850E0B80187EC97E00E943C18F801FD
:1049D00001900020E9F73197E01BF10B8091D20E96
:1049E000282F082E000C330B3F938F938091D10E0C
:1049F000282F082E000C330B3F938F9387EA92E009
:104A00009F938F93C7018E1B9F0B9F938F93E00FF4
:104A1000F11FFF93EF930E94F7510FB6F894DEBF9A
:104A20000FBECDBFC8010E942C1B40E850E0B8016A
:104A300087EA97E00E943C188091B10E882309F420
:104A4000EFC0F80101900020E9F73197E01BF10B6E
:104A5000282F082E000C330B3F938F93DF92CF92B9
:104A6000EE1AFF0AFF92EF92E00FF11FFF93EF9310
:104A70000E94F7510FB6F894DEBF0FBECDBFC8013C
:104A80000E942C1B40E850E0B8018BE897E00E94A0
:104A90003C18C8010E942C1B40E850E0B80189E690
:104AA00097E00E943C18F80101900020E9F7319747
:104AB000E01BF10B8091CE0E8F938091CD0E8F93E2
:104AC0008091CC0E8F938091CB0E8F938EEA92E0E3
:104AD0009F938F9380E890E08E1B9F0B9F938F9303
:104AE000E00FF11FFF93EF930E94F751C8010E945E
:104AF0002C1B84E492E00E942C1B40E850E0B8019B
:104B000080E597E00E943C18C8010E942C1B40E8F9
:104B100050E0B8018AE397E00E943C18C8010E9467
:104B20002C1B40E850E0B80180E297E00E943C185E
:104B3000C8010E942C1B40E850E0B8018AEE96E0C4
:104B40000E943C18C8010E942C1B84E492E00E9441
:104B50002C1B40E850E0B8018DEC96E00E943C1818
:104B6000C8010E942C1B40E850E0B80186EA96E09C
:104B70000E943C18C8010E942C1B40E850E0B8017C
:104B800080E896E00E943C18C8010E942C1B0FB6DA
:104B9000F894DEBF0FBECDBFC058DF4F0FB6F894FC
:104BA000DEBF0FBECDBFDF91CF911F910F91FF9060
:104BB000EF90DF90CF900895EA30F105F4F4EE0F16
:104BC000FF1FEE0FFF1FE35BF94F85919591A591B4
:104BD000B491BF93AF939F938F9385E396E09F9398
:104BE0008F9387E09BE09F938F930E94004B0FB6BB
:104BF000F894DEBF0FBECDBF6DCEFF93EF938CE177
:104C000096E09F938F9387E09BE09F938F930E9402
:104C1000004B0F900F900F900F900F900F905ACE67
:104C200061EA77E0C8010E94C24A29CF0E94142499
:104C300081E008952F923F924F925F926F927F9200
:104C40008F929F92AF92BF92CF92DF92EF92FF929C
:104C50000F931F93CF93DF93CDB7DEB7C55BD10919
:104C60000FB6F894DEBF0FBECDBF7B01C455DF4F3A
:104C70004883CC5AD040190130E020E002171307D6
:104C800009F45BC2F1019491A101435D5F4F891763
:104C900021F02F5F3F4F1A01F1CF2114310409F4A5
:104CA0004CC231962491C555DF4F2883CB5AD04052
:104CB000349685909590A590B490F1013D964590DD
:104CC000559065907490F101B396E491F101B59619
:104CD00085919591A591B491F10133960591149127
:104CE000F101B19625913491C555DF4F3881CB5AEA
:104CF000D040353009F014C1F1017D9625913491F1
:104D00004EE0203B340709F075C01091B00E80933F
:104D1000B00E181302C081E011C281E08093270B0E
:104D20001092C00B80EC9BE023969FAF8EAF239731
:104D300080E890E09A8389834CE355E0BE016F5F81
:104D40007F4FCE018F5B9F4F0E94F518E091B00E10
:104D500046E858E0E83038F4F0E0EE0FFF1FE95F76
:104D6000FD4F40815181BE016F5F7F4FCE018F5B50
:104D70009F4F0E94F51880EC9BE00E942C1BC455AD
:104D8000DF4F5881CC5AD040552311F40C941A317E
:104D900084E492E00E942C1B8BE295E00E94551C5B
:104DA00087E195E00E94551C0E94201B60E870E09E
:104DB00080EC9BE00E94B31980EC9BE00E949D1C5C
:104DC000FC012081223311F00C941A310190002053
:104DD000E9F79F01225031092817390711F00C9487
:104DE0001A311093B00E1092270B84E095E00E94C8
:104DF000551C91CF2B5C3E4009F08DCFC090CB0E5F
:104E0000D090CC0EE090CD0EF090CE0E8093CB0ED5
:104E10009093CC0EA093CD0EB093CE0E8C159D0525
:104E2000AE05BF0509F477CF81E08093270B109280
:104E3000C00B80EC9BE023969FAF8EAF239780E85A
:104E400090E09A83898341EE54E0BE016F5F7F4F0B
:104E5000CE018F5B9F4F0E94F518A7019601BE01FE
:104E60006F5F7F4FCE018F5B9F4F0E947D184AED91
:104E700054E0BE016F5F7F4FCE018F5B9F4F0E945A
:104E8000F5182091CB0E3091CC0E4091CD0E509163
:104E9000CE0EBE016F5F7F4FCE018F5B9F4F0E9492
:104EA0007D1880EC9BE00E942C1BC455DF4F2881AD
:104EB000CC5AD040222311F40C941A3184E492E0AD
:104EC0000E942C1B8BE295E00E94551C87E195E027
:104ED0000E94551C0E94201B60E870E080EC9BE063
:104EE0000E94B31980EC9BE00E949D1CFC01208174
:104EF000223311F00C941A3101900020E9F79F0140
:104F0000225031092817390711F00C941A31C09238
:104F1000CB0ED092CC0EE092CD0EF092CE0E63CF9F
:104F2000E114F10421F0F7018081811125C085E4AD
:104F300092E00E941E1BF80164910F5F1F4F82E4F4
:104F40009CE0662319F00E94D40CF5CF0E94260D38
:104F500060E870E080EC9BE00E94B31980EC9BE07D
:104F60000E949D1C7C01FC018081882309F4D3CE22
:104F7000E114F10409F4CFCEA501940160E070E0E2
:104F8000CB01C556DF4F8882CB59D040C456DF4F86
:104F90003883CC59D040C356DF4FA882CD59D0407A
:104FA000C256DF4F5883CE59D040C156DF4F688379
:104FB000CF59D040C056DF4F7883C05AD040CF552C
:104FC000DF4F8883C15AD040CE55DF4F9883C25AF5
:104FD000D040A301920160E070E0CB01CD55DF4FDE
:104FE0004882C35AD040CC55DF4F3883C45AD04092
:104FF000CB55DF4F6882C55AD040CA55DF4F588322
:10500000C65AD040C955DF4F6883C75AD040C855EB
:10501000DF4F7883C85AD040C755DF4F8883C95ABD
:10502000D040C655DF4F9883CA5AD040CF57DF4F84
:105030001882C158D040CE57DF4F1882C258D04096
:10504000CD57DF4F1882C358D040CC57DF4F18825E
:10505000C458D040CB57DF4F1882C558D040CA57EC
:10506000DF4F1882C658D040C957DF4F1882C75843
:10507000D040C857DF4F1882C858D040C757DF4FBD
:105080001882C958D040C657DF4F1882CA58D0403E
:10509000C557DF4F1882CB58D040C457DF4F188216
:1050A000CC58D040C357DF4F1882CD58D040C2579C
:1050B000DF4F1882CE58D040C157DF4F1882CF58EB
:1050C000D040C057DF4F1882C059D040CF56DF4F75
:1050D0001882C159D040CE56DF4F1882C259D040F5
:1050E000CD56DF4F1882C359D040CC56DF4F1882BF
:1050F000C459D040CB56DF4F1882C559D040CA564C
:10510000DF4F1882C659D040C956DF4F1882C759A1
:10511000D040C856DF4F1882C859D040C555DF4F20
:105120003881CB5AD040323009F4F8C108F5332326
:1051300009F459C0313009F473C180E0CB54DF4F1A
:105140000FB6F894DEBF0FBECDBFDF91CF911F9198
:105150000F91FF90EF90DF90CF90BF90AF909F9016
:105160008F907F906F905F904F903F902F90089519
:10517000C555DF4F4881CB5AD040433009F445C272
:105180004430D9F6F70101900020E9F731975F012B
:10519000AE18BF0822E0A216B10449F4F7019080CE
:1051A000FFE29F1621F0F70181818032C9F46FE29E
:1051B00070E0C7010E94CD518C01892B09F01DC3FD
:1051C00060E270E0C7010E94CD518C01892B09F08B
:1051D00014C3AA94AB2809F061C3F7018081982E0B
:1051E000FF24F3942DC3F7018081882309F40FC1B4
:1051F0008B3219F0412C8D3241F4442443948D328A
:1052000009F0412CFFEFEF1AFF0AF7018081882394
:1052100009F4FDC0C355DF4FF982E882CD5AD04072
:10522000712C812CB0E0A0E0C155DF4F1882CF5A1D
:10523000D040C055DF4F1882C05BD040512C612C4C
:10524000C355DF4FE881F981CD5AD0409190C355C5
:10525000DF4FF983E883CD5AD040992009F445C047
:1052600080ED890D8A3008F0D2C0FAE0AF2EB12C63
:10527000C12CD12CE12CF12C00E010E0272D382D91
:105280004B2F5A2FC155DF4F6881CF5AD040C055A0
:10529000DF4F7881C05BD040852D962D0E94DF4F77
:1052A00059016A017B018C01892D990C990BC097DA
:1052B000E92FEE0FEE0B9C014E2F5E2F6E2F7E2FEF
:1052C0008E2F9E2F0E947E51722E832EB42FA52FDB
:1052D000C155DF4F6883CF5AD040C055DF4F788328
:1052E000C05BD040582E692EABCF442011F1272D42
:1052F000382D4B2F5A2FC155DF4F6881CF5AD040E0
:10530000C055DF4F7881C05BD040852D962D0E941F
:105310000151722E832EB42FA52FC155DF4F688304
:10532000CF5AD040C055DF4F7883C05BD040582E55
:10533000692ECF57DF4F7882C158D040CE57DF4F0C
:105340008882C258D040CD57DF4FB883C358D04071
:10535000CC57DF4FA883C458D040C155DF4FF881E8
:10536000CF5AD040CB57DF4FF883C558D040C055F7
:10537000DF4FE881C05BD040CA57DF4FE883C65893
:10538000D040C957DF4F5882C758D040C857DF4F69
:105390006882C858D040C556DF4F2881CB59D040CD
:1053A000C456DF4F3881CC59D040C356DF4F4881B7
:1053B000CD59D040C256DF4F5881CE59D04060E021
:1053C00070E080E090E0A72CB82CCB2EDA2EEF2EE8
:1053D000FE2E052D162D0E949C5109F0C4F4CD55CA
:1053E000DF4F2881C35AD040CC55DF4F3881C45A93
:1053F000D040CB55DF4F4881C55AD040CA55DF4F0A
:105400005881C65AD0400E949C510CF0F8C082EDE1
:1054100094E00E94551C84E492E00E942C1B7BCCFB
:10542000F70101900020E9F7CF0102978E159F0543
:1054300071F7F7018081082E000C990B0E94B15181
:10544000182F48E050E0B1016B5E7F4FCE0101960E
:105450000E94B94A898121E0882361F0612F012EE1
:10546000000C770BCE0101960E94CD5121E0892BD3
:1054700009F420E0912C80E0F12C90E0222339F215
:10548000F1017D96A591B491C555DF4FF881CB5AB6
:10549000D040F23009F441C308F00AC2FF2309F4F6
:1054A00070C2F13009F037CC7EE0AA3CB70709F0B2
:1054B000E4C20091CA0E1093CA0EC555DF4F888111
:1054C000CB5AD0408093270B812F012E000C990BD3
:1054D0009F931F93802F002E000C990B9F930F9387
:1054E0008CEE92E09F938F931F9280E88F9380ECD5
:1054F0009BE09F938F930E94F751C455DF4F8881A3
:10550000CC5AD0400E94BB1C0FB6F894DEBF0FBE31
:10551000CDBF811100CC0093CA0E6FC2F70180810C
:10552000882309F474CFBE016F577F4FC7010E94D3
:10553000961D882309F46BCFCF57DF4F6880C15881
:10554000D040CE57DF4F7880C258D040CD57DF4F84
:105550008880C358D040CC57DF4F9880C458D04083
:10556000CB57DF4FB881C558D040CA57DF4FA8810D
:10557000C658D040C957DF4FF881C758D040C857E8
:10558000DF4FE881C858D0409301A4016B2F7A2FD8
:105590008F2F9E2FC556DF4FA880CB59D040C456C1
:1055A000DF4FB880CC59D040C356DF4FC880CD59AB
:1055B000D040C256DF4FD880CE59D040E12CF12CDC
:1055C00000E010E00E949C510CF421CFCD55DF4F3C
:1055D000A880C35AD040CC55DF4FB880C45AD040C1
:1055E000CB55DF4FC880C55AD040CA55DF4FD88051
:1055F000C65AD0400E949C5111F00CF008CF912C5B
:1056000080E0F12C90E010E03BCFF701808188230F
:1056100009F4FDCE6FE270E0C7010E94CD518C010C
:10562000892B49F460E270E0C7010E94CD518C01E2
:10563000892B09F4ECCE5801AE18BF08F0E4AF1680
:10564000B10408F0E4CEA501B701CE018F5B9F4FF6
:105650000E94E851E1E4F0E0EC0FFD1FEA0DFB1DB4
:105660001082B8016F5F7F4FCE0101960E94E15119
:1056700022968FAD2297882309F4C9CEBE016757C1
:105680007F4FCE018F5B9F4F0E94961D882309F4A8
:10569000BECE8981882309F4BACEBE016F567F4FF2
:1056A000CE0101960E94961D882309F4B0CEC757FB
:1056B000DF4F6880C958D040C657DF4F7880CA583E
:1056C000D040C557DF4F8880CB58D040C457DF4FFC
:1056D0009880CC58D040C357DF4FB881CD58D040C8
:1056E000C257DF4FA881CE58D040C157DF4FF88155
:1056F000CF58D040C057DF4FE881C059D040930108
:10570000A4016B2F7A2F8F2F9E2FC556DF4FA880B5
:10571000CB59D040C456DF4FB880CC59D040C35687
:10572000DF4FC880CD59D040C256DF4FD880CE5908
:10573000D040E12CF12C00E010E00E949C510CF4D0
:1057400066CECD55DF4FA880C35AD040CC55DF4F31
:10575000B880C45AD040CB55DF4FC880C55AD0401E
:10576000CA55DF4FD880C65AD0400E949C5111F0D4
:105770000CF04DCECF56DF4F6880C159D040CE5689
:10578000DF4F7880C259D040CD56DF4F8880C35953
:10579000D040CC56DF4F9880C459D040CB56DF4F15
:1057A000B881C559D040CA56DF4FA881C659D040EC
:1057B000C956DF4FF881C759D040C856DF4FE8813E
:1057C000C859D0409301A4016B2F7A2F8F2F9E2FA1
:1057D000C556DF4FA880CB59D040C456DF4FB880A4
:1057E000CC59D040C356DF4FC880CD59D040C256A7
:1057F000DF4FD880CE59D040E5CEE016F10619F53E
:10580000912CF12CF8018181882309F44EC0B80154
:105810006F5F7F4F40E150E0CE0101960E94EC4A5D
:10582000CE0101960E949D1CFC0101900020E9F729
:105830009F012250310928173907B9F5FC018081F1
:1058400091E021E030C05801AE18BF08F0E1AF167A
:10585000B10418F0EFE0AE2EB12CA501B701CE01D6
:1058600001960E94B951E1E0F0E0EC0FFD1FEA0D56
:10587000FB1D1082CE0101960E949D1CFC0101902F
:105880000020E9F79F01225031092817390709F054
:10589000B7CFFC019080FF24F394B4CF912C80E02B
:1058A000F12C90E020E010E0E9CD80E090E0C9CF5D
:1058B000C555DF4F2881CB5AD040233009F4BEC4F0
:1058C000243009F028CA3EE0AF3CB30709F0EBC52D
:1058D0000091CF0E1091D00EF1109092CF0E911139
:1058E0008093D00E81E08093270B8091CF0E863479
:1058F00021F08091D00E863441F48AE794E00E9432
:10590000551C84E492E00E942C1B8091D00E282F1D
:10591000082E000C330B3F938F938091CF0E282FCE
:10592000082E000C330B3F938F93812F012E000C18
:10593000990B9F931F93802F002E000C990B9F9320
:105940000F9385E693E09F938F931F9280E88F9348
:1059500080EC9BE09F938F930E94F751C455DF4FDB
:105960008881CC5AD0400E94BB1C0FB6F894DEBF91
:105970000FBECDBF8111CFC90093CF0E1093D00EB3
:105980003CC03EE0A63CB307D9F50091C60E10918D
:10599000C70ECF57DF4F8881C158D040CE57DF4F59
:1059A0009881C258D0408093C60E9093C70E21E0D4
:1059B0002093270B9F938F931F930F9383EB92E07A
:1059C0009F938F931F9280E88F9380EC9BE09F932F
:1059D0008F930E94F751C455DF4F8881CC5AD04035
:1059E0000E94BB1C0FB6F894DEBF0FBECDBF811165
:1059F00092C90093C60E1093C70E1092270B8BC945
:105A0000A85CBE4009F087C90091C80E1091C90E6C
:105A1000CF57DF4F8881C158D040CE57DF4F988194
:105A2000C258D0408093C80E9093C90E21E02093B5
:105A3000270B9F938F931F930F938EEC92E09F936E
:105A40008F931F9280E88F9380EC9BE09F938F93BE
:105A50000E94F751C455DF4F8881CC5AD0400E9434
:105A6000BB1C0FB6F894DEBF0FBECDBF811153C96A
:105A70000093C80E1093C90EC0CFA15BBE4009F0C1
:105A80004AC90091B10E1D3209F410E01093B10E15
:105A900081E08093270B65E073E080EC9BE00E943F
:105AA000E151002361F1E0ECFBE0DF010D9000200B
:105AB000E9F711970C9301900020E9F710826BE150
:105AC00073E080EC9BE00E94C2511123F9F0E0ECFE
:105AD000FBE0DF010D900020E9F711971C93019086
:105AE0000020E9F71082C455DF4F8881CC5AD0409E
:105AF0000E94BB1C81110FC90093B10E7ECF64EED2
:105B000076E080EC9BE00E94C251D9CF64EE76E053
:105B100080EC9BE00E94C251E6CF2EE0A23BB20790
:105B200009F086C12090B20E3090B30E4090B40EB2
:105B30005090B50E6090B60E7090B70E8090B80E73
:105B40009090B90ECF57DF4F8881C158D0408093D5
:105B5000B20ECE57DF4F8881C258D0408093B30E2B
:105B6000CD57DF4F8881C358D0408093B40ECC57B7
:105B7000DF4F8881C458D0408093B50ECB57DF4F9C
:105B80008881C558D0408093B60ECA57DF4F8881B0
:105B9000C658D0408093B70EC957DF4F8881C75889
:105BA000D0408093B80EC857DF4F8881C858D04086
:105BB0008093B90E81E08093270B50E4A52E62E418
:105BC000B62E7FE0C72ED12CE12CF12C00E010E0A6
:105BD0009101A201B301C4010E9471505F934F93E0
:105BE0003F932F939101A201B301C4010E9473500E
:105BF0005F934F933F932F9346EF56E05F934F93FE
:105C00001F9270E27F93CE018F5B9F4FC756DF4F8D
:105C100099838883C959D0409F938F930E94F751ED
:105C2000CF57DF4F9881C158D040C556DF4F98837A
:105C3000CB59D040CE57DF4FE881C258D040CD5528
:105C4000DF4FE883C35AD040CD57DF4FF881C358A8
:105C5000D040C555DF4FF883CB5AD040CC57DF4FEB
:105C60002881C458D040C455DF4F2883CC5AD04037
:105C7000CB57DF4F3881C558D040C355DF4F3883ED
:105C8000CD5AD040CA57DF4F4881C658D040C15581
:105C9000DF4F4883CF5AD040C957DF4F5881C7588C
:105CA000D040C055DF4F5883C05BD040C857DF4F4E
:105CB0006881C858D040CF54DF4F6883C15BD04063
:105CC000292F3E2F4F2FC455DF4F5881CC5AD0403B
:105CD000C355DF4F6881CD5AD040C155DF4F788121
:105CE000CF5AD040C055DF4F8881C05BD040CF54E1
:105CF000DF4F9881C15BD0400E9471505F934F93FA
:105D00003F932F93C556DF4F2881CB59D040CD55B7
:105D1000DF4F3881C35AD040C555DF4F4881CB5A39
:105D2000D040C455DF4F5881CC5AD040C355DF4FC7
:105D30006881CD5AD040C155DF4F7881CF5AD040CD
:105D4000C055DF4F8881C05BD040CF54DF4F988172
:105D5000C15BD0400E9473505F934F933F932F934A
:105D600086EF96E09F938F931F92F0E2FF938E0150
:105D70000F5F1F4F1F930F930E94F7511F930F93B5
:105D8000C656DF4F2881CA59D0402F93C756DF4FE0
:105D90003881C959D0403F938DEB94E09F938F9306
:105DA00080EC9BE09F938F930E94004B0FB6F8947A
:105DB000DEBF0FBECDBF80EC9BE00E942C1B84E4B5
:105DC00092E00E942C1B8BE295E00E94551C87E11B
:105DD00095E00E94551C0E94201B60E870E080EC5A
:105DE0009BE00E94B31980EC9BE00E949D1CFC018B
:105DF0002081223309F01EC201900020E9F79F01A3
:105E0000225031092817390709F014C22092B20E26
:105E10003092B30E4092B40E5092B50E6092B60E10
:105E20007092B70E8092B80E9092B90E0C94F32631
:105E3000AA5BBE4011F00C948B262091BA0EC55679
:105E4000DF4F2883CB59D0403091BB0ECD55DF4F6B
:105E50003883C35AD0404091BC0EC555DF4F4883AC
:105E6000CB5AD0405091BD0EC455DF4F5883CC5A09
:105E7000D0402090BE0E3090BF0E4090C00E50908B
:105E8000C10ECF57DF4F8881C158D0408093BA0EE2
:105E9000CE57DF4F8881C258D0408093BB0ECD577C
:105EA000DF4F8881C358D0408093BC0ECC57DF4F62
:105EB0008881C458D0408093BD0ECB57DF4F888176
:105EC000C558D0408093BE0ECA57DF4F8881C65850
:105ED000D0408093BF0EC957DF4F8881C758D0404C
:105EE0008093C00EC857DF4F8881C858D040809338
:105EF000C10E81E08093270B80E4A82E92E4B92E96
:105F00006FE0C62ED12CE12CF12C00E010E0B101A5
:105F1000C2010E947350922E832E742E652EE0ECE7
:105F2000AE2EFDEBBF2EA0EFCA2EDD24DA94EE24B8
:105F3000EA94FF24FA940FEF1FEF0E94DF4FC5563B
:105F4000DF4FA880CB59D040CD55DF4FB880C35A22
:105F5000D040C555DF4FC880CB5AD040C455DF4F25
:105F6000D880CC5AD040710182010E947E515F934B
:105F70004F933F932F936F927F928F929F9261E105
:105F800077E07F936F931F9290E29F93FE01EF5B08
:105F9000FF4FC756DF4FF983E883C959D040FF93BD
:105FA000EF930E94F751CF57DF4FF881C158D0408F
:105FB000C355DF4FF883CD5AD040CE57DF4F2881ED
:105FC000C258D040C155DF4F2883CF5AD040CD575B
:105FD000DF4F3881C358D040C055DF4F3883C05B96
:105FE000D040CC57DF4F4881C458D040CF54DF4F0A
:105FF0004883C15BD040CB57DF4F5881C558D04054
:10600000CE54DF4F5883C25BD040CA57DF4F688100
:10601000C658D040CD54DF4F6883C35BD040C957CA
:10602000DF4F7881C758D040CC54DF4F7883C45BB2
:10603000D040C857DF4F8881C858D040CB54DF4F7D
:106040008883C55BD040B0E4AB2E12E4B12E0FE0E4
:10605000C02ED12CE12CF12C00E010E02F2FC155E7
:10606000DF4F3881CF5AD040C055DF4F4881C05BE9
:10607000D040CF54DF4F5881C15BD040CE54DF4F6A
:106080006881C25BD040CD54DF4F7881C35BD04084
:10609000CC54DF4F8881C45BD040CB54DF4F988114
:1060A000C55BD0400E947350922E832E742E652EB5
:1060B00020ECA22E3DEBB32E40EFC42EDD24DA946B
:1060C000EE24EA94FF24FA940FEF1FEF292D382DC8
:1060D000472D0E94DF4FC355DF4FA880CD5AD040D7
:1060E000C155DF4FB880CF5AD040C055DF4FC88070
:1060F000C05BD040CF54DF4FD880C15BD040CE547E
:10610000DF4FE880C25BD040CD54DF4FF880C35BE7
:10611000D040CC54DF4F0881C45BD040CB54DF4F1C
:106120001881C55BD0400E947E515F934F933F938F
:106130002F936F927F928F929F92E1E1F7E0FF930E
:10614000EF931F9230E23F938E010F5F1F4F1F931B
:106150000F930E94F7511F930F93C656DF4F48814C
:10616000CA59D0404F93C756DF4F5881C959D040C4
:106170005F9380E293E09F938F931F9280E88F93C9
:1061800080EC9BE09F938F930E94F7510FB6F89499
:10619000DEBF0FBECDBF80EC9BE00E942C1B84E4D1
:1061A00092E00E942C1B8BE295E00E94551C87E137
:1061B00095E00E94551C0E94201B60E870E080EC76
:1061C0009BE00E94B31980EC9BE00E949D1CFC01A7
:1061D0002081223379F501900020E9F79F012250B8
:1061E00031092817390731F5C556DF4FF881CB59EA
:1061F000D040F093BA0ECD55DF4F2881C35AD0401E
:106200002093BB0EC555DF4F3881CB5AD040309319
:10621000BC0EC455DF4F4881CC5AD0404093BD0ED0
:106220002092BE0E3092BF0E4092C00E5092C10E10
:106230000C94F32686EF94E00C94F7265EE0A33DE1
:10624000B50709F09BC02091D30E3091D40E409138
:10625000D50E5091D60E6091D70E7091D80E8091C8
:10626000D90E9091DA0EEBEDFEE0A090DB0EB0902F
:10627000DC0EC090DD0ED090DE0EE090DF0EF090D0
:10628000E00E0091E10E1091E20E99249394909209
:10629000270B0F2EFBE38F2EF3E09F2EF02D9F9206
:1062A0008F92FF93EF93BF93AF93C856DF4FE88170
:1062B000C859D040EF93C956DF4FE881C759D04045
:1062C000EF93CA56DF4FE881C659D040EF93CB56C3
:1062D000DF4FE881C559D040EF93CC56DF4FE881BE
:1062E000C459D040EF93CD56DF4FE881C359D04019
:1062F000EF93CE56DF4FE881C259D040EF93CF568F
:10630000DF4FE881C159D040EF93C057DF4FE8819C
:10631000C059D040EF93C157DF4FE881CF58D040EC
:10632000EF93C257DF4FE881CE58D040EF93C35769
:10633000DF4FE881CD58D040EF93C457DF4FE8815D
:10634000CC58D040EF93C557DF4FE881CB58D040B1
:10635000EF93C657DF4FE881CA58D040EF93C75735
:10636000DF4FE881C958D040EF930E941F230FB63A
:10637000F894DEBF0FBECDBF0C948B267EE0A33E0B
:10638000B70769F52091E30E3091E40E4091E50ED8
:106390005091E60E6091E70E7091E80E8091E90E43
:1063A0009091EA0EEBEEFEE0A090EB0EB090EC0EBA
:1063B000C090ED0ED090EE0EE090EF0EF090F00E4B
:1063C0000091F10E1091F20E992493949092270B64
:1063D0000F2EF5E48F2EF3E09F2EF02D60CF9EE080
:1063E000A33FB90769F52091F30E3091F40E409167
:1063F000F50E5091F60E6091F70E7091F80E8091A7
:10640000F90E9091FA0EEBEFFEE0A090FB0EB0902B
:10641000FC0EC090FD0ED090FE0EE090FF0EF090AE
:10642000000F0091010F1091020F99249394909204
:10643000270B0F2EF3E58F2EF3E09F2EF02D2FCF9D
:10644000FFE0A330BF0711F00C948B262091030FBF
:106450003091040F4091050F5091060F6091070F86
:106460007091080F8091090F90910A0FEBE0FFE007
:10647000A0900B0FB0900C0FC0900D0FD0900E0F8E
:10648000E0900F0FF090100F0091110F1091120F6C
:10649000992493949092270B0F2EFEE58F2EF3E014
:1064A0009F2EF02DFCCEA15DBE4011F00C948B26EA
:1064B0000091D10E1091D20EF1109092D10E911147
:1064C0008093D20E81E08093270B8091D20E282FEB
:1064D000082E000C330B3F938F938091D10E282F01
:1064E000082E000C330B3F938F93812F012E000C4D
:1064F000990B9F931F93802F002E000C990B9F9355
:106500000F9383E893E09F938F931F9280E88F937C
:1065100080EC9BE09F938F930E94F751C455DF4F0F
:106520008881CC5AD0400E94BB1C0FB6F894DEBFC5
:106530000FBECDBF81110C948B260093D10E10930A
:10654000D20E5BCA0F931F9306E010E020E33EE0FB
:106550000E941A261F910F9108950C94A2320C9458
:10656000A2320C94A2320C94A2320C94A2320F9359
:106570001F9306E010E022E23DE00E941A261F91E0
:106580000F9108950F931F9306E010E024E13CE083
:106590000E941A261F910F9108950F931F9308E0F0
:1065A00010E02CEA3AE00E941A261F910F910895FC
:1065B000CF92DF92EF92FF920F931F93CF93DF93CF
:1065C000CDB7DEB7C054D1090FB6F894DEBF0FBE09
:1065D000CDBFE62E0E949D1C8C01FC0180818111A3
:1065E00002C081E02FC0082E000C990B0E94B1510F
:1065F000F82EF80101900020E9F73197E01BF10B2C
:10660000329780F51092280BF1E4FF1248C0F80190
:1066100001900020E9F73197E01BF10B329708F465
:1066200078C0F8018181282F082E000C330B2053ED
:1066300031092A30310508F06CC04E2D68E27BE04C
:106640000E94CD32C05CDF4F0FB6F894DEBF0FBEA4
:10665000CDBFDF91CF911F910F91FF90EF90DF9011
:10666000CF900895F80131969F012F5F3F4F8081B1
:10667000803271F0A8E2BBE090E080E02191322FFF
:106680003F7D41F08F33910529F001962D93F6CF90
:10669000F901EACF885D944FFC011082B5CFF7E491
:1066A000FF121AC0F80101900020E9F73197E01BB2
:1066B000F10B329770F1F8018181282F082E000C20
:1066C000330B205331092A30310518F54E2D68E27D
:1066D0007BE00E94B732B6CFF8E4FF121AC0F8018F
:1066E00001900020E9F73197E01BF10B329788F019
:1066F000F8018181282F082E000C330B205331091B
:106700002A30310530F44E2D68E27BE00E94C2321F
:1067100099CF01E311E181EC91E1F8012491F216A6
:1067200069F1085F1F4F80179107B9F740E450E007
:10673000BE016F5F7F4F81EC91E10E943C18CE015A
:1067400001960E942C1B4DCFF8013496259134916F
:10675000B6016F5F7F4F4E2DF901199573CF8230CF
:10676000910549F4F8013496259134914E2D68E253
:106770007BE08F2DF1CF0397A9F3D8CF3196E49129
:106780008E2F90E0F8013396E491009759F3813011
:10679000910529F7F801369685919491009709F4AF
:1067A00020CFFC0119950E94201B60E870E080EC6E
:1067B0009BE00E94B31980EC9BE00E949D1C6C0141
:1067C000FC018081882309F40CCF282F082E000CAF
:1067D000330BA901405351094A30510508F4B4CF95
:1067E00001900020E9F73197EC19FD09329708F480
:1067F000F8CEC9010E94B1512F2DFF0C330B821727
:10680000930709F0EECEF6018181282F082E000CA7
:10681000330B205331092A30310508F0E2CEF8015C
:10682000349625913491B6016E5F7F4F94CFBF921D
:10683000CF92DF92EF92FF920F931F93CF93DF934C
:10684000CDB7DEB7C058D1090FB6F894DEBF0FBE82
:10685000CDBF8BE3B82E0E9414240E94201B60E859
:1068600070E080EC9BE00E94B31980EC9BE00E94FA
:106870009D1C8C01FC018081882379F36BE370E01F
:10688000C8010E94CD51892B09F454C04FE750E054
:10689000B801CE0101960E94E851C058DF4F18821E
:1068A000C058D040CE0101967C01F7018081882339
:1068B00091F26BE370E0C7010E94CD516C0100972B
:1068C000D9F0FC0110828C01C7010E949D1CFC01C3
:1068D0002081211119C0CD2809F4BDCFF801B19252
:1068E0007F01808131968032D9F3882309F4B3CFB8
:1068F000E114F104D1F6AFCFF70101900020E9F7E0
:106900008F0101501109E0CF60E00E94D83281115F
:10691000E2CFC058DF4F0FB6F894DEBF0FBECDBF39
:10692000DF91CF911F910F91FF90EF90DF90CF906B
:10693000BF90089561E0C8010E94D83281118BCFC9
:10694000E8CF2F923F924F925F926F927F928F92F9
:106950009F92AF92BF92CF92DF92EF92FF920F93EE
:106960001F93CF93DF93CDB7DEB7C855D1090FB6CC
:10697000F894DEBF0FBECDBF83E9882E9DE0692E5F
:10698000992493948091B10E8111912C82E49CE022
:106990000E949C0C181619060CF091C082E49CE031
:1069A0000E947A0C8093060B833209F07EC082E449
:1069B0009CE00E949C0C892B29F082E49CE00E94C0
:1069C0007A0CF5CF84EA93E00E940C1B4091700D85
:1069D0004E7F60E08FED9CE00E94200F4091030EFF
:1069E0004E7F60E082E79DE00E94200F8AEC93E0FA
:1069F0000E940C1B8FED9CE00E94F51482E79DE045
:106A00000E94F5146AE070E080E090E00E94B20B12
:106A100082E49CE00E949C0C892B29F082E49CE09B
:106A20000E947A0CF5CF0E949E190E94173482E4CE
:106A30009CE00E949C0C892B29F082E49CE00E943F
:106A40007A0CF5CF0E94751C0E9421198823F9F059
:106A500081E08093940B80930002C85ADF4F0FB6F9
:106A6000F894DEBF0FBECDBFDF91CF911F910F9184
:106A7000FF90EF90DF90CF90BF90AF909F908F905E
:106A80007F906F905F904F903F902F9008958BEF85
:106A900093E00E940C1B8FED9CE00E945A0F82E74E
:106AA0009DE00E945A0F1092270B8091B10E88230F
:106AB00031F09091060B891302C099249394809130
:106AC0000002882391F11092CF0A1092D00A1092FE
:106AD000D10A1092D20A70917A0B60917B0B50917F
:106AE0007C0B40917D0B30917E0B20917F0B909120
:106AF000800B8091810B7093C70A6093C80A5093F2
:106B0000C90A4093CA0A3093CB0A2093CC0A9093C7
:106B1000CD0A8093CE0A1092C60A1092000264E653
:106B200070E080E090E00E94B20B0E948D0B00911B
:106B3000CF0A1091D00A2091D10A3091D20A6B016C
:106B40007C01C01AD10AE20AF30A970186010B3FC1
:106B500011052105310508F451C06093CF0A7093E7
:106B6000D00A8093D10A9093D20AF89420907A0B9D
:106B700030907B0B40907C0B50907D0B70907E0B87
:106B8000B0917F0BA091800BF091810B7894A09035
:106B9000C70AB090C80AC090C90AD090CA0AE0904B
:106BA000CB0AF090CC0A0091CD0A1091CE0A910147
:106BB000A201672D7B2F8A2F9F2FE091C60A0E948A
:106BC0009C5109F492C0E11109C0809108018860CC
:106BD00080930801DD24D394D092C60A2092C70A7C
:106BE0003092C80A4092C90A5092CA0A7092CB0ADF
:106BF000B093CC0AA093CD0AF093CE0A8091E40C16
:106C00000E94EE0A8C018091770D0E94EE0A012B02
:106C100009F024C12091B00E892B09F0BFC08091EA
:106C2000080180648093080180910801806180934D
:106C30000801809108018068809308018091080113
:106C4000806280930801223009F073C08FED9CE0D0
:106C50000E940D12882351F0809108018F7B809350
:106C60000801809108018F7E8093080182E79DE0F2
:106C70000E940D12811187C08091260D811105C0DF
:106C80008091B90D882309F47BCE20911A0D3091A3
:106C90001B0D40911C0D50911D0D60911E0D7091AA
:106CA0001F0D8091200D9091210DA1E00E94A55112
:106CB00011F00CF029C12091AD0D3091AE0D409135
:106CC000AF0D5091B00D6091B10D7091B20D8091EA
:106CD000B30D9091B40D0E94A55111F00CF014C1A8
:106CE0001092260D1092B90D4BCEEE2309F486CFEB
:106CF00080910801877F8093080188E194E00E94D9
:106D00000C1B81E394E00E940C1B1092C60A82E4E3
:106D10009CE00E949C0C892B39F46AE070E080E0D2
:106D200090E00E94B20BF3CF82E49CE00E947A0CC8
:106D300094CE5090840B7090850BA090860BB090F1
:106D4000870BC090880BD090890BE0908A0BF09055
:106D50008B0B052D172D9501A601B7018FED9CE03A
:106D60000E94D1129501A601B70182E79DE00E9421
:106D7000D112809108018F7B8093080180910801D6
:106D80008F7E80930801809108018F77809308019E
:106D9000809108018F7D809308016ECF809108015A
:106DA00080648093080180910801806180930801CC
:106DB000223081F48FED9CE00E940D12882309F4AB
:106DC0005BCF809108018F7B80930801809108013F
:106DD0008F7EE1CF0091840B1091850B2091860B63
:106DE0003091870B4091880B5091890B60918A0BF1
:106DF00070918B0B8FED9CE00E94D1128091080165
:106E00008F7B80930801809108018F7E8093080119
:106E10008091770D0E94EE0A892B09F02DCF809189
:106E20000801806880930801809108018062809346
:106E300008010091840B1091850B2091860B3091F5
:106E4000870B4091880B5091890B60918A0B709150
:106E50008B0B82E79DE00E94D11295CF892B09F020
:106E60000BCF809108018068809308018091080110
:106E70008062809308018091B00E823009F4F6CED2
:106E80000091840B1091850B2091860B3091870B1C
:106E90004091880B5091890B60918A0B70918B0BFC
:106EA00082E79DE00E94D112809108018F77809344
:106EB0000801809108018F7D809308018091E40C86
:106EC0000E94EE0A892B09F0D7CE809108018064D8
:106ED00080930801809108018061809308010091EE
:106EE000840B1091850B2091860B3091870B40917C
:106EF000880B5091890B60918A0B70918B0B8FEDF1
:106F00009CE00E94D1125DCF8091B00E811129C00A
:106F1000992009F49CC08091260D882321F080914E
:106F2000B90D8111C4C18091260D882359F021E04B
:106F300040916F0D67E27DE0CE0101960E943F1601
:106F40001092260D8091B90D882359F021E04091CF
:106F5000020E6AEB7DE0CE0101960E943F16109270
:106F6000B90D8091B00E843009F071C0992009F4F8
:106F70006EC08091260D882399F120911A0D3091D1
:106F80001B0D40911C0D50911D0D60911E0D7091B7
:106F90001F0D8091200D9091210DA2E00E94A5511E
:106FA000F9F0F4F04EEE5AE067E27DE0CE018F5B3F
:106FB0009F4F0E94940D20E040916F0DBE016F5BCA
:106FC0007F4FCE0101960E943F161092260D8CE055
:106FD000E7E2FDE0AEEEBAE001900D928A95E1F7AE
:106FE0008091B90D882399F12091AD0D3091AE0DAE
:106FF0004091AF0D5091B00D6091B10D7091B20DF7
:107000008091B30D9091B40DA2E00E94A551F9F0CA
:10701000F4F04AEF5AE06AEB7DE0CE018F5B9F4FC0
:107020000E94940D20E04091020EBE016F5B7F4FE5
:10703000CE0101960E943F161092B90D8CE0EAEB4A
:10704000FDE0AAEFBAE001900D928A95E1F78091F8
:10705000B00E813009F052C090E080E0889EF001CF
:10706000899EF00D1124DF01AA5DB24F2C912223DD
:10707000F1F02091ED0A223090F4629EA0011124DB
:107080004D52554FE95DF24F3CE0DA0101900D920F
:107090003A95E1F7FA0184872F5F2093ED0A889EE5
:1070A000F001899EF00D1124EA5DF24F10820197E4
:1070B00009F067C18091ED0A823001F59920F1F065
:1070C000E091DF0AE11160C18091EC0A813009F0A2
:1070D00066C163ED7AE000EE1AE021E040916F0DA9
:1070E000CE0101960E943F1621E04091020EB801A8
:1070F000CE0101960E943F161092ED0A8091260D56
:10710000882309F43DCC8091B90D882309F438CC4B
:1071100020911A0D30911B0D40911C0D50911D0DA9
:1071200060911E0D70911F0D8091200D9091210D89
:10713000A2E00E94A55109F00CF422CC2091AD0DE3
:107140003091AE0D4091AF0D5091B00D6091B10DE9
:107150007091B20D8091B30D9091B40D0E94A55124
:1071600009F00CF40DCC992009F40ACC8091B00EF2
:10717000833009F427C1853009F002CC21E0409129
:107180006F0D67E27DE0CE0101960E943F1621E07F
:107190004091020E6AEB7DE0CE0101960E943F16FF
:1071A00047E25DE06AEB7DE0CE01835B9F4F0E948A
:1071B000940D6296AFAC62976396BFAC639764968A
:1071C000CFAC64976596DFAC65976696EFAC669733
:1071D0006796FFAC679768960FAD689769961FAD85
:1071E00069972090BA0D3090BB0D4090BC0D509027
:1071F000BD0D25962CAE3DAE4EAE5FAE25972696C4
:10720000AFAE26972796BFAE27972896CFAE289782
:107210002996DFAE29972A96EFAE2A972B96FFAED6
:107220002B972C960FAF2C972D961FAF2D9761960D
:107230008CAD9DADAEADBFAD6197B7FF35C09501CB
:10724000A601B701C801A0E00E94A55169F120E0A4
:1072500030E145EA54ED68EE70E080E090E00E9495
:10726000935126962FAF269727963FAF27972896BC
:107270004FAF289729965FAF29972A966FAF2A9725
:107280002B967FAF2B972C968FAF2C972D969FAF79
:107290002D97F1E02F1A31084108510825962CAEA0
:1072A0003DAE4EAE5FAE259721E043E496C04091DF
:1072B000270D5091280D6091290D70912A0D809114
:1072C000BA0D9091BB0DA091BC0DB091BD0D4817AA
:1072D00059076A077B074CF1481759076A077B076C
:1072E00009F04AC020912B0D30912C0D40912D0DAD
:1072F00050912E0D60912F0D7091300DA090BE0D0C
:10730000B090BF0DC090C00DD090C10DE090C20DE7
:10731000F090C30D0091C40D1091C50D8091310DF9
:107320009091320D0E949C5138F590E080E001E090
:1073300010E0889EB001899E700D1124FB01E15977
:10734000F24F695D724F21E04081CE0101960E94AB
:107350003F16809EB001819E700D1124FB01E15902
:10736000F24F695D724F21E04081CE0101960E948B
:107370003F161092260DF3CD81E090E010E000E082
:10738000D8CF81E090E06ACEE13049F48091EC0AF8
:1073900060EE7AE003ED1AE0882309F49ECE8E9E1B
:1073A000F0011124E159F24F108121E0412F63EDEA
:1073B0007AE0CE0101960E943F1621E0412F60EE57
:1073C0007AE096CE47E25DE06AEB7DE0CE018F5B2E
:1073D0009F4F0E94940D20E040E0BE016F5B7F4F05
:1073E000CE0101960E943F167BCC1F920F920FB6E2
:1073F0000F9211242F933F938F939F93AF93BF933B
:107400008091970B9091980BA091990BB0919A0B4A
:107410003091960B23E0230F2D3758F50196A11DCF
:10742000B11D2093960B8093970B9093980BA0938C
:10743000990BB0939A0B80919B0B90919C0BA09110
:107440009D0BB0919E0B0196A11DB11D80939B0BCE
:1074500090939C0BA0939D0BB0939E0BBF91AF910B
:107460009F918F913F912F910F900FBE0F901F9082
:10747000189526E8230F0296A11DB11DD2CF1F92A9
:107480000F920FB60F9211240BB60F922F933F93CA
:107490004F935F936F937F938F939F93AF93BF931C
:1074A000EF93FF9382E49CE00E94B20CFF91EF9176
:1074B000BF91AF919F918F917F916F915F914F910C
:1074C0003F912F910F900BBE0F900FBE0F901F900A
:1074D00018951F920F920FB60F9211240BB60F92B0
:1074E0002F938F939F93EF93FF93E091520CF09122
:1074F000530C8081E091580CF091590C82FD1DC015
:10750000908180915B0C8F5F8F7320915C0C821750
:1075100041F0E0915B0CF0E0EE5BF34F958F8093D0
:107520005B0CFF91EF919F918F912F910F900BBE6C
:107530000F900FBE0F901F9018958081F2CF1F9271
:107540000F920FB60F9211240BB60F922F933F9309
:107550004F935F936F937F938F939F93AF93BF935B
:10756000CF93EF93FF9390910601C091C50A80914C
:10757000C40A3091C30A292F209523238923822B03
:1075800020916D00C927C223C8239093C50ACC233C
:10759000C1F1C0FF05C0E091B30AF091B40A19959A
:1075A000C1FF05C0E091B50AF091B60A1995C2FF76
:1075B00005C0E091B70AF091B80A1995C3FF05C05C
:1075C000E091B90AF091BA0A1995C4FF05C0E0919B
:1075D000BB0AF091BC0A1995C5FF05C0E091BD0A30
:1075E000F091BE0A1995C6FF05C0E091BF0AF0915F
:1075F000C00A1995C7FF05C0E091C10AF091C20AFF
:107600001995FF91EF91CF91BF91AF919F918F917C
:107610007F916F915F914F913F912F910F900BBE92
:107620000F900FBE0F901F9018951F920F920FB6DC
:107630000F9211240BB60F922F933F934F935F93AA
:107640006F937F938F939F93AF93BF93CF93EF935A
:10765000FF9390910301C091B20A8091B10A3091D9
:10766000B00A292F209523238923822B2091AF0A4A
:10767000C927C223C8239093B20ACC2389F1C0FF43
:1076800005C0E091A10AF091A20A1995C1FF05C0B9
:10769000E091A30AF091A40A1995C2FF05C0E091F8
:1076A000A50AF091A60A1995C3FF05C0E091A70AA3
:1076B000F091A80A1995C4FF05C0E091A90AF091BC
:1076C000AA0A1995C5FF05C0E091AB0AF091AC0A72
:1076D0001995C6FF05C0E091AD0AF091AE0A199563
:1076E000FF91EF91CF91BF91AF919F918F917F913A
:1076F0006F915F914F913F912F910F900BBE0F9023
:107700000FBE0F901F9018951F920F920FB60F92F9
:1077100011240BB60F922F933F934F935F936F9368
:107720007F938F939F93AF93BF93CF93EF93FF93E9
:1077300093B1C091A00A80919F0A30919E0A292F8F
:10774000209523238923822B20916B00C927C223F4
:10775000C8239093A00ACC23C1F1C0FF05C0E091DB
:107760008E0AF0918F0A1995C1FF05C0E091900A29
:10777000F091910A1995C2FF05C0E091920AF0912B
:10778000930A1995C3FF05C0E091940AF091950AF8
:107790001995C4FF05C0E091960AF091970A1995D2
:1077A000C5FF05C0E091980AF091990A1995C6FFA6
:1077B00005C0E0919A0AF0919B0A1995C7FF05C090
:1077C000E0919C0AF0919D0A1995FF91EF91CF915C
:1077D000BF91AF919F918F917F916F915F914F91E9
:1077E0003F912F910F900BBE0F900FBE0F901F90E7
:1077F00018951F920F920FB60F9211240BB60F928D
:107800002F933F934F935F936F937F938F939F93A8
:10781000AF93BF93EF93FF93E0918C0AF0918D0AA1
:107820001995FF91EF91BF91AF919F918F917F91AA
:107830006F915F914F913F912F910F900BBE0F90E1
:107840000FBE0F901F9018951F920F920FB60F92B8
:1078500011240BB60F922F933F934F935F936F9327
:107860007F938F939F93AF93BF93EF93FF93E09199
:107870008A0AF0918B0A1995FF91EF91BF91AF9110
:107880009F918F917F916F915F914F913F912F9138
:107890000F900BBE0F900FBE0F901F9018951F9268
:1078A0000F920FB60F9211240BB60F922F933F93A6
:1078B0004F935F936F937F938F939F93AF93BF93F8
:1078C000EF93FF93E091880AF091890A1995FF914F
:1078D000EF91BF91AF919F918F917F916F915F9148
:1078E0004F913F912F910F900BBE0F900FBE0F90B5
:1078F0001F9018951F920F920FB60F9211240BB67E
:107900000F922F933F934F935F936F937F938F9338
:107910009F93AF93BF93EF93FF93E091860AF0910B
:10792000870A1995FF91EF91BF91AF919F918F9128
:107930007F916F915F914F913F912F910F900BBE6F
:107940000F900FBE0F901F9018951F920F920FB6B9
:107950000F9211240BB60F922F933F934F935F9387
:107960006F937F938F939F93AF93BF93EF93FF9307
:10797000E091840AF091850A1995FF91EF91BF91EA
:10798000AF919F918F917F916F915F914F913F91B7
:107990002F910F900BBE0F900FBE0F901F90189558
:1079A0001F920F920FB60F9211240BB60F922F93C6
:1079B0003F934F935F936F937F938F939F93AF9377
:1079C000BF93EF93FF93E091820AF091830A199598
:1079D000FF91EF91BF91AF919F918F917F916F91A7
:1079E0005F914F913F912F910F900BBE0F900FBE63
:1079F0000F901F9018951F920F920FB60F9211249F
:107A00000BB60F922F933F934F935F936F937F9398
:107A10008F939F93AF93BF93EF93FF93E091800A6F
:107A2000F091810A1995FF91EF91BF91AF919F91CC
:107A30008F917F916F915F914F913F912F910F9017
:107A40000BBE0F900FBE0F901F9018951F920F92B4
:107A50000FB60F9211240BB60F922F933F934F93B3
:107A60005F936F937F938F939F93AF93BF93EF93A6
:107A7000FF93E0917E0AF0917F0A1995FF91EF91B3
:107A8000BF91AF919F918F917F916F915F914F9136
:107A90003F912F910F900BBE0F900FBE0F901F9034
:107AA0001895CF92DF92EF92FF920F931F93CF938F
:107AB000DF93E2E4FCE01382128288EE93E0A0E020
:107AC000B0E084839583A683B78384E392E09183B7
:107AD000808385EC90E09587848784EC90E097879D
:107AE000868780EC90E0918B808B81EC90E0938B8B
:107AF000828B82EC90E0958B848B86EC90E0978B68
:107B0000868B118E128E138E148E8CE080938C0EC9
:107B10008093050ECFEDDCE084E090E099838883CC
:107B200080E38A8382E090E09C838B838AE090E00C
:107B30009E838D8386E090E098878F8384E490E035
:107B40009A87898761E084E00E94450B60E08D811F
:107B50000E94450B61E08F810E94450B60E08B81A4
:107B60000E94450B61E089850E94450B85E090E00D
:107B70009093730D8093720D81E38093740D05E7EC
:107B80001DE083E090E0F8019183808387E7C82EB1
:107B90008DE0D82E8BE090E0F6019183808399E709
:107BA000E92E9DE0F92E87E090E0F7019183808334
:107BB000CBE7DDE085E490E09983888361E085E0B0
:107BC0000E94450B60E0F60180810E94450B61E058
:107BD000F70180810E94450B60E0F80180810E94DE
:107BE000450B61E08881DF91CF911F910F91FF904C
:107BF000EF90DF90CF900C94450BCF93DF93CDB7F0
:107C0000DEB7CC51D1400FB6F894DEBF0FBECDBF6A
:107C1000789484B5826084BD84B5816084BD85B567
:107C2000826085BD85B5816085BD80916E00816073
:107C300080936E0010928100809181008260809319
:107C4000810080918100816080938100809180001B
:107C50008160809380008091B10084608093B10046
:107C60008091B00081608093B0008091910082602B
:107C70008093910080919100816080939100809128
:107C800090008160809390008091A1008260809339
:107C9000A1008091A10081608093A1008091A0004B
:107CA00081608093A00080912101826080932101F6
:107CB0008091210181608093210180912001816068
:107CC0008093200180917A00846080937A00809173
:107CD0007A00826080937A0080917A00816080933C
:107CE0007A0080917A00806880937A001092C100B7
:107CF0001E0128E8220E311CC1010196C55EDE4F2F
:107D000099838883CB51D14060E082E10E94450B8A
:107D100061E08CE00E94450B61E08DE00E94450B24
:107D200061E082E40E94450B61E083E40E94450B20
:107D300061E081E40E94450B80910801806480939A
:107D400008018091080180618093080180910801F9
:107D50008068809308018091080180628093080107
:107D6000BE01615F7E4F80EF9FE00E94771DB101F1
:107D700084EF9FE00E94771DC15FDE4F888199816B
:107D8000AA81BB81CF50D1408F3FEFEF9E07AE0756
:107D9000BE0709F094C0F10180819181A281B38175
:107DA0008F3F9F4FAF4FBF4F09F097C089E694E0D8
:107DB0000E940C1B86E30E94760BBC01990F880B76
:107DC000990B611571058105910511F00E944949D2
:107DD0000E94FA482FEF3FEF40E050E00E94134F1F
:107DE000C15FDE4F688379838A839B83CF50D14004
:107DF00089E30E94760BBC01990F880B990B6115E2
:107E000071058105910511F00E9449490E94FA48C7
:107E10002FEF3FEF40E050E00E94134FD1016D93F0
:107E20007D938D939C931397BE01615F7E4F80EF8E
:107E30009FE00E94DD1DB10184EF9FE00E94DD1DE7
:107E4000F10183818F9382818F9381818F938081D0
:107E50008F93CE5EDE4F8881C251D1408F93CF5E2B
:107E6000DE4F8881C151D1408F93C05FDE4F888142
:107E7000C051D1408F93C15FDE4F8881CF50D14038
:107E80008F932EE834E03F932F9388E69BE09F93F7
:107E90008F930E9434528BE795E00E941E1B88E668
:107EA0009BE00E940C1B6CE47DE180E090E00E946E
:107EB000B20B0FB6F894DEBF0FBECDBF0EC0892B3C
:107EC0008A2B8B2B51F4F10180819181A281B381A6
:107ED000892B8A2B8B2B09F469CFD10113968C91B6
:107EE00013978F9312968C9112978F9311968C9172
:107EF00011978F938C918F93CE5EDE4F8881C25104
:107F0000D1408F93CF5EDE4F8881C151D1408F9396
:107F1000C05FDE4F8881C051D1408F93C15FDE4F7B
:107F20008881CF50D1408F93EEE8F4E0FF93EF9338
:107F300088E69BE09F938F930E94345290E080E00C
:107F40000E94FD4E0FB6F894DEBF0FBECDBF8C3041
:107F500009F4EEC10E94460D60E072EC81E090E011
:107F60000E94190A6CED75E080E090E00E94B20B6F
:107F700082E49CE00E94260D89E994E00E940C1B9B
:107F80008CE0D1018C9341E150E06FE172E0C55E7D
:107F9000DE4F88819981CB51D1400E94E85184E421
:107FA000F101828B41E150E068E67BE0C10143963C
:107FB0000E94E851D10194961C92949795961C9238
:107FC000959780E896968C93969786E997968C93EA
:107FD000979788E998968C93989799961C92999779
:107FE0009A961C929A979B961C929B979C961C9291
:107FF0009C979D961C929D979E961C929E9781EEB3
:108000009F968C939F9785EFD0968C93D09785E021
:10801000D1968C93D197D2961C92D297D3961C92DC
:10802000D397D4961C92D497D5961C92D59784E179
:1080300090E0D7969C938E93D69785E090E0D99662
:108040009C938E93D897DB961C921E92DA978BE0C6
:1080500090E0DD969C938E93DC9780E5DE968C9382
:1080600080E092ECA1E0B0E0F101FF968083918383
:10807000A283B38381E4C353DF4F8883CD5CD040B8
:1080800082E4C253DF4F8883CE5CD040C153DF4FC0
:108090001882CF5CD040C053DF4F1882C05DD04003
:1080A000CF52DF4F1882C15DD040CE52DF4F1882D1
:1080B000C25DD040CD52DF4F1882C35DD040CC525C
:1080C000DF4F1882C45DD040CB52DF4F1882C55DB0
:1080D000D040CA52DF4F1882C65DD040C952DF4F30
:1080E0001882C75DD040C852DF4F1882C85DD040AB
:1080F000C752DF4F1882C95DD040C652DF4F188289
:10810000CA5DD040C552DF4F1882CB5DD040C4520B
:10811000DF4F1882CC5DD040C352DF4F1882CD5D57
:10812000D040C252DF4F1882CE5DD04082E5C553A9
:10813000DF4F8883CB5CD040C453DF4F8883CC5C57
:10814000D04094ECC152DF4F9883CF5DD04089E09E
:10815000C052DF4F8883C05ED040CF51DF4F1882BE
:10816000C15ED040CE51DF4F1882C25ED040CD51AB
:10817000DF4F1882C35ED040CC51DF4F1882C45EFF
:10818000D040CB51DF4F1882C55ED040CA51DF4F7F
:108190001882C65ED040C951DF4F9883C75ED04079
:1081A000C851DF4F8883C85ED040C751DF4F188267
:1081B000C95ED040C651DF4F1882CA5ED040C5515B
:1081C000DF4F1882CB5ED040C451DF4F1882CC5EA7
:1081D000D040C351DF4F1882CD5ED040C251DF4F37
:1081E0001882CE5ED040C151DF4F1882CF5ED040A2
:1081F000C051DF4F1882C05FD040CF50DF4F188290
:10820000C15FD040CE50DF4F1882C25FD040CD500A
:10821000DF4F1882C35FD040CC50DF4F1882C45F5D
:10822000D040CB50DF4F1882C55FD040CA50DF4FDF
:108230001882C65FD040C950DF4F1882C75FD04058
:10824000C850DF4F1882C85FD040C750DF4F188238
:10825000C95FD040C650DF4F1882CA5FD040C550BA
:10826000DF4F1882CB5FD040C450DF4F1882CC5F05
:10827000D040C350DF4F1882CD5FD040C250DF4F97
:108280001882CE5FD040C150DF4F1882CF5FD04000
:10829000C050DF4F1882C050D140CF5FDE4F1882F0
:1082A000C150D140CE5FDE4F1882C250D140CD5F69
:1082B000DE4F1882C350D140CC5FDE4F1882C450CD
:1082C000D140CB5FDE4F1882C550D140CA5FDE4F30
:1082D0001882C650D140C95FDE4F1882C750D140C6
:1082E000C85FDE4F1882C850D140C75FDE4F18828A
:1082F000C950D140C65FDE4F1882CA50D140C55F19
:10830000DE4F1882CB50D140C45FDE4F1882CC5074
:10831000D140C35FDE4F1882CD50D140C25FDE4FE7
:108320001882CE50D140B10190E080E00E94381E0A
:10833000ECE88E2EEEE09E2E10E000E0C8010E94D8
:10834000FD4EF40181934F010F5F1F4F0738110558
:10835000A9F70E94460D6091CB0E7091CC0E8091D2
:10836000CD0E9091CE0E0E94190A6CED75E080E062
:1083700090E00E94B20B82E49CE00E94260D9FB721
:10838000F8948091790B882319F081508093790BB0
:108390008091790B811105C08CB58F7B8CBD1092BB
:1083A000410C9FBF1FB7F8948091790B811127C0B2
:1083B000E4E5F2E18491EAE9F2E19491E82FF0E05A
:1083C000EE0FFF1FEF52FE4EA591B491EC91E92301
:1083D00021F461E085E30E94170B61E085E30E94D0
:1083E000450B8CB580618CBD8CB580648CBD61E023
:1083F00084E30E94450B61E083E30E94450B80917A
:10840000790B8F5F8093790B1FBF85E492E00E9408
:108410000C1B8EEB94E00E940C1B8FED94E00E94ED
:108420000C1B85E492E00E940C1B8FE095E00E94FB
:108430000C1B85E295E00E940C1B87E8ECE8FEE04F
:10844000DE01119601900D928A95E1F76CE375E0DB
:10845000C1010E94E1516FE172E0C1010E94C2516D
:108460006BE572E0C1010E94C25167E172E0C10197
:108470000E94C25167E876E0C1010E94C251C10169
:108480000E942C1B90E080E00E94FD4E9B89292FCA
:10849000092E000C330B3F939F931F928F938FE411
:1084A00095E09F938F933F922F920E943452C10187
:1084B0000E942C1B65E775E0C1010E94E151BE01DD
:1084C0006C5E7F4FC1010E94C251C1010E942C1BF2
:1084D0006BE875E0C1010E94E1510FB6F894DEBF70
:1084E0000FBECDBFEDA1E830A0F4F0E08827E4583E
:1084F000FD4B8F4F0C94D74F8442FF4402450845F3
:1085000005450B450E45114566EB75E0C1010E941E
:10851000C251C1010E942C1B6BEF75E0C1010E948A
:10852000E151EBADFCADD1010D900020E9F71E1635
:108530001F060CF479C2CD01FF93EF932CE036E0D7
:108540003F932F9301979F938F930E9434520F90E4
:108550000F900F900F900F900F90C1010E942C1B55
:108560008EAD8F938DAD8F938EE496E09F938F9316
:108570003F922F920E943452C1010E942C1B2696DA
:108580008FAD2697282F082E000C330B3F938F9327
:1085900025968FAD2597282F082E000C330B3F937F
:1085A0008F9388E696E09F938F933F922F920E943D
:1085B0003452C1010E942C1B8FAD282F082E000CB5
:1085C000330B3F938F9389E896E09F938F933F926D
:1085D0002F920E943452C1010E942C1B24968FAD11
:1085E00024978F9323968FAD23978F9322968FADE9
:1085F00022978F9321968FAD21978F9386E996E0EE
:108600009F938F933F922F920E943452C1010E94F8
:108610002C1B28968FAD2897282F082E000C330B83
:108620003F938F9327968FAD2797282F082E000C06
:10863000330B3F938F938CEA96E09F938F933F92F7
:108640002F920E9434520FB6F894DEBF0FBECDBFFA
:10865000C1010E942C1B8EA1882309F41EC2282F61
:10866000082E000C330B3F938F9381EC96E09F9381
:108670008F933F922F920E9434520F900F900F9041
:108680000F900F900F90C1010E942C1B9FA1CD5EF7
:10869000DE4F9883C351D140A8A5CB5EDE4FA8839F
:1086A000C551D14049A45AA46BA47CA48DA49EA416
:1086B00040E4A42E52E4B52E6FE0C62ED12CE12C5E
:1086C000F12C00E010E0292F3A2FA201B301C401E0
:1086D0000E9471505F934F933F932F93CD5EDE4F77
:1086E0002881C351D140CB5EDE4F3881C551D14086
:1086F000A201B301C4010E9473505F934F933F9353
:108700002F9389EE96E09F938F933F922F920E9432
:108710003452C1010E942C1BBFA5CD5EDE4FB88331
:10872000C351D140E8A9CB5EDE4FE883C551D140AB
:1087300049A85AA86BA87CA88DA89EA82B2F3E2FCD
:10874000A201B301C4010E9471505F934F933F9304
:108750002F93CD5EDE4F2881C351D140CB5EDE4FDB
:108760003881C551D140A201B301C4010E947350A8
:108770005F934F933F932F9384E097E09F938F9362
:108780003F922F920E943452C1010E942C1B88AD4F
:108790008F938FA98F9380E297E09F938F933F925F
:1087A0002F920E943452C1010E942C1B64968FADFF
:1087B00064978F9363968FAD63978F9362968FAD17
:1087C00062978F9361968FAD61978F932C968FAD43
:1087D0002C978F932B968FAD2B978F932A968FADD7
:1087E0002A978F9329968FAD29978F9380E397E0EF
:1087F0009F938F933F922F920E9434520FB6F8941A
:10880000DEBF0FBECDBFC1010E942C1B8AAD8F936E
:1088100089AD8F9380E597E09F938F933F922F923E
:108820000E943452C1010E942C1BA4968FADA497C4
:108830008F93A3968FADA3978F93A2968FADA29798
:108840008F93A1968FADA1978F936C968FAD6C97F8
:108850008F936B968FAD6B978F936A968FAD6A9758
:108860008F9369968FAD69978F9380E697E09F937A
:108870008F933F922F920E943452C1010E942C1B71
:10888000E4968FADE4978F93E3968FADE3978F9344
:10889000E2968FADE2978F93E1968FADE1978F933C
:1088A000AC968FADAC978F93AB968FADAB978F9304
:1088B000AA968FADAA978F93A9968FADA9978F93FC
:1088C00084E897E09F938F933F922F920E943452B7
:1088D000C1010E942C1BCD57DF4F8881C358D04067
:1088E0008F93CE57DF4F8881C258D0408F93CF5798
:1088F000DF4F8881C158D0408F93C058DF4F8881A7
:10890000C058D0408F93EC968FADEC978F93EB9639
:108910008FADEB978F93EA968FADEA978F93E99699
:108920008FADE9978F9386EA97E09F938F933F925D
:108930002F920E9434520FB6F894DEBF0FBECDBF07
:10894000C1010E942C1B8FE095E00E940C1B85E466
:1089500092E00E940C1B8091940B811134C383EC34
:1089600097E00E940C1B85E492E00E941E1B07E02A
:1089700010E06AEF70E080E090E00E94B20B8EE2BF
:108980000E94210D82E49CE00E949C0C892B09F03E
:108990008AC06AEF70E080E090E00E94B20B8EE245
:1089A0000E94210D82E49CE00E949C0C892B09F01E
:1089B0007AC06AEF70E080E090E00E94B20B8EE235
:1089C0000E94210D82E49CE00E949C0C892B09F0FE
:1089D0006AC06AEF70E080E090E00E94B20B8EE225
:1089E0000E94210D82E49CE00E949C0C892B09F0DE
:1089F0005AC00150110909F0BCCF10E055C06EE912
:108A000075E084CD6FEA75E081CD60EC75E07ECDD8
:108A100067EC75E07BCD6AED75E078CD69EE75E0C9
:108A200075CD6FEE75E072CD8D0101501109EA3000
:108A3000F10534F521E030E080E090E0912C812CCC
:108A4000AAE0B0E0AC010E94324F9B01BFEF8B1A4D
:108A50009B0AE815F905A1F79F938F933F936F93B6
:108A6000FF93EF9389E196E09F938F931F930F936A
:108A70000E9434520FB6F894DEBF0FBECDBF6DCD4D
:108A8000FF93EF93FF93EF9383E396E09F938F938E
:108A90001F930F930E943452EDCF64ED76E0C10135
:108AA0000E94E151F0CD11E082E492E00E94FF1AB1
:108AB00082E49CE00E949C0C892B29F082E49CE0DB
:108AC0000E947A0CF5CF112331F00E949E190E946A
:108AD00017340E94751CA090B20EB090B30EC090D7
:108AE000B40ED090B50EE090B60EF090B70E009197
:108AF000B80E1091B90E20E030E145EA54ED68EE71
:108B000070E080E090E00E94735020938C0B3093D3
:108B10008D0B40938E0B50938F0B6093900B709343
:108B2000910B8093920B9093930B8091BA0E80934C
:108B3000840B8091BB0E8093850B8091BC0E80933B
:108B4000860B8091BD0E8093870B8091BE0E809323
:108B5000880B8091BF0E8093890B8091C00E80930B
:108B60008A0B8091C10E80938B0BA091C20EB091A5
:108B7000C30ECB5EDE4FB983A883C551D140B093FD
:108B8000830BA093820B9FED492E9CE0592EE1EDC3
:108B9000FEE0C75EDE4FF983E883C951D14023ED83
:108BA000622E2EE0722E37E2832E3DE0932E27E6D2
:108BB0003DE0CD5EDE4F39832883C351D140C95E8D
:108BC000DE4F19821882C751D140D201DB961C9228
:108BD000F201FB9611821282138214821582168290
:108BE000178223E9C95EDE4FE881F981C751D14080
:108BF0002E9FD0012F9FB00D1124A152B34FFD0124
:108C00003B961B961C92118212821382148215824B
:108C100016821782D2019B961C929B979C961C925F
:108C20009C979D961C929D979E961C929E979F96B0
:108C30001C929F97D0961C92D097D1961C92D19758
:108C4000D2961C92F4011082118212821382148235
:108C50001582168217821086118612861386148654
:108C6000158616861786108A118A128A138A148A24
:108C7000158A168A178A10AE11AE12AE13AE14AE54
:108C800015AE16AE17AEC75EDE4FE881F981C95149
:108C9000D1408191C75EDE4FF983E883C951D1404D
:108CA000CD5EDE4FA881B981C351D14018968C9317
:108CB000F3012081318142815381648175818681F4
:108CC0009781F8E06F0E711CD40158962C93589739
:108CD00059963C9359975A964C935A975B965C9346
:108CE0005B975C966C935C975D967C935D975E96C4
:108CF0008C935E975F969C93D3011896EC91D40168
:108D00009096EC93D3011996EC91D4019196EC9343
:108D1000D3011A96EC91D4019296EC93D3011B9651
:108D2000EC91D4019396EC93D3011C96EC91D40171
:108D30009496EC93D3011D96EC91D4019596EC9307
:108D4000D3011E96EC91D4019696EC93D3011F9615
:108D5000EC91D4019796EC93D3015896EC91D40101
:108D60009896EC93D3015996EC91D4019996EC9393
:108D7000D3015A96EC91D4019A96EC93D3015B9669
:108D8000EC91D4019B96EC93D3015C96EC91D401C9
:108D90009C96EC93D3015D96EC91D4019D96EC9357
:108DA000D3015E96EC91D4019E96EC93D3015F962D
:108DB000EC91D4019F96EC939F97F301A0A4B1A4EA
:108DC000C2A4D3A4E4A4F5A406A517A50E947E51CD
:108DD000D0962C93D097D1963C93D197D2964C9322
:108DE000D297D3965C93D397D4966C93D497D59619
:108DF0007C93D597D6968C93D697D7969C93CD5E39
:108E0000DE4FA881B981C351D1401D921D921D92A0
:108E10001C921397FD01148215821682178280918D
:108E2000C80E9091C90E8D3091050CF0D8C097FDF9
:108E300080E0809302028091C60E80930102F1E0EF
:108E4000F0939F0B60E0D2018C910E94170B65E0BC
:108E500070E080E090E00E94B20B61E0F20180815E
:108E60000E94170B65E070E080E090E00E94B20B7A
:108E7000CB5EDE4F28813981C551D14040E42A3094
:108E8000310549F040EC2832310529F040E8223024
:108E9000310509F440E0CD5EDE4FA881B981C351B0
:108EA000D1401A964C9361E0C2010E94200F47E026
:108EB00063E0C2010E94200F4091C40E66E0C2012F
:108EC0000E94200F40E067E0C2010E94200FF201E3
:108ED0008281803309F085C08091CF0E863409F0FD
:108EE00085C088E08368CD5EDE4FA881B981C3511B
:108EF000D14019968C93C2010E94AD0FC2010E940D
:108F0000F514B3E94B0E511CE3E98E0E911CCD5EB6
:108F1000DE4F28813981C351D1402D563F4FCD5E60
:108F2000DE4F39832883C351D140C95EDE4F88812B
:108F30009981C751D140019709F048C08091CA0E6C
:108F4000803509F0A4C060ED77E080E090E00E94F9
:108F5000B20B61E08EE30E94450B60E08EE30E945D
:108F6000170B68EE73E080E090E00E94B20B82E1A4
:108F70000E94EE0A21E0892B09F420E002E010E0D3
:108F8000822E912C8FE0682E712C82E10E94EE0AD5
:108F90008815990569F5C3010197F1F703331105A8
:108FA000A0F70F5F1F4F0233110579F785E492E0B8
:108FB0000E940C1B85E492E00E940C1B88EE97E057
:108FC0000E940C1BE2CF1092940B85CD81E090E0C3
:108FD000C95EDE4F99838883C751D140F6CD8CE0BE
:108FE00028CF813319F48091D00E78CF80E07ACFEA
:108FF00061E08EE30E94170B8EE30E94EE0A892B3C
:10900000D9F310927A0B10927B0B10927C0B10927A
:109010007D0B10927E0B10927F0B1092800B1092A2
:10902000810B42E064EE7BE082E10E940E1A43E095
:1090300068E07CE082E00E940E1A43E063E27CE09C
:1090400083E00E940E1A60E08EE30E94170B60E03E
:109050008EE30E94450B8091950B81114FC085E4F2
:1090600092E00E940C1BE091B00EE83008F046C080
:10907000F0E08827E15CF74B8F4F0C94D74F5448B2
:1090800063487248664869486C486F48A84885E458
:1090900092E00E940C1B85E492E00E940C1B82E18E
:1090A00098E00E940C1BA8CF8EE398E00E941E1B44
:1090B0008091C80E9091C90E0E94FC1C89E598E031
:1090C0000E940C1B1BC08AE698E0F0CF8AE998E06A
:1090D000EDCF8EEB98E0EACF86ED98E0E7CF8BE01E
:1090E00099E0EECF80E499E00E940C1B8AE699E0BB
:1090F0000E940C1B82E492E00E94FF1A80910801FA
:109100008F7B80930801809108018F7E80930801F6
:10911000809108018F7780930801809108018F7DED
:109120008093080180910801877F809308018091D6
:10913000950B882381F01092950B81E080930002BB
:109140008EED99E00E940C1B0E94630D0C94843EEE
:1091500081EC99E0B5CF0E94A134F6CF8F929F9217
:10916000AF92BF92CF92DF92EF92FF92CF93DF93B5
:10917000EC01688179818A819B8161157105810586
:10918000910521F464E279ED8BE597E02DE133EF71
:1091900041E050E00E94134F49015A019B01AC018C
:1091A000A7EAB1E40E94324F6B017C01ACEEB4EF50
:1091B000A50194010E94404FC60ED71EE81EF91E5D
:1091C000F7FE06C081E0C81AD108E10880E8F80A75
:1091D000C882D982EA82FB82C701B6019F77DF91FC
:1091E000CF91FF90EF90DF90CF90BF90AF909F9086
:1091F0008F9008958F929F92AF92BF92CF92DF92FD
:10920000EF92FF9260910302709104028091050237
:1092100090910602611571058105910521F464E2C2
:1092200079ED8BE597E02DE133EF41E050E00E94CE
:10923000134F49015A019B01AC01A7EAB1E40E9416
:10924000324F6B017C01ACEEB4EFA50194010E949A
:10925000404FC60ED71EE81EF91EF7FE06C081E07D
:10926000C81AD108E10880E8F80AC0920302D09237
:109270000402E0920502F0920602C701B6019F7750
:10928000FF90EF90DF90CF90BF90AF909F908F9026
:1092900008956093030270930402809305029093F3
:1092A000060208958F929F92AF92BF92CF92DF9263
:1092B000EF92FF920F931F93CF93DF935C017B019B
:1092C0006115710519F0DB018D939C9385010F5F8A
:1092D0001F4FF501D0818D2F90E00E94B04A6C01A4
:1092E000892BB9F5DD32B9F50F5F1F4FD501119606
:1092F000DC91C1E05801F1E0AF1AB10843E050E061
:1093000068EE71E0C5010E94D44A892B69F56801B5
:1093100082E0C80ED11C45E050E063EE71E0C6016A
:109320000E94D44A892B21F4680197E0C90ED11C10
:10933000E114F10419F0D701CD92DC9260E070E005
:1093400080E89FEFC111FFC060E070E080E89FE718
:10935000FAC05801BBCFDB3229F485010E5F1F4FE5
:10936000F501D181C0E0C6CF43E050E060EE71E08E
:10937000C5010E94D44A892BE9F0F80110E000E011
:1093800020E030E0A9015F01B0ED8B2E8D0E89E069
:109390008815C8F19C2E689491F88C2F8870C2FFB4
:1093A00016C0811102C00F5F1F4F3196D501DC91AD
:1093B000C92DE9CFE114F10429F00E5F1F4FF70129
:1093C0001183008360E070E080EC9FE7BCC08823DD
:1093D00011F001501109A5E0B0E00E94324F9B014D
:1093E000AC01220F331F441F551F280D311D411D95
:1093F000511D283999E93907490799E15907A8F218
:10940000C6609C2ED2CFAEEF8A1206C0C3FD3CC010
:109410009C2E689493F8C9CFDF7DD534A9F580815F
:109420008D3239F4C061DF011296818162E070E013
:1094300006C0DF018B32C1F3119661E070E080530A
:109440005D01A61AB70A8A30F8F4E0E8CE16ECE01F
:10945000DE065CF4B601660F771F660F771FC60E37
:10946000D71ECC0CDD1CC80ED11C5D01FFEFAF1A5E
:10947000BF0A8C9180538A30A8F1C4FF03C0D194F5
:10948000C194D1080C0D1D1DC1FF09C0E114F104E8
:1094900031F081E0A81AB108D701AD92BC92CA019F
:1094A000B9010E94354BC370C33009F490584B0189
:1094B0005C0120E030E0A9010E94304B882309F4D0
:1094C00040C0C7E1D2E017FF05C011950195110911
:1094D000CFEFD1E06E01B8E1CB1AD10880E2E82EDF
:1094E000F12C0FC0D501B1CFFE01259135914591E9
:1094F00054910E191F09C501B4010E94964B4B01EE
:109500005C01D501C4010E151F0574F72497F5946D
:10951000E794CC16DD06A9F78A2F880F8B2F881FBA
:109520008F3F49F020E030E0A901C501B4010E945D
:10953000304B811106C082E290E09093140F80932B
:10954000130FC501B401DF91CF911F910F91FF90CF
:10955000EF90DF90CF90BF90AF909F908F90089545
:1095600091110C94054E803219F089508550C8F73E
:109570000895FB01DC0102C005900D92415050405E
:10958000D8F70895FB01DC010D900020E9F7119751
:1095900005900D920020E1F70895FB01DC01059094
:1095A0000D920020E1F70895FB01DC01415050408D
:1095B00088F08D9181341CF08B350CF4805E6591C0
:1095C00061341CF06B350CF4605E861B611171F325
:1095D000990B0895881BFCCFDC01FB0141505040E2
:1095E00058F049F001900D920020C1F7E61BF70BEF
:1095F0003197CF0108951C9201900020E9F7F6CF32
:109600000F931F93CF93DF93CDB7DEB72E970FB68F
:10961000F894DEBF0FBECDBF0E891F898EE08C830C
:109620001A8309838FEF9FE79E838D83AE01465E89
:109630005F4F688D798DCE0101960E94034C2F817A
:109640003885020F131FF80110822E960FB6F8947A
:10965000DEBF0FBECDBFDF91CF911F910F91089557
:109660000E94724B08F481E00895E89409C097FBCA
:109670003EF490958095709561957F4F8F4F9F4FE9
:109680009923A9F0F92F96E9BB279395F69587952D
:1096900077956795B795F111F8CFFAF4BB0F11F4F0
:1096A00060FF1BC06F5F7F4F8F4F9F4F16C0882397
:1096B00011F096E911C0772321F09EE8872F762FCD
:1096C00005C0662371F096E8862F70E060E02AF00E
:1096D0009A95660F771F881FDAF7880F96958795FA
:1096E00097F90895990F0008550FAA0BE0E8FEEFCF
:1096F00016161706E807F907C0F012161306E40756
:10970000F50798F0621B730B840B950B39F40A264E
:1097100061F0232B242B252B21F408950A2609F42C
:10972000A140A6958FEF811D811D08950E94A94B30
:109730000C94C34E0E94B54E38F00E94BC4E20F0EF
:10974000952311F00C94AC4E0C94B24E11240C9451
:10975000F74E0E94D44E70F3959FC1F3950F50E0E1
:10976000551F629FF001729FBB27F00DB11D639FD3
:10977000AA27F00DB11DAA1F649F6627B00DA11D79
:10978000661F829F2227B00DA11D621F739FB00D1F
:10979000A11D621F839FA00D611D221F749F33278F
:1097A000A00D611D231F849F600D211D822F762F28
:1097B0006A2F11249F5750409AF0F1F088234AF005
:1097C000EE0FFF1FBB1F661F771F881F9150504071
:1097D000A9F79E3F510580F00C94AC4E0C94F74EC7
:1097E0005F3FE4F3983ED4F3869577956795B795F8
:1097F000F795E7959F5FC1F7FE2B880F911D969512
:10980000879597F908952F923F924F925F926F92AA
:109810007F928F929F92AF92BF92CF92DF92EF9200
:10982000FF920F931F93CF93DF9300D000D000D00F
:109830001F921F92CDB7DEB77C013B018A01FC016C
:1098400017821682838181FFDDC1CE0101965C0102
:10985000F7019381F30193FD859193FF81913F017E
:10986000882309F453C1853239F493FD859193FF20
:1098700081913F01853229F4B70190E00E941E4E8C
:10988000E7CF912C212C312CFFE1F31538F08B32EE
:1098900011F190F4803209F1833229F137FC3CC098
:1098A00020ED280F2A3050F536FE20C08AE0989E21
:1098B000200D1124922E06C08D3291F0803371F765
:1098C000689430F8F30193FD859193FF81913F01F6
:1098D0008111DACF21C0689431F8689432F8F2CF60
:1098E000689433F8EFCF689434F8ECCFEAE02E9E1A
:1098F000200D1124222E689435F8E4CF8E3229F4FD
:1099000036FC04C1689436F8DDCF8C3619F46894BF
:1099100037F8D8CF8836B1F2982F9F7D9554933081
:10992000E0F08336A1F18337C1F1833509F063C0DC
:109930002801F2E04F0E511CF801C080D180692D42
:1099400070E036FC02C06FEF7FEFC6010E94084E48
:109950004C01689437F882010AC00C5F1F4FFFE387
:10996000F98388248394912C6501E89437F833FEB9
:109970002DC0522C8114910471F5552009F468CF43
:10998000B70180E290E00E941E4E5A94F6CFF80193
:10999000808189830E5F1F4FE4CF2801F2E04F0ED4
:1099A000511CF801C080D180692D70E036FC02C0E6
:1099B0006FEF7FEFC6010E94134E4C018201D5CF9D
:1099C000B70180E290E00E941E4E2A9428141904E8
:1099D00009F0B0F7CECFF60137FC859137FE8191C3
:1099E0006F01B70190E00E941E4E51105A94F1E0B1
:1099F0008F1A9108BFCF843619F0893609F077C0E5
:109A0000F80137FE6BC060817181828193810C5FA8
:109A10001F4FF32DFF763F2E97FF09C0909580953D
:109A2000709561957F4F8F4F9F4F689437F82AE06C
:109A300030E0A5010E944E4EC82ECA188C2C432C33
:109A400036FE0CC0E89440F8C91440F434FE05C05A
:109A500032FC03C0F32DFE7E4F2E892C44FEAAC09B
:109A6000FE01EC0DF11D8081803309F09CC0242D96
:109A7000297E422E842D8870582E43FCAAC040FEB9
:109A8000A4C09C2C821418F42C0C922C981844FE20
:109A9000A6C0B70180E390E00E941E4E42FE09C0BE
:109AA00088E790E041FE02C088E590E0B7010E949F
:109AB0001E4EC91408F49FC0CA94D12C9FEFC91A36
:109AC000D90ACA0CDB1CF60182916F01B70190E044
:109AD0000E941E4EAC14BD04B1F74FCF608171815E
:109AE000072E000C880B990B0E5F1F4F92CFD32CC3
:109AF000E894D4F82AE030E08537E1F1232D297F7E
:109B0000D22E8F36A9F1F0F4883551F1F701868114
:109B100097812B960FB6F894DEBF0FBECDBFDF91B5
:109B2000CF911F910F91FF90EF90DF90CF90BF905A
:109B3000AF909F908F907F906F905F904F903F90ED
:109B40002F900895803749F0883701F7D4FE02C07E
:109B50006894D2F820E130E00DC06894D4F8F6CFD4
:109B600034FE03C0822F8660D82E20E132E002C08E
:109B700028E030E0F801D7FE0FC06081718182815A
:109B800093810C5F1F4FA5010E944E4EC82ECA182C
:109B90003D2CE89437F852CF6081718190E080E0ED
:109BA0000E5F1F4FF0CF42FC02C0839463CF8394BB
:109BB000839460CF842D867809F45CCFF6CFB7010B
:109BC00080E290E00E941E4E83948214C0F3512CD8
:109BD0005ECF522C5818821408F459CFF8CF842D38
:109BE000867809F466CF8BE241FE80E247FC8DE285
:109BF000B70190E05CCFB70180E390E00E941E4E79
:109C00009A9457CF8FEF9FEF84CF99278827089595
:109C1000FC010590615070400110D8F78095909537
:109C20008E0F9F1F0895FC0161507040019001103C
:109C3000D8F7809590958E0F9F1F08950F931F93CF
:109C4000CF93DF93182F092FEB018B8181FD09C082
:109C50001FEF0FEF812F902FDF91CF911F910F9169
:109C6000089582FF14C02E813F818C819D81281729
:109C700039073CF4E881F981CF0101969983888303
:109C800010838E819F8101969F838E83E3CFE88529
:109C9000F985812F1995892BA1F3DACFFA01AA272B
:109CA000283051F1203181F1E8946F936E7F6E5F1F
:109CB0007F4F8F4F9F4FAF4FB1E03ED0B4E03CD0CD
:109CC000670F781F891F9A1FA11D680F791F8A1FB0
:109CD000911DA11D6A0F711D811D911DA11D20D017
:109CE00009F468943F912AE0269F11243019305DD1
:109CF0003193DEF6CF010895462F4770405D4193C2
:109D0000B3E00FD0C9F7F6CF462F4F70405D4A330E
:109D100018F0495D31FD4052419302D0A9F7EACFD6
:109D2000B4E0A6959795879577956795BA95C9F705
:109D300000976105710508959B01AC010A2E0694F8
:109D40005795479537952795BA95C9F7620F731FB1
:109D5000841F951FA01D089597F99F6780E870E004
:109D600060E008959FEF80EC089500240A94161691
:109D7000170618060906089500240A9412161306F9
:109D8000140605060895092E0394000C11F4882387
:109D900052F0BB0F40F4BF2B11F460FF04C06F5FA3
:109DA0007F4F8F4F9F4F089557FD9058440F551F79
:109DB00059F05F3F71F04795880F97FB991F61F04D
:109DC0009F3F79F087950895121613061406551FC4
:109DD000F2CF4695F1DF08C0161617061806991F30
:109DE000F1CF86957105610508940895E894BB2725
:109DF00066277727CB0197F90895F999FECF92BD91
:109E000081BDF89A992780B50895262FF999FECF3C
:109E10001FBA92BD81BD20BD0FB6F894FA9AF99A87
:109E20000FBE01960895052E97FB1EF400940E9424
:109E30002A4F57FD07D00E94454F07FC03D04EF430
:109E40000C942A4F50954095309521953F4F4F4F98
:109E50005F4F089590958095709561957F4F8F4FD6
:109E60009F4F08950E94674FA59F900DB49F900D3E
:109E7000A49F800D911D11240895B7FF0C94324FBB
:109E80000E94324F821B930B0895A1E21A2EAA1B47
:109E9000BB1BFD010DC0AA1FBB1FEE1FFF1FA2179A
:109EA000B307E407F50720F0A21BB30BE40BF50B97
:109EB000661F771F881F991F1A9469F76095709520
:109EC000809590959B01AC01BD01CF010895A29FA3
:109ED000B001B39FC001A39F700D811D1124911D7E
:109EE000B29F700D811D1124911D0895BEE304D011
:109EF00008F490E80895BFE322273327A9010E94C0
:109F0000DC4E60F19F5748F1B91740F1BFE3B91B30
:109F10009927B8503AF4660F771F881F991FB39599
:109F2000D2F316C0B8504AF0232F342F452F562FA6
:109F3000672F782F8827B850BAF7B85F49F0869511
:109F4000779567955795479537952795BA95B9F7BA
:109F500016F40E94B24F88940895889460E070E0EF
:109F6000CB0108959095809570956095509540959A
:109F7000309521953F4F4F4F5F4F6F4F7F4F8F4F22
:109F80009F4F08950E94724B08F48FEF0895DB01F4
:109F90008F939F930E94324FBF91AF91A29F800DEC
:109FA000911DA39F900DB29F900D11240895EE0F67
:109FB000FF1F881F8BBF0790F691E02D1994DF9348
:109FC000CF931F930F939A9DF02D219FF00D8B9DA2
:109FD000F00D8A9DE02DF10D039FF00D029FE00D25
:109FE000F11D4E9DE00DF11D5E9DF00D4F9DF00D9C
:109FF0007F936F93BF92AF925F934F93D5010E946F
:10A00000674F8B01AC01D7010E94674FEB01E80F4E
:10A01000F91FD6010E942E502F913F91D6010E9428
:10A02000674FC60FD71FE81FF91FAF91BF910E945E
:10A030002E502F913F910E94674FC60FD71FE81FE8
:10A04000F91FD6010E94674FE60FF71F9801BE0166
:10A05000CF010F911F91CF91DF9108950E94674F1B
:10A06000460F571FC81FD91F08F43196089597FB54
:10A0700057FF0C9447509F938F930E9447506E1B3D
:10A080007F0BAF91BF918A0B9B0B0895E894DF93F0
:10A09000CF93FC01DB010E94674F7F936F93E9012F
:10A0A0009A01AC01BF93AF933F932F93DF010E94BE
:10A0B000674F26F46C1B7D0B820B930B9E01EB010B
:10A0C000FC010E942E50AF91BF912F913F910E94B1
:10A0D0002E50BE01CF01F9012F913F91CF91DF9119
:10A0E0000895689401C0E894F92FF12B12F00C94B4
:10A0F000A550A0E0B0E0EFE7F0E50C941751092E71
:10A10000059422F40E940151112392F4F0E80F26E5
:10A11000FFEFE094F09400951095B094C094D09423
:10A12000A194BF0ACF0ADF0AEF0AFF0A0F0B1F0B29
:10A130000E94B05007FC0E940151CDB7DEB7ECE0A1
:10A140000C943351689401C0E8948F929F92CF93FE
:10A15000DF930E94B050DF91CF919F908F90089530
:10A1600088249924F401E401B0E49F93AA279A1566
:10A170008B049C04ED05FE05CF05D007A10798F4DC
:10A18000AD2FDC2FCF2FFE2FE92D982C892E982F65
:10A19000872F762F652F542F432F322F2227B85029
:10A1A00031F7BF9127C01B2EBF91BB27220F331F52
:10A1B000441F551F661F771F881F991F881C991CF5
:10A1C000EE1FFF1FCC1FDD1FAA1FBB1F8A149B049D
:10A1D000EC05FD05CE05DF05A007B10748F08A189C
:10A1E0009B08EC09FD09CE09DF09A00BB10B21602A
:10A1F0001A94E1F62EF49401AF01BE01CD01000CDA
:10A2000008956095709580959095309540955095FE
:10A2100021953F4F4F4F5F4F6F4F7F4F8F4F9F4F56
:10A2200008952F923F924F925F926F927F928F92FA
:10A230009F92AF92BF92CF92DF92EF92FF920F93D5
:10A240001F93CF93DF93CDB7DEB7CA1BDB0B0FB6DF
:10A25000F894DEBF0FBECDBF19942A88398848888C
:10A260005F846E847D848C849B84AA84B984C88432
:10A27000DF80EE80FD800C811B81AA81B981CE0F29
:10A28000D11D0FB6F894DEBF0FBECDBFED0108950E
:10A29000002E083090F0982F872F762F652F542F9F
:10A2A000432F322F22270850F4CF220F331F441F91
:10A2B000551F661F771F881F991F0A95B2F7002D3B
:10A2C000089597FD1094002E083098F00850232F21
:10A2D000342F452F562F672F782F892F912DF4CFAC
:10A2E00015949795879577956795579547953795E1
:10A2F00027950A95AAF71124002D08952A0D3B1DD4
:10A300004C1D5D1D6E1D7F1D801F911F0895002433
:10A31000A7FD00942A0F301D401D501D601D701DAB
:10A32000801D901D08952A193B094C095D096E098D
:10A330007F09800B910B08952A153B054C055D059F
:10A340006E057F058007910708950024A7FD0094FE
:10A350002A173005400550056005700580059005F9
:10A3600008959111089581568A5108F480528558B4
:10A370000895FB01DC0102C001900D924150504054
:10A38000D8F70895FB01DC010D900020E9F7119743
:10A3900001900D920020E1F70895FC01819186174C
:10A3A00021F08823D9F7992708953197CF0108958F
:10A3B000FB01DC018D91019080190110D9F3990BFB
:10A3C0000895FB01DC0101900D920020E1F7089552
:10A3D000FB01DC014150504048F001900D920020FB
:10A3E000C9F701C01D9241505040E0F708950F9306
:10A3F0001F93CF93DF93CDB7DEB72E970FB6F894A8
:10A40000DEBF0FBECDBF0E891F89888D998D26E0D6
:10A410002C831A83098397FF02C080E090E801979C
:10A420009E838D83AE01445E5F4F6A8D7B8DCE012E
:10A4300001960E94034C4D815E8157FD0AC02F8119
:10A440003885421753070CF49A01020F131FF801C5
:10A4500010822E960FB6F894DEBF0FBECDBFDF91EF
:10A46000CF911F910F9108950F931F93CF93DF9377
:10A47000CDB7DEB72E970FB6F894DEBF0FBECDBFB7
:10A480000E891F8986E08C831A8309838FEF9FE7EB
:10A490009E838D83AE01465E5F4F688D798DCE01C0
:10A4A00001960E94034C2F813885020F131FF8017B
:10A4B00010822E960FB6F894DEBF0FBECDBFDF918F
:0CA4C000CF911F910F910895F894FFCFE9
:10A4CC0001020B0100000078026702560243023CB5
:10A4DC00022D0227021B0252430000000000003232
:10A4EC00303235313031312E3100000000000000A7
:10A4FC0000000000D40C3E0C6B0C260D9C0C7A0C4E
:10A50C008E0C0D0A002320004669726D776172650E
:10A51C002076657273696F6E3A20002028002C201B
:10A52C00426F6172642073657269616C3A200059E4
:10A53C004553003100256C642E2530366C64204D5B
:10A54C00487A2900256C642E2530366C642075738E
:10A55C0065632900256C642F256C6429002564250E
:10A56C007329002564290025632F25632900256C98
:10A57C007529004F4B202D2D205772617020446996
:10A58C0067697473202564202D3E202564004F4B91
:10A59C00202D2D20446563696D616C20506C6163C6
:10A5AC006573202564202D3E202564004F4B202D03
:10A5BC002D2053796E63204D6F6465202563202D0B
:10A5CC003E202563004F4B202D2D20506F6C6C20AE
:10A5DC004368617261637465722000202D3E200017
:10A5EC004F4B202D2D20436F61727365205469638E
:10A5FC006B202573202D3E2025730050726F704404
:10A60C00656C61790054696D652044696C6174698D
:10A61C006F6E00666978656454696D6532004655E5
:10A62C0044474530004F4B202D2D205374617274DC
:10A63C0020456467652025632563202D3E20256316
:10A64C002563004F4B202D2D204368616E6E656C89
:10A65C00204E616D65732025632563202D3E2025DA
:10A66C0063256300232053746F7070696E67206DCF
:10A67C006561737572656D656E747320666F72209B
:10A68C00636F6E6669672E2E2E002320466C7573E1
:10A69C0068696E672070656E64696E67206D6561B0
:10A6AC00737572656D656E7473206265666F726525
:10A6BC0020636F6E6669672E2E2E00232052657301
:10A6CC0074617274696E67206D6561737572656D06
:10A6DC00656E74732E2E2E0023203130204D485A77
:10A6EC00205265666572656E6365206C6F737421AC
:10A6FC00002320507265737320616E79206B65792D
:10A70C0020746F2072657374617274206166746555
:10A71C0072207265666572656E636520697320725E
:10A72C006573746F7265642E004E6F207365726969
:10A73C00616C206E756D62657220666F756E642E2D
:10A74C002E2E206D616B696E67206F6E6500253053
:10A75C00346C582530346C58004E6F20636F6E6625
:10A76C00696720666F756E642E2020577269746954
:10A77C006E672064656661756C742E2E2E00232026
:10A78C005441505220544943432054696D657374AD
:10A79C00616D70696E6720436F756E74657200230E
:10A7AC0020436F7079726967687420323031362DAE
:10A7BC0032303235204E3855522C204B39545256AB
:10A7CC002C204E48365A2C205741385957510023CB
:10A7DC00232323232323232323232323232323233D
:10A7EC00232323230023205449434320436F6E66C5
:10A7FC00696775726174696F6E3A2000536F667485
:10A80C00776172652056657273696F6E3A200045E8
:10A81C004550524F4D2056657273696F6E3A202524
:10A82C00642C20426F6172642056657273696F6E7E
:10A83C003A20256300426F6172642053657269612E
:10A84C006C204E756D6265723A20004D65617375B2
:10A85C0072656D656E74204D6F64653A20005061B1
:10A86C00697265645F54696D657374616D700042E3
:10A87C00696E6172792054696D657374616D7000D5
:10A88C00506572696F640054696D6520496E74651A
:10A89C007276616C20412D3E4200332D436F726EF7
:10A8AC006572656420486174004465627567004E8A
:10A8BC00756C6C204F75747075740054696D65738C
:10A8CC0074616D7020577261703A200025642028E5
:10A8DC006E6F207772617029002564202877726171
:10A8EC00707320617420256C75207365636F6E64C2
:10A8FC00732900256420287772617073206174209D
:10A90C0031652564207365636F6E647329004F7520
:10A91C007470757420446563696D616C20506C6152
:10A92C006365733A20256400547269676765722009
:10A93C00456467653A2025632028636830292C20FC
:10A94C0025632028636831290053796E634D6F6449
:10A95C00653A2025630053657269616C204261750C
:10A96C006420526174653A20256C75004368616EF1
:10A97C006E656C204E616D65733A2025632F2563DF
:10A98C0000506F6C6C204368617261637465723A3D
:10A99C0020256300506F6C6C204368617261637496
:10A9AC0065723A206E6F6E6500436C6F636B20535B
:10A9BC00706565643A20256C642E2530366C6420F5
:10A9CC004D487A00436F61727365207469636B3A0A
:10A9DC0020256C642E2530366C64207573656300FD
:10A9EC0043616C20506572696F64733A2025640072
:10A9FC0050726F7044656C61793A20256C64202824
:10AA0C00636830292C20256C642028636831290068
:10AA1C0054696D656F75743A203078252E32580064
:10AA2C0054696D652044696C6174696F6E3A2025B8
:10AA3C006C642028636830292C20256C64202863E2
:10AA4C006831290046495845445F54494D45323ACE
:10AA5C0020256C642028636830292C20256C642008
:10AA6C002863683129004655444745303A20256C07
:10AA7C00642028636830292C20256C6420286368A6
:10AA8C0031290023205479706520616E7920636828
:10AA9C006172616374657220666F7220636F6E669B
:10AAAC006967206D656E750023204E6F20434F4102
:10AABC005253455F434C4F434B2E2E2E206973202F
:10AACC003130204D487A20636F6E6E656374656417
:10AADC003F002320496E207365636F6E6461727949
:10AAEC00206D6F646520616E642077616974696E96
:10AAFC006720666F722073796E632E2E2E002320D2
:10AB0C0074696D657374616D7020287365636F6E05
:10AB1C0064732077697468200020646563696D61D3
:10AB2C006C20706C616365732900232070616972FD
:10AB3C006564206368616E6E656C2D6F72646572FE
:10AB4C002074696D657374616D7020287365636F13
:10AB5C006E647320776974682000232074696D65B6
:10AB6C0020696E74657276616C20412D3E422028FE
:10AB7C007365636F6E64732077697468200023209B
:10AB8C00706572696F6420287365636F6E647320DF
:10AB9C00776974682000232074696D657374616D26
:10ABAC0070206368302C206368313B20696E7465BB
:10ABBC007276616C206368412D3E42202873656378
:10ABCC006F6E647320776974682000232074696D3C
:10ABDC0065312074696D653220636C6F636B312055
:10ABEC0063616C312063616C322050494373746F24
:10ABFC007020746F662074696D657374616D70007C
:10AC0C00232042696E6172792054696D6573746199
:10AC1C006D70206D6F6465202D2031322062797447
:10AC2C0065206672616D65733A0023206865616406
:10AC3C0065722028307835352C30784141292C200C
:10AC4C006368616E6E656C202831206279746529A9
:10AC5C002C2050494373746F70202834206279740F
:10AC6C006573292C20746F662028342062797465F2
:10AC7C0073292C2043524320283120627974652992
:10AC8C000023206E756C6C206F7574707574206D5C
:10AC9C006F6465202D206E6F206461746100232029
:10ACAC005265737461727420726571756573746525
:10ACBC00642C207265696E697469616C697A696E5D
:10ACCC00672073797374656D2E2E2E004261756446
:10ACDC00205261746500436C6F636B205370656523
:10ACEC006400436F61727365205469636B00577223
:10ACFC0061702044696769747300446563696D61B0
:10AD0C006C20506C616365730053796E63204D6FDA
:10AD1C006465004368616E6E656C204E616D657391
:10AD2C0000506F6C6C2043686172616374657200D3
:0CAD3C0053746172742045646765000068
:00000001FF
