:100000000C94C2090C94B43D0C94893D0C945E3D53
:100010000C94333D0C94083D0C94DD3C0C94B23CA4
:100020000C94873C0C94123C0C94A33B0C942D3BF9
:100030000C94F3090C94F3090C94F3090C94F30950
:100040000C94F3090C94F3090C94F3090C94F30940
:100050000C94F3090C94F3090C94F3090C94833A6F
:100060000C94F3090C94F73A0C94CD3A0C94F309E0
:100070000C94F3090C94F3090C94F3090C94F30910
:100080000C94F3090C94F3090C94F3090C94F30900
:100090000C94F3090C94F3090C94F3090C94F309F0
:1000A0000C94F3090C94F3090C94F3090C94F309E0
:1000B0000C94F3090C94F3090C94F3090C94F309D0
:1000C0000C94F3090C94F3090C94F3090C94F309C0
:1000D0000C94F3090C94F3090C94F3090C94F309B0
:1000E0000C94F3090C949D0A0C94A50A0C948E0CA4
:1000F0000C94FA0B0C9403490C9464260C94B20AE9
:100100000C94C00A0C949C450C94F2320C94A90AED
:100110000C9412490C94111E0C94C60C0C940C33C4
:100120000C9496450C945D0C0C9406490C94165155
:100130000C94F6320C94D70A0C9401330C94A10A57
:100140000C94EC320C94BC0A0C94300C0C94800C83
:100150000C948D450C940C490C94C40A0C94CA0A56
:100160000C9412430C94180D0C94DF3D0C942E202B
:100170000C94F0320C94150C0C94DC0A0C94094984
:100180000C94D20A0C9448490C94E1320C94970ACE
:100190000C94C61E0C9493450C949F450C94D80A5D
:1001A0000C94F21B0C94F4480C94F4320C94E81B5D
:1001B0000C940F490C9480220C94D60B0C946C0C6C
:1001C0000C94B60A0C94EE320C94AC0A0C94CE0A41
:1001D0000C946C1E0C9499450C94511B0C949045F6
:1001E0004E414E494E495459494E46CDCCCC3D0A1C
:1001F000D7233C17B7D13877CC2B329595E6241FFF
:10020000B14F0A000020410000C84200401C4620B7
:10021000BCBE4CCA1B0E5AAEC59D744E756C6C208C
:100220004F757470757400446562756700332D43B3
:100230006F726E6572656420486174005065726902
:100240006F640054696D6520496E74657276616CE7
:1002500020412D3E420042696E6172792054696DE1
:10026000657374616D7000506169726564205469D2
:100270006D657374616D700054696D657374616D43
:10028000700046554447453020412F42207073206E
:1002900028652E672E2C2034302F3430206F7220AA
:1002A0003165362F326536293A2000466978656413
:1002B0002054696D653220412F42207073202865DB
:1002C0002E672E2C2034302F3430206F7220316571
:1002D000362F326536293A200054696D652044690D
:1002E0006C6174696F6E20412F4220707320286505
:1002F0002E672E2C2034302F3430206F7220316541
:10030000362F326536293A200050726F706167616E
:1003100074696F6E2044656C617920412F422070B2
:10032000732028652E672E2C2034302F3430206F18
:1003300072203165362F326536293A2000436F61CD
:10034000727365205469636B2070732028652E6773
:100350002E2C2031653820666F72203130302075A8
:1003600073293A2000436C6F636B20487A2028651C
:100370002E672E2C2031653720666F722031302099
:100380004D487A293A2000456E74657220506F6C92
:100390006C204368617261637465722028737061B8
:1003A000636520746F20636C656172293A20004593
:1003B0006E746572204E616D657320412F42202856
:1003C000616E792074776F206368617273293A20B7
:1003D00000456E7465722050206F7220533A2000E1
:1003E000456E74657220456467657320412F422015
:1003F0002852206F722046293A20004F757470757C
:100400007420446563696D616C20506C6163657331
:100410002028302E2E3132293A2000577261702068
:100420004469676974732028302E2E3130293A20B0
:100430000000010405050303040506040506070181
:100440000001000302010000010203040506070782
:100450000605040302010007020100070605040364
:100460000201000302010000010203040506070067
:1004700001020304050607020304050606074F4BA5
:10048000202D2D20436C6F636B202573202D3E2083
:10049000257300496E76616C6964003B206E6F774E
:1004A00020004F4B202D2D20426175642072617415
:1004B000652077617320004368616E676573206B08
:1004C0006570742E004368616E676573206469739C
:1004D0006361726465642E0032202D204469736369
:1004E000617264206368616E6765730031202D203E
:1004F0004B656570206368616E676573004F4B20C4
:100500002D2D204D6F64652073657420746F20005D
:10051000436F6E66696775726174696F6E20636898
:10052000616E6765732072657175697265207265A9
:1005300073746172742E2052657374617274696E83
:10054000672E2E2E00284368616E676573206172E6
:10055000652074656D706F72617279202D207769E6
:100560006C6C20726576657274206F6E2072657394
:10057000746172742900526573756D696E67206FBE
:100580007065726174696F6E2077697468206E653A
:10059000772073657474696E67732E004170706C98
:1005A00079696E6720636F6E6669677572617469D9
:1005B0006F6E206368616E6765732E2E2E004F4B41
:1005C000202D2D20257320256C642F256C64202D73
:1005D0003E20256C642F256C6420707300202D2034
:1005E00077726170732061742031652564207365B2
:1005F000636F6E647300202D2077726170732061C9
:100600007420256C75207365636F6E647300010040
:1006100000000A00000064000000E803000010274A
:100620000000A086010040420F008096980000E183
:10063000F50500CA9A3B202D206E6F2077726170FD
:100640000033202D20526573657420616C6C20741A
:100650006F2064656661756C747320616E642072CE
:100660006573746172740032202D204170706C7952
:10067000206368616E67657320616E6420726573C4
:10068000756D65206F7065726174696F6E003120E1
:100690002D2044697363617264206368616E6765CD
:1006A0007320616E6420657869740057202D20578F
:1006B00072697465206368616E67657320746F206A
:1006C000454550524F4D20287065727369737420F0
:1006D0006163726F737320726573746172747329CE
:1006E0000056202D2053686F77206669726D776100
:1006F00072652076657273696F6E0053202D2053EA
:10070000686F77207374617274757020696E666F9C
:10071000004D202D2053686F772074686973206D19
:10072000656E7520616761696E0049202D205365F3
:100730007269616C20426175642052617465202881
:1007400063757272656E746C793A200048202D20B2
:10075000416476616E6365642073657474696E6765
:1007600073006E6F6E65290047202D20506F6C6CF2
:1007700020436861726163746572202863757272C8
:10078000656E746C793A200046202D204368616EB6
:100790006E656C204E616D6573202863757272659D
:1007A0006E746C793A200045202D205072696D617D
:1007B00072792F5365636F6E646172792028637557
:1007C0007272656E746C793A200044202D20547248
:1007D0006967676572204564676520412F4220285C
:1007E00063757272656E746C793A200043202D2017
:1007F0004F757470757420446563696D616C205029
:100800006C61636573202863757272656E746C79B0
:100810003A200042202D2054696D657374616D701B
:10082000205772617020646967697473202863754A
:100830007272656E746C793A200041202D204D6FE4
:100840006465202863757272656E746C793A200055
:100850003D3D205449434320436F6E66696775727E
:100860006174696F6E203D3D00556E6B6E6F776EE3
:100870000043757272656E74206D6F64653A200076
:100880004138202D204E756C6C204F757470757436
:10089000004137202D204465627567004136202DC8
:1008A00020332D436F726E65726564204861740059
:1008B0004135202D20506572696F64004134202D30
:1008C0002054696D6520496E74657276616C2041B3
:1008D000202D3E2042004133202D2042696E61725E
:1008E000792054696D657374616D70004132202DFB
:1008F000205061697265642054696D657374616D1F
:1009000070004131202D2054696D657374616D70E4
:10091000002D2D204D6F6465202D2D004936202D92
:100920002032333034303020627073004935202D4E
:100930002031313532303020627073202864656692
:1009400061756C7429004934202D203537363030DC
:1009500020627073004933202D203338343030202A
:10096000627073004932202D2031393230302062DC
:100970007073004931202D20393630302062707379
:10098000002D2D2053657269616C204261756420D1
:10099000526174652053657474696E6773202D2DE0
:1009A000004836202D20465544474530207073209E
:1009B000412F42202863757272656E746C793A20FB
:1009C000004835202D20666978656454696D65326C
:1009D00020707320412F42202863757272656E74F7
:1009E0006C793A20004834202D2054696D652044EC
:1009F000696C6174696F6E20412F422028637572A3
:100A000072656E746C793A20004833202D20507244
:100A10006F7061676174696F6E2044656C617920E5
:100A2000707320412F42202863757272656E746C5A
:100A3000793A20004832202D20436F61727365207F
:100A40005469636B207573202863757272656E74C8
:100A50006C793A20004831202D20436C6F636B2065
:100A60005370656564204D487A20286375727265FD
:100A70006E746C793A20002D2D20416476616E638E
:100A800065642053657474696E6773202D2D003181
:100A90000500000000000000000000000000000051
:100AA000000000000000000000000000AF0E000089
:100AB000570A02000000000000000000320500009C
:100AC0000000000000000000000000000000000026
:100AD000000000000000000000AF0E0000570A02F6
:100AE00000010000000000000033050000000000CD
:100AF00000000000000000000000000000000000F6
:100B0000000000000000AF0E0000570A02000200C3
:100B1000000000000000340500000000000000009C
:100B200000000000000000000000000000000000C5
:100B3000000000AF0E0000570A0200030000000092
:100B4000000000350500000000000000000000006B
:100B50000000000000000000000000000000000095
:100B6000AF0E0000570A0200040000000000000061
:100B7000360500000000000000000000000000003A
:100B800000000000000000000000000000AF0E00A8
:100B900000570A02000500000000000000370500B1
:100BA0000000000000000000000000000000000045
:100BB00000000000000000000000AF0E0000570A17
:100BC00002000600000000000000380500000000E0
:100BD0000000000000000000000000000000000015
:100BE00000000000000000AF0E0000570A020007DE
:100BF00000000000000000310500000000000000BF
:100C000000000000000000000000000000000000E4
:100C100000000000CA0E00000A0A02008025000041
:100C2000000000003205000000000000000000008D
:100C300000000000000000000000000000000000B4
:100C400000CA0E00000A0A0200004B00000000006B
:100C5000003305000000000000000000000000005C
:100C60000000000000000000000000000000CA0EAC
:100C700000000A0A0200009600000000000034058F
:100C80000000000000000000000000000000000064
:100C90000000000000000000000000CA0E00000A72
:100CA0000A020000E100000000000035050000001D
:100CB0000000000000000000000000000000000034
:100CC0000000000000000000CA0E00000A0A020036
:100CD00000C2010000000000360500000000000016
:100CE0000000000000000000000000000000000004
:100CF0000000000000CA0E00000A0A02000084037F
:100D00000000000000310200650340420F000000B7
:100D100000000024F40000000000000000000000BB
:100D20000000B10E0000140A0200000000000000E4
:100D300000003202003D0300E1F505000000000064
:100D4000E87648170000000000000000000000B92D
:100D50000E0000200A020000000000000000003326
:100D60000300090300000000000000000010A5D4EB
:100D7000E80000000000000000000000D20E0000AB
:100D8000390301000000000000000000340300D916
:100D90000200000000000000000010A5D4E80000E0
:100DA000000000000000000000E20E00004303010C
:100DB000000000000000000000350300AB0200004E
:100DC0000000000000000010A5D4E80000000000B2
:100DD000000000000000F20E0000510301000000BE
:100DE0000000000000003603008202000000000046
:100DF0000000000010A5D4E8000000000000000082
:100E0000000000020F00005C030100000000000071
:100E10000000004200001B04000000000000000071
:100E20000A000000000000000000000000000000B8
:100E3000C50E00002C0A00000000000000000000A9
:100E4000430000FB0300000000000000000C000055
:100E500000000000000000000000000000C70E00BD
:100E600000380A00000000000000000000440400F8
:100E7000E00300000000000000000000000000008F
:100E800000005246000000000000CE0E0000470A9D
:100E900000000000000000000000450100D1030038
:100EA00000000000000000000000000000000050F2
:100EB00053000000000000C90E0000520A000000AC
:100EC00000000000000000460400AF030000000026
:100ED0000000000000000000000000000000000012
:100EE00000000000D00E00005C0A000000000000BE
:100EF0000000000047010087030000000000000020
:100F000000000000000000000000000000000000E1
:100F100000B00E00006A0A0000000000000000009F
:100F200000284368616E6765732077696C6C207474
:100F3000616B6520656666656374206166746572C1
:100F400020726573746172742900436F6E74696EE8
:100F500075696E6720776974682063757272656E53
:100F6000742073657474696E67732E0032202D20AF
:100F70004E6F2C20636F6E74696E7565207769748F
:100F8000682063757272656E742073657474696E1F
:100F900067730031202D205965732C20726573749E
:100FA000617274206E6F7700526573746172742081
:100FB0006E6F7720746F206170706C792063686148
:100FC0006E6765733F004368616E67657320777273
:100FD000697474656E20746F20454550524F4D20E2
:100FE0002877696C6C207065727369737420616313
:100FF000726F737320726573746172747329004524
:101000004550524F4D20636C65617265642E2052CD
:10101000657374617274696E672E2E2E00436C6561
:101020006172696E6720656E74697265204545500E
:10103000524F4D2E2E2E00454550524F4D20636C81
:101040006561722063616E63656C6C65642E00542B
:1010500079706520275945532720746F20636F6E80
:101060006669726D3A20005741524E494E473A2008
:10107000546869732077696C6C20636F6D706C6560
:1010800074656C792065726173652074686520658C
:101090006E7469726520454550524F4D20696E63EC
:1010A0006C7564696E672073657269616C206E751A
:1010B0006D626572210044656661756C747320779A
:1010C00072697474656E2E205265737461727469EE
:1010D0006E672E2E2E004170706C79696E672063EA
:1010E00068616E67657320616E6420726573756DEB
:1010F000696E67206F7065726174696F6E2E2E2E37
:1011000000446973636172646564206368616E673B
:1011100065732E00410100010C3380224202000061
:10112000E132000043020000F432000044020000FB
:10113000F232000045020000F032000046020000DA
:10114000EE32000047020000EC32000048010001CE
:10115000F6322E20490100010133F21B4D00000040
:101160006426000053020000E81B00005602000045
:10117000511B0000570200006C1E000058020000C6
:10118000111E000031030000C61E000032030000E3
:10119000C61E000033030000C61E0000340300001A
:1011A000C61E0000556E6B6E6F776E20636F6D6D9F
:1011B000616E640000002100240027002A002D0039
:1011C0003000330001010000040107010A010000A2
:1011D0002200250028002B002E00310034000201DF
:1011E0000000050108010B0100002000230026007B
:1011F00029002C002F00320000010000030106012D
:10120000090105050505070508080808020202028C
:101210000A0A080804040404010101010101010192
:101220000303030303030303040707070C0C0C0C5D
:101230000C0C0C0C02020202060606060606060646
:101240000B0B0B0B0B0B0B0B0102102020080810D3
:101250002040102040800201020108040201010226
:1012600004081020408080402010080402018004FF
:10127000020180402010080402010804020101025A
:101280000408102040800102040810204080000063
:101290000A0B02090C0D0E080703040100000000F0
:1012A000000000000000000000000000000000003E
:1012B00000000000000000000000121110000000FB
:1012C000000000000000000000000000000000001E
:1012D00000000000010000000A000000640000009F
:1012E000E803000010270000A086010040420F0024
:1012F0008096980000E1F50500CA9A3B4368616E4C
:10130000676573206469736361726465642E00327B
:10131000202D2044697363617264206368616E6785
:1013200065730031202D204B656570206368616E08
:10133000676573004368616E676573206B657074E1
:101340002E005361766520746F20454550524F4DF5
:1013500020776974682027572720616E64207265A2
:10136000737461727420666F72206368616E676562
:1013700020746F2074616B65206566666563742EEA
:101380000000DF3D11241FBECFEFD1E2DEBFCDBF95
:1013900000E00CBF1AE0A0E0B2E0EAEFF5EA00E0FE
:1013A0000BBF02C007900D92AA37B107D9F72FE003
:1013B000AAE7BAE001C01D92A431B207E1F719E033
:1013C000C2ECD9E000E006C021970109802FFE01A0
:1013D0000E946E50C13CD10780E00807A9F70E9427
:1013E0008B3E0C94FB520C940000CF92DF92EF9254
:1013F000FF926B017C01E091510CF091520C82E064
:101400008083C11481EED806E104F104A1F060E00C
:1014100079E08DE390E0A70196010E94DC4F215016
:101420003109410951095695479537952795211559
:1014300080E13807A8F0E091510CF091520C108235
:1014400060E874E88EE190E0A70196010E94DC4F0D
:1014500021503109410951095695479537952795EE
:10146000E0914D0CF0914E0C3083E0914F0CF091D7
:10147000500C20831092590CE091550CF091560CB1
:1014800086E08083E091530CF091540C8081806160
:101490008083E091530CF091540C808188608083AC
:1014A000E091530CF091540C808180688083E0912E
:1014B000530CF091540C80818F7D8083FF90EF90CE
:1014C000DF90CF9008952091400C222361F02FB738
:1014D000F8943091400C313049F43DB330933F0CD7
:1014E0003DB33DBB2FBF8CBD9DBD089520933F0CE8
:1014F000FACF8150823108F05AC0E82FF0E08827F7
:10150000EB57F54F8F4F0C946E50A50AA90A970A16
:101510009D0AA10AD70AAC0AB20AB60ABC0AC00AD6
:10152000C40ACA0ACE0AD70AD20AD80ADC0A8091AB
:1015300080008F77809380000895809180008F7D58
:10154000F9CF80918000877FF5CF84B58F7784BDF8
:10155000089584B58F7DFBCF8091B0008F77809305
:10156000B00008958091B0008F7DF9CF80919000F8
:101570008F77809390000895809190008F7DF9CFB0
:1015800080919000877FF5CF8091A0008F77809326
:10159000A00008958091A0008F7DF9CF8091A000D8
:1015A000877FF5CF809120018F7780932001089568
:1015B000809120018F7DF9CF80912001877FF5CF29
:1015C000CF93DF93282F30E0F901E257FD4E84914D
:1015D000F901E85BFD4ED491F901EE5FFD4EC49137
:1015E000CC23A1F081110E94790AEC2FF0E0EE0FDC
:1015F000FF1FE851FE4EA591B491EC91ED2381E0DF
:1016000090E009F480E0DF91CF91089580E090E0D0
:10161000FACF1F93CF93DF93282F30E0F901E257E1
:10162000FD4E8491F901E85BFD4ED491F901EE5F26
:10163000FD4EC491CC23A9F0162F81110E94790A86
:10164000EC2FF0E0EE0FFF1FE253FE4EA591B49198
:101650008FB7F894EC91111108C0D095DE23DC937C
:101660008FBFDF91CF911F910895DE2BF8CFCF93DD
:10167000DF9390E0FC01E85BFD4E24918E5F9D4E70
:10168000FC0184918823D1F090E0880F991FFC0120
:10169000EC54FE4EA591B491FC01E253FE4EC5916F
:1016A000D49161110EC09FB7F8948C91E22FE09510
:1016B0008E238C932881E223E8839FBFDF91CF9113
:1016C00008958FB7F894EC91E22BEC938FBFF6CF8F
:1016D00090917B00977F90937B00865380648093EA
:1016E0007C0080917A00806480937A0080917A00F7
:1016F00086FDFCCF809178009091790008953FB7E6
:10170000F89480919A0B90919B0BA0919C0BB091B7
:101710009D0B26B5A89B05C02F3F19F00196A11D72
:10172000B11D3FBFBA2FA92F982F8827BC01CD012B
:10173000620F711D811D911D42E0660F771F881F8A
:10174000991F4A95D1F708958F929F92AF92BF92B9
:10175000CF92DF92EF92FF924B015C010E947F0BD0
:101760006B017C010E947F0B6C197D098E099F091A
:10177000683E734081059105A8F321E0821A910823
:10178000A108B10888EEC80E83E0D81EE11CF11C48
:1017900081149104A104B10429F7FF90EF90DF9028
:1017A000CF90BF90AF909F908F9008952091790B2C
:1017B00030917A0B40917B0B50917C0B60917D0BAB
:1017C00070917E0B80917F0B9091800BA1E00E9425
:1017D0001E522093790B30937A0B40937B0B5093DE
:1017E0007C0B60937D0B70937E0B80937F0B9093AB
:1017F000800B08957091790B60917A0B50917B0B5F
:1018000040917C0B30917D0B20917E0B90917F0B52
:101810008091800BEEEDFCE07387648755874687E7
:101820003787208B918B828B08957091790B609113
:101830007A0B50917B0B40917C0B30917D0B20916A
:101840007E0B90917F0B8091800BECE7FDE0708325
:1018500061835283438334832583968387830895EA
:10186000AF92BF92CF92DF92EF92FF920F931F93AE
:10187000CF93DF936C017B018B01040F151FEB01EC
:101880005E01AE18BF08C017D10759F06991D601A3
:10189000ED91FC910190F081E02DC6011995892B05
:1018A00079F7C501DF91CF911F910F91FF90EF90D4
:1018B000DF90CF90BF90AF900895FC01538D448D81
:1018C000252F30E0842F90E0821B930B541710F0EB
:1018D000CF96089501970895FC01918D828D9817F8
:1018E00061F0A28DAE0FBF2FB11D5D968C91928DD0
:1018F0009F5F9F73928F90E008958FEF9FEF089501
:10190000FC01918D828D981731F0828DE80FF11DC9
:10191000858D90E008958FEF9FEF0895FC01918DE4
:10192000228D892F90E0805C9F4F821B91098F73DD
:101930009927089581E49CE00E948E0C21E0892B78
:1019400009F420E0822F0895FC01A48DA80FB92F7F
:10195000B11DA35ABF4F2C91848D90E001968F73D7
:101960009927848FA689B7892C93A089B1898C91F6
:10197000837080648C93938D848D981306C0028845
:10198000F389E02D80818F7D80830895EF92FF920F
:101990000F931F93CF93DF93EC0181E0888F9B8D92
:1019A0008C8D98131AC0E889F989808185FF15C04C
:1019B0009FB7F894EE89FF896083E889F98980816F
:1019C0008370806480839FBF81E090E0DF91CF913E
:1019D0001F910F91FF90EF900895F62E0B8D10E060
:1019E0000F5F1F4F0F731127E02E8C8D8E110CC0CF
:1019F0000FB607FCFACFE889F989808185FFF5CF1A
:101A0000CE010E94A40CF1CFEB8DEC0FFD2FF11D48
:101A1000E35AFF4FF0829FB7F8940B8FEA89FB8956
:101A200080818062CFCF682F81E49CE00C94C60C4B
:101A3000CF93DF93EC01888D8823B9F0AA89BB8905
:101A4000E889F9898C9185FD03C0808186FD0DC0F0
:101A50000FB607FCF7CF8C9185FFF2CF808185FF11
:101A6000EDCFCE010E94A40CE9CFDF91CF91089574
:101A700081E49CE00E94180DE1E4FCE0A289B389B6
:101A80008C918F7E8C93A289B3898C91877F8C9364
:101A9000A289B3898C918F778C93A289B3898C9119
:101AA0008F7D8C93828D818F089580E090E0892BCB
:101AB00029F00E949A0C81110E94000080E090E0C1
:101AC000892B49F080E090E0892B29F00E940000EA
:101AD00081110E94000080E090E0892B49F080E0B5
:101AE00090E0892B29F00E94000081110E940000E3
:101AF00080E090E0892B49F080E090E0892B29F08C
:101B00000E94000081110C94000008952F923F92D2
:101B10004F925F926F927F928F929F92AF92BF92FD
:101B2000CF92DF92EF92FF920F931F93CF93DF93A9
:101B3000CDB7DEB72F970FB6F894DEBF0FBECDBF7F
:101B4000FC017F876E875C874B871082118212822F
:101B500013821482158216821782108611861286CD
:101B60001386DB01AB2B09F4D1C0DA01AB2B09F4EE
:101B7000CDC0DB018D909D90AD90BC90DA014D9071
:101B80005D906D907C90DB0114962C9114971596C6
:101B90003C91159716964C91169717965C9117974E
:101BA00018966C91189719967C9119971A968C91A2
:101BB0001A971B969C91AB85BC8514962C90149714
:101BC00015963C9015971696CC9016971796DC9024
:101BD00017971896EC9018971996FC9019971A96E3
:101BE0000C911A971B961C9184149504A604B704B3
:101BF00009F4A6C0B1E0B983481459046A047B040F
:101C00000CF4A5C01982AB85BC854D905D906D909C
:101C10007C90AE85BF854D915D916D917C91441A0C
:101C2000550A660A770AAB85BC8514963C901497D2
:101C30001596BC91BA83AB85BC851696BC91BB83C7
:101C4000AB85BC851796BC91BC83AB85BC851896CB
:101C5000BC91BD83AB85BC8519968C9019971A965B
:101C60009C901A971B962C90AE85BF851496BC91BC
:101C7000BD87AE85BF851596BC91BB87AE85BF85F8
:101C80001696BC91BE83AE85BF851796BC91BF8367
:101C9000AE85BF851896BC91B887AE85BF8519966D
:101CA000BC91B987AE85BF851A96BC91BA87AE85BF
:101CB000BF851B96BC91BE87232D3A814B815C81E9
:101CC0006D81782D892D922DAD84BB84CE80DF80EF
:101CD000E884F9840A851B2F0E94335208F440C01F
:101CE0000E942A5259016A017B018C01A981AA2311
:101CF00009F455C04082518262827382A482B58207
:101D0000C682D782E086F18602871387CF012F969D
:101D10000FB6F894DEBF0FBECDBFDF91CF911F91FC
:101D20000F91FF90EF90DF90CF90BF90AF909F907A
:101D30008F907F906F905F904F903F902F9008957D
:101D4000A1E0A98351010E94335208F45BCF9B8527
:101D50008C85AE85BF85BC87AB879E878F8753CF29
:101D60003A814B815C816D81305F4A455B426741BE
:101D70007F4F8F4F9F4FAD84BB84CE80DF80E88440
:101D8000F9840A851E850E942A5259016A017B0145
:101D90008C0121E0421A510861087108A7CF950112
:101DA000A601B701C801A0E00E943C5269F47094FA
:101DB000609450944094411C511C611C711C4082E1
:101DC000518262827382A2CFD301C2018095909525
:101DD000A095B09580839183A283B38320E030E106
:101DE00045EA54ED68EE70E080E090E00E942A52EF
:101DF00024833583468357836087718782879387DF
:101E000085CF8091400C882361F09FB7F894209192
:101E1000400C80913F0C213019F48DBB9FBF089579
:101E20008FBF08950F931F93CF93DF938C01C62F1D
:101E3000D42F80E591E00E94630A60E0F801878179
:101E40000E94090BC064CD27DC27CD270CB405FC0C
:101E500017C0DEBD00000DB407FEFDCF8EB5CEBDB0
:101E600000000DB407FEFDCF8EB561E0F80187815B
:101E70000E94090BDF91CF911F910F910C94010FDC
:101E8000CEBD00000DB407FEFDCF8EB5DEBD000057
:101E90000DB407FEFDCFE8CFFC01EF56FF4F4081A8
:101EA00060E00C94120F8EBD00000DB407FEFDCF54
:101EB0008EB50895CF92DF92EF92FF921F93CF934A
:101EC000DF93EC01162F80E591E00E94630A60E049
:101ED0008F810E94090B812F0E94530F80E00E9486
:101EE000530FC82E80E00E94530F182F80E00E94ED
:101EF000530FD12CF12CE12C7601DD24CC24C80E1B
:101F0000D11CE11CF11C812F90E0982F8827C80E6E
:101F1000D91EE11CF11C61E08F810E94090B0E9417
:101F2000010F8FE090E00197F1F7C701B601DF9153
:101F3000CF911F91FF90EF90DF90CF9008951F9366
:101F4000CF93DF93EC0180E591E00E94630A60E0AB
:101F50008F810E94090B82E00E94530F80E00E9453
:101F6000530F182F61E08F810E94090B0E94010F0F
:101F7000412F62E0CE01DF91CF911F910C94120F9F
:101F80002F923F924F925F926F927F928F929F9289
:101F9000AF92BF92CF92DF92EF92FF920F931F9377
:101FA000CF93DF93CDB7DEB7AA970FB6F894DEBF15
:101FB0000FBECDBF1C0160E10E945A0FD1015396A4
:101FC0006D937D938D939C93569762E1C1010E941E
:101FD0005A0FF101678B708F818F928F61E1C10180
:101FE0000E945A0FD1015F966D937D938D939C93C0
:101FF00092976BE1C1010E945A0FF10163A374A390
:1020000085A396A36CE1C1010E945A0F2B013C01EC
:10201000D10197964D925D926D927C929A975396CC
:102020008D909D90AD90BC9056978D869E86AF8684
:10203000B88A57960C91579758961C91589759966D
:10204000CC9059975A96BC91B987F101878C90A092
:10205000A1A0B2A023A134A145A156A12C8F3D8FF0
:102060004E8F5F8FE059FF4FD080E180F280B381C7
:10207000648175812D2D3E2D4F2D5B2F868197819B
:10208000A0E00E943C5209F0B5C10FA318A7C9A651
:10209000B985BAA7E0918B0BEE8BF0918C0BFD8B81
:1020A000C0908D0BD0908E0BE0908F0BF090900B2A
:1020B0000091910B1091920BA5019401BF01C601F3
:1020C0000E945E50F101E858FF4F80809180A2800D
:1020D000B3809B01AC01281939094A095B09298B96
:1020E0003A8B4B8B5C8B70973081398341814A836B
:1020F00052815B8383818C8394819D83A581AE8390
:10210000B681BF83878088868091810B9091820BF6
:1021100001974C01990FAA08BB0889869A86AB865D
:10212000BC8689288A288B2841F4812C912C540163
:10213000839489869A86AB86BC868D859E85AF857D
:10214000B8898FA098A4A9A4BAA488199909AA0942
:10215000BB094C015D01BB0C8808982C54018D868D
:102160009E86AF86B88AAE88BD889C01AD016D851C
:10217000762F862F962F0E9476502D873D8B4E8B83
:102180005F8B688F798F8A8F9B8F59016A017B01E2
:102190008C01A0E00E943C5209F4A7C0C301B20127
:1021A0008C8C9D8CAE8CBF8C681979098A099B092F
:1021B00020E432E44FE050E0E980FA800B811C819A
:1021C0002E193F09400B510B0E94CE5089017A0114
:1021D0004B0188A39C8F69857A858B859C8522E03D
:1021E00030E040E050E00E94AA4F29013A01550F2B
:1021F000220B322FA90129833A834B835C839801F8
:10220000A701B40188A19C8D52016301E980FE2CD5
:102210000E2D1E2D0E94155249845A846B847C8495
:10222000770C4408542C3201A984BA84CB84DC8412
:10223000E42CF42C042D142D0E940A51422E732EEE
:102240004A016EA37DA3582E692EA0E00E943C5245
:1022500009F04CF444244394712C812C912C1EA23F
:102260001DA2512C612C242D372DA4016EA17DA11E
:10227000852D962D01E00E94F851298339874C8FD6
:1022800058A369A37AA38BA39CA330E4A32E42E4B2
:10229000B42E5FE0C52ED12CE12CF12C00E010E033
:1022A0002D853D894E895F89688D798D8A8D9B8DBD
:1022B0000E94765059016A017B018C012981398580
:1022C0004C8D58A169A17AA18BA19CA10E941552A5
:1022D000A42CB72C6401EEA0FDA0052D162D0E94A4
:1022E0000A5159016A017B018C0149885A886B881F
:1022F0007C88770C4408542C320129893A894B890F
:102300005C89642D742D842D942D0E941552B22F5A
:10231000A32FF42FF52E8B0189879983203E344714
:102320004A4F5540610571058105910551F04CF00A
:10233000B0EEA4E7FAEF95E0F92E00E010E0198680
:102340001982EF2ED12E2B2F3A2FA701602F712F3C
:1023500089859981203E33494440510561057105C5
:10236000810591054CF4B0EEA3E984E0E82EF12C50
:1023700000E0D12C19861982F101B3A7A4A7E5A624
:10238000F6A607A7D0AA898481AA998092AAA1015A
:102390004D5B5F4F9D01DA013C9311962C93119791
:1023A0001296EC9212971396FC92C1010E949F0F15
:1023B000F10123A534A545A556A567A570A981A956
:1023C00092A9AA960FB6F894DEBF0FBECDBFDF91DB
:1023D000CF911F910F91FF90EF90DF90CF90BF9022
:1023E000AF909F908F907F906F905F904F903F90B5
:1023F0002F900895DFA2E8A6F9A6BAA74BCECF92F8
:10240000DF92EF92FF920F931F93CF93DF93CDB79D
:10241000DEB72C970FB6F894DEBF0FBECDBF8C0190
:102420000E94C00FD8019B962C939B979C963C933F
:102430009C979D964C939D979E965C939E979F9696
:102440006C939F97D0967C93D097D1968C93D1978D
:10245000D2969C9369017A01C8010E944C0F85E5D0
:1024600089838AEA8A83F801E057FF4F80818B8352
:10247000F894F8017385648555854685878580893C
:10248000818982899B01CA0178943C832D839E8334
:102490008F83C886D986EA86FB86FE013396AE0115
:1024A000445F5F4F80E06CE8E417F50781F091919D
:1024B000892798E0282F30E03595279580FF05C0C3
:1024C000822F86279150B1F7EFCF822FFBCF8C87D9
:1024D00081E49CE00E945D0C0C97D4F34CE050E04A
:1024E000BE016F5F7F4F81E49CE00E94300CD801F9
:1024F0001B967C911B971C966C911C971D965C916A
:102500001D971E964C911E971F963C911F975096B3
:102510002C91509751969C91519752968C9152972D
:10252000F801E058FF4F7083618352834383348303
:10253000258396838783E554F109DB962C913181BD
:10254000428153816481758186819781A1E00E94D7
:102550001E52D801DB962C933183428353836483CC
:1025600075838683978381E02C960FB6F894DEBF3F
:102570000FBECDBFDF91CF911F910F91FF90EF90D4
:10258000DF90CF9008952F923F924F925F926F927B
:102590007F928F929F92AF92BF92CF92DF92EF92F3
:1025A000FF920F931F93CF93DF93CDB7DEB764975E
:1025B0000FB6F894DEBF0FBECDBF9A8B898B280172
:1025C00039014A011B01DC019B968C919B97D396A4
:1025D0008C93D3979C968C919C97D4968C93D497FC
:1025E0009D968C919D97D5968C93D5979E968C9120
:1025F0009E97D6968C93D6979F968C919F97D796B9
:102600008C93D797D0968C91D097D8968C93D89757
:10261000D1968C91D197D9968C93D997D2968C914B
:10262000D297DA968C93DA97AC5ABF4FE989FA8938
:10263000E85BFF4FFC83EB838CE001900D928A9561
:10264000E1F789899A890E94C00FA989BA899B9666
:102650002C939B979C963C939C979D964C939D970F
:102660009E965C939E979F966C939F97D0967C9333
:10267000D097D1968C93D197D2969C93D297CD0137
:102680000E944C0FF894E989FA89238534854585A1
:1026900056856785708981899289E058FF4FA080AF
:1026A000B180C280D380E480F580068117812083C9
:1026B00031834283538364837583868397837894BD
:1026C0000E942A5252016301740181010E947650D6
:1026D000A989BA899B96AC909B979C96BC909C9735
:1026E0009D96CC909D979E96DC909E979F96EC90A1
:1026F0009F97D096FC90D097D1960C91D197D29677
:102700001C91D2970E942A52D396AC90D397D4961C
:10271000BC90D497D596CC90D597D696DC90D6978A
:10272000D796EC90D797D896FC90D897D9960C91DD
:10273000D997DA961C910E941552522E632E742E50
:10274000852E962E7983482EB92FA0E00E943C5208
:102750000CF452C0E989FA89E45BFF4FA080B18094
:10276000C280D380E480F580068117810E941552D3
:102770002083318342835383648375838683978365
:10278000E080F18002811381C480D580B681B7805A
:102790009701A801B6018B2F9B2D2F3FAFE03A0781
:1027A000A5EA4A07A4ED5A07A8EE6A077105810554
:1027B000910509F008F475C03051454A544D684EF2
:1027C0007109810991092083318342835383648392
:1027D000758386839783AB81BC814D915D916D91AB
:1027E0007C9113974F5F5F4F6F4F7F4F4D935D937A
:1027F0006D937C931397C4CF7981842D9B2F0E9476
:10280000985129873A874B875C876D877E878F87AA
:10281000988B29883A88ECE42E0E311CF101F08166
:10282000FB8BF101F181FC8BF101A281F381FA8331
:10283000F101F481FD83F101F581FE83F101F6815F
:10284000FF83F101F781F887AB88BC88CA2EDA8054
:10285000ED80FE800F811F2F0E94335211F008F08F
:102860005BC0252D362D472D582D692D7981842D5E
:102870009B2F0E941552D1012C9311963C931197D6
:1028800012964C93129713965C93139714966C932D
:10289000149715967C93159716968C931697179602
:1028A0009C93E989FA89E95BFF4F81E08083E9899C
:1028B000FA89FB96A989BA89DB962C9131814281EC
:1028C00053816481758186819781A1E00E941E52A7
:1028D000A989BA89DB962C9331834283538364831D
:1028E00075838683978364960FB6F894DEBF0FBE18
:1028F000CDBFDF91CF911F910F91FF90EF90DF90AF
:10290000CF90BF90AF909F908F907F906F905F908F
:102910004F903F902F90089529853A854B855C858F
:102920006D857E858F859889AB88BC88DA80ED803F
:10293000FE800F8118850E942A5229013A014B011D
:1029400089839A83A12C20E1B22E35EAC32E44ED6F
:10295000D42E58EEE52EF12C00E010E09201A301F8
:102960000E943B51A1E00E941E5259016A01EB8175
:10297000FC8180819181A281B3818A199B09AC0974
:10298000BD0980839183A283B383A12C60E1B62E1D
:1029900075EAC72EE4EDDE2EF8EEEF2EF12C00E006
:1029A00010E09201A301B40189819A810E943951FA
:1029B00059016A017B018C0120E030E145EA54EDC8
:1029C00068EE70E080E090E00E942A5254CFCF93EE
:1029D000DF93EC010E949F0FFE01EF56FF4F4081F5
:1029E0004E7F60E0CE010E94120F6AE070E080E04E
:1029F00090E00E94A40BCE010E949F0FCE010E9486
:102A00004C0F1B8A1C8A1D8A1E8A1F8A188E198EDB
:102A10001A8E1B8E1C8E1D8E1E8E1F8E18A219A242
:102A20001AA21BA21CA21DA21EA21FA218A619A6B2
:102A30001AA61BA61CA61DA61EA61FA618AA19AA82
:102A40001AAA1BAA1CAA1DAA1EAA1FAA18AE19AE52
:102A50001AAEFE01ED5BFF4F1082118212821382CB
:102A6000349610823196108211821282138234962B
:102A700010821182128213821482158216821782AA
:102A8000389610821182128213823496108211823B
:102A9000128213821482158216821782B8961082CF
:102AA000118212821382148215821682178238963E
:102AB0001082118212821382C457DF4F188219824A
:102AC0001A821B82DF91CF910895CF92DF92EF920D
:102AD000FF920F931F93CF93DF938A01EA0126960B
:102AE0002AE0C22ED12CE12CF12CA70196010E94E4
:102AF000DC4F605D6A93B901CA01C017D107A9F71D
:102B0000DF91CF911F910F91FF90EF90DF90CF90C9
:102B100008952F923F924F925F926F927F928F9281
:102B20009F92AF92BF92CF92DF92EF92FF920F935C
:102B30001F93CF93DF93CDB7DEB72C970FB6F894E2
:102B4000DEBF0FBECDBF29833A834B835C836D8389
:102B50007E838F8398871801FA86E98680EAA82EFB
:102B600097EFB92E66ECC62E70E1D72EE12CF12C32
:102B700000E010E060E070E080E090E00E947650BD
:102B800000E10E94FA5129013A014B018C879B8791
:102B900029813A814B815C816D817E818F8198850D
:102BA00000E20E94FA5100E00E94765000E10E948B
:102BB000DF5159016A017B018C019201A301B4012B
:102BC0008C859B850E94155200E20E94FA51422E8C
:102BD000532E642E752EA301920160E472E48FE0FF
:102BE00090E00E945E5029813A814B815C81261BD6
:102BF000370B480B590BDA01C901803432E49307D3
:102C00003FE0A307B10548F04FEF441A540A640AA5
:102C1000740A80549244AF40B109F101408251825C
:102C200062827382E985FA8580839183A283B3836C
:102C30002C960FB6F894DEBF0FBECDBFDF91CF91BB
:102C40001F910F91FF90EF90DF90CF90BF90AF90CA
:102C50009F908F907F906F905F904F903F902F90BC
:102C600008952F923F924F925F926F927F928F9230
:102C70009F92AF92BF92CF92DF92EF92FF920F930B
:102C80001F93CF93DF93CDB7DEB766970FB6F89457
:102C9000DEBF0FBECDBF1C017E8B6D8B842E0FEF70
:102CA0001FEF672B09F4C6C080919E0B882341F06B
:102CB00090900202F0900102211113C0F12C14C077
:102CC0008091C70E9091C80E6CE0962E8D309105C4
:102CD0001CF497FD80E0982EF12C222351F0F09007
:102CE000C50E29E02F1550F38CE0891510F45CE037
:102CF000952EAD89BE894D905D906D907C9081013F
:102D000077FE0DC00F5F1F4F8DE2F101808370943D
:102D1000609450944094411C511C611C711C498A60
:102D20005A8A6B8A7C8A8FEF8F0D893008F0DDC05C
:102D3000CF2CD12CF601EE0FFF1FEE0FFF1FEC5230
:102D4000FD4E2591359145915491C301B2010E94E8
:102D5000DC4F762EA72EB82E692EF2E0FF1284C02B
:102D60002AE030E040E050E00E94DC4F205DD801D6
:102D70002C93605D11966C936801B2E0CB0ED11C70
:102D8000ED89FE89992069F12601BFEF4B1A5B0A94
:102D90008EE2D6018C9324813581468157816085EE
:102DA000718582859385BCE09B121EC1FE01319620
:102DB0007F018E01035F1F4F0E9489156D857E85FF
:102DC0008F859889A2010E946515A601495F5F4F12
:102DD00069817A818B819C810E946515FDE0CF0E0F
:102DE000D11C882D8F7D09F434C180E2D6018C93EB
:102DF00083E611968C93119788E612968C9312971E
:102E000013968C9213978DE014968C9314978AE006
:102E100015968C93B6E0CB0ED11C860102191309CE
:102E2000A801B10181E49CE00E94300C81E49CE0A7
:102E30000E94180DC80166960FB6F894DEBF0FBE4B
:102E4000CDBFDF91CF911F910F91FF90EF90DF9059
:102E5000CF90BF90AF909F908F907F906F905F903A
:102E60004F903F902F900895E3E0FE1226C024E695
:102E700030E040E050E00E94DC4F205DD8012C9310
:102E80003AE0C32ED12CE12CF12CA70196010E942F
:102E9000DC4F205DF8012183672D7A2D8B2D962D37
:102EA000A70196010E94DC4F605DD80112966C93D9
:102EB0006801B3E0CB0ED11C63CFC00ED11E7601EA
:102EC0002AE0422E512C612C712CE1E0EE1AF1081F
:102ED000A30192010E94DC4F605DD7016C93B901A0
:102EE000CA010E151F0589F74BCFBAE04B165104E6
:102EF000610471044CF46801EFEFCE1ADE0A80E33E
:102F0000840DD8018C933CCF8AE0A82EB12CC12C23
:102F1000D12CC301B201A60195010E94DC4F90E3C0
:102F2000F92EF60EB4E64B165104610471045CF4FC
:102F3000205DF80120836801F2E0CF0ED11CD8019A
:102F40001196FC921DCFB8EE4B16B3E05B06610400
:102F50007104D0F4C301B20124E630E040E050E057
:102F60000E94DC4F205DF8012083A60195010E949C
:102F7000DC4F205DD80111962C936801B3E0CB0E95
:102F8000D11CF801F282FCCECE0101965C01D12C5D
:102F9000C12C7C019FEFC91AD90A69897A898B896A
:102FA0009C892AE030E040E050E00E94DC4F605D08
:102FB000D5016D935D01298B3A8B4B8B5C8B898995
:102FC0009A89AB89BC89892B8A2B8B2B19F7F8013D
:102FD000C601019730F0D701A80FB91F2C9121939A
:102FE000F8CFC00ED11ECCCE692C712CA6E0A9154D
:102FF00098F0FE0131967F018E01035F1F4F0E9402
:1030000089156D857E858F859889A2010E94651539
:103010006201C60CD71CE5CEDE0111967D018E0142
:10302000035F1F4F0E9489156D857E858F85988966
:10303000A2010E946515B7E0CB0ED11C69817A818F
:103040008B819C81A6010E946515E6E06E1A7108CD
:10305000E0CF8DE0F60180838AE08183F2E0CF0E3D
:10306000D11CDBCEDB0141505109FC01249122230C
:1030700049F00196FD01E61BF70BE417F50710F484
:103080002D93F3CF1C920895CF93DF93DC01FB01C6
:10309000EA018991AE01208131818823E1F022305B
:1030A0003105C8F02D913C911197C90101961196F7
:1030B0009C938E93CE010197EC018881E90188836E
:1030C000CD91DC91119718822081318121503109F5
:1030D00031832083DDCF81E02230310508F480E0A8
:1030E000DF91CF9108954F925F926F927F92AF924E
:1030F000BF92CF92DF92EF92FF920F931F93CF93E5
:10310000DF9300D000D000D01F921F92CDB7DEB762
:103110008C017B0157FF21C0DB018D919C910297AF
:1031200008F457C0D801ED91FC911197CF01019699
:1031300011969C938E938DE28083ED91FC91108289
:10314000FB01808191810197918380835095409507
:10315000309521953F4F4F4F5F4FCA01B9011B86F4
:103160006E01FBE0CF0ED11C2AE0422E512C612CC7
:10317000712C9E012F5F3F4F5901A30192010E94C4
:10318000DC4F605DD6016E936D01B901CA01611516
:1031900071058105910519F0AA16BB0671F7A60104
:1031A000B701C8010E9444182B960FB6F894DEBFF1
:1031B0000FBECDBFDF91CF911F910F91FF90EF9088
:1031C000DF90CF90BF90AF907F906F905F904F90C7
:1031D000089580E0E9CFCF93DF93EC01DB012D91DF
:1031E0003C91119722303105D0F0FA0184914F5F64
:1031F0005F4F8823A1F0E881F9819F012F5F3F4F46
:10320000398328838083E881F98110822D913C9154
:1032100011972150310911963C932E93E0CF81E014
:103220002230310508F480E0DF91CF910895AF920C
:10323000BF92CF92DF92EF92FF920F931F93209154
:10324000B10E3091B20E4091B30E5091B40E609118
:10325000B50E7091B60EA0902A0EB0902B0EC090B5
:103260002C0ED0902D0EE0902E0EF0902F0E00918F
:10327000300E1091310E8091B70E9091B80E0E94D1
:10328000335209F04BC02091B90E3091BA0E4091E3
:10329000BB0E5091BC0E6091BD0E7091BE0EA09001
:1032A000320EB090330EC090340ED090350EE090B8
:1032B000360EF090370E0091380E1091390E809135
:1032C000BF0E9091C00E0E94335241F52091C10E65
:1032D0003091C20E80913A0E90913B0E281739071B
:1032E000E9F49091CE0E8091470E981317C09091FB
:1032F000CF0E8091480E981311C081E02091C90E25
:103300009091420E291301C080E01F910F91FF9010
:10331000EF90DF90CF90BF90AF90089581E0F5CF10
:1033200087E8EBE8FEE0A4E0BEE001900D928A950C
:10333000E1F71092260B0895682F81E49CE00E942B
:10334000C60C81E49CE00C94180DCF92DF92EF92B2
:10335000FF920F931F93CF93DF938C016B01D0E00B
:10336000C0E081E49CE00E948E0C892B39F461E07E
:1033700070E080E090E00E94A40BF3CF81E49CE039
:103380000E946C0C8D309105B1F4209731F08DE0E6
:103390000E949C198AE00E949C19F801EC0FFD1F05
:1033A0001082CE01DF91CF911F910F91FF90EF908E
:1033B000DF90CF9008958A30910539F388309105D8
:1033C00019F08F37910569F4209759F2219788E019
:1033D0000E949C1980E20E949C1988E00E949C191E
:1033E000C0CF7E012FEFE21AF20AEC14FD0408F0C0
:1033F000B8CFC00FD11F88830E949C19E701B1CFBD
:103400008091B00E8823E9F081E49CE00E948E0C4C
:10341000181619067CF481E49CE00E946C0C209143
:10342000B00E022E000C330B8217930719F481E0C3
:103430008093C40A8091C40A882321F01092C40AA0
:10344000089581E008959EEF980F923008F4A5C08A
:103450009EEE980F943008F4A0C090E0FC01E85B69
:10346000FD4E2491FC01EE5FFD4E3491433009F096
:1034700038C0323031F540919D0A422B40939D0A6D
:103480008F5C9B4FFC01A491323009F043C0B0E047
:10349000AA0FBB1FA457B54F6D937C93ECEEF1E1DF
:1034A000A591B4918C9180939E0A8BE690E09093C5
:1034B0007B0A80937A0A809168008160809368001B
:1034C0004AC03A3031F44091AF0A422B4093AF0AE0
:1034D000D7CF3B30A9F64091C20A422B4093C20A93
:1034E000CFCF323031F440919C0A422B40939C0A5A
:1034F000C7CF3A3031F44091AE0A422B4093AE0A26
:10350000BFCF3B3009F0BCCF4091C10A422B409362
:10351000C10AB6CF3A3039F5B0E0AA0FBB1FA156A9
:10352000B54F6D937C93ECEFF1E1A591B4918C9143
:103530008093B00A8CE690E090937B0A80937A0A9D
:10354000809168008260809368008091AD0A822B30
:103550008093AD0A220FA0917A0AB0917B0AEC9178
:103560002E2B2C9308953B30B1F7B0E0AA0FBB1F70
:10357000AF54B54F6D937C93EEEFF1E1A591B4910B
:103580008C918093C30A8DE690E090937B0A8093A0
:103590007A0A80916800846091CF9FB7F894833055
:1035A00069F18231A1F0823039F57093850A609318
:1035B000840AEC9880916A008C7F80936A008091E5
:1035C0006A00482B40936A00E49AEC9A15C0709305
:1035D000830A6093820AEB98809169008F738093CD
:1035E000690080916900F0E44F9FA0011124482BED
:1035F00040936900E39AEB9A9FBF08957093870AFE
:103600006093860AED9880916A00837F80936A00B8
:1036100080916A0024E0429FA0011124482B40932E
:103620006A00E59AED9AE8CFFC0101900020E9F7E5
:103630003197AF01481B590BBC0181E49CE00C940D
:10364000300CCF93DF93D0E0C0E0009719F00E94D8
:10365000141BEC0180E492E00E94141B8C0F9D1F50
:10366000DF91CF9108950C94141B83E492E00E94A3
:10367000331B8BE193E00E94331B81E49CE00C94AC
:10368000180DCF93DF93EC0183E492E00E94331B8B
:10369000CE010E94211B81E49CE0DF91CF910C942C
:1036A000180D0F931F93CF93DF93CDB7DEB7C45898
:1036B000D1090FB6F894DEBF0FBECDBF19828E01BF
:1036C0000F5F1F4FCF57DF4F19830883C158D0407A
:1036D00080E890E0CD57DF4F99838883C358D0406E
:1036E00046E452E0BE016D577F4FCE018F579F4F8A
:1036F0000E9444184DE152E0BE016D577F4FCE014C
:103700008F579F4F0E94441849E552E0BE016D5704
:103710007F4FCE018F579F4F0E94441847E152E0E0
:10372000BE016D577F4FCE018F579F4F0E944418A7
:10373000CD57DF4F88819981C358D040029720F13F
:10374000CF57DF4FE881F981C158D040CF010196B2
:10375000CF57DF4F99838883C158D04089E2808357
:10376000CF57DF4FE881F981C158D0401082CD5743
:10377000DF4F88819981C358D0400197CD57DF4FE3
:1037800099838883C358D0404CE552E0BE016D5701
:103790007F4FCE018F579F4F0E94441847E65BE052
:1037A000BE016D577F4FCE018F579F4F0E94441827
:1037B000C8010E94411B81E0CC57DF4F0FB6F8943F
:1037C000DEBF0FBECDBFDF91CF911F910F91089546
:1037D00082E492E00E94411B82E492E00E94411B3D
:1037E00081E00895CF93DF93CDB7DEB7C058D109FC
:1037F0000FB6F894DEBF0FBECDBF82E492E00E9408
:10380000411B40E850E0BE016F5F7F4F81E899E0C7
:103810000E943218CE0101960E94411B40E850E000
:10382000BE016F5F7F4F83E799E00E943218CE019F
:1038300001960E94411B40E850E0BE016F5F7F4F40
:1038400084E699E00E943218CE0101960E94411B45
:1038500040E850E0BE016F5F7F4F85E599E00E9430
:103860003218CE0101960E94411B40E850E0BE0193
:103870006F5F7F4F86E499E00E943218CE01019677
:103880000E94411B40E850E0BE016F5F7F4F8CE219
:1038900099E00E943218CE0101960E94411B40E837
:1038A00050E0BE016F5F7F4F8CE199E00E943218BB
:1038B000CE0101960E94411B82E492E00E94411BCE
:1038C000C058DF4F0FB6F894DEBF0FBECDBFDF91FB
:1038D000CF9108950F931F93CF93DF938C0183E4CF
:1038E00092E00E94331BE801FE0164912196662359
:1038F00029F081E49CE00E94C60CF6CF80E492E0BF
:103900000E94141B81E49CE0DF91CF911F910F91E5
:103910000C94180D8091940B811123C00E941719EB
:10392000882351F080E195E00E946A1C68EE73E004
:1039300080E090E00C94A40B8091260B882371F01A
:103940008CE995E00E946A1C1092260B86E795E0B0
:103950000E946A1C85E495E00C946A1C86E795E059
:10396000FBCF0895CF93DF939C01D9019C912F5FEA
:103970003F4F9032D1F39930C1F3FD010190002007
:10398000E9F73197EF01AE17BF0728F48291803233
:10399000C9F38930B9F31882CD01DF91CF91089531
:1039A000CF93C82F8FEB9BE00E94411B82E493E1F1
:1039B0000E946A1C82E492E00E94411BC11107C070
:1039C00084E393E10E946A1C81E0CF91089583E231
:1039D00093E10E946A1C8FE093E10E946A1C0E949E
:1039E000351B81E49CE00E948E0C181619062CF4FD
:1039F00081E49CE00E946C0CF4CF60E270E08FE9FF
:103A00009BE00E94A5198FE99BE00E94B21CFC017B
:103A100080818233A9F68CEF92E10E946A1C80E0DB
:103A2000D4CF8F929F92AF92BF92CF92DF92EF92BC
:103A3000FF920F931F93CF93DF93CDB7DEB7A1977C
:103A40000FB6F894DEBF0FBECDBF6C01990FEE0824
:103A5000FF08F7FE3FC08DE20E94130D8C01222764
:103A60003327A9012C193D094E095F0919A2CE017E
:103A700081967C019AE0892E912CA12CB12CCA014F
:103A8000B901A50194010E94DC4F605DF7016293CA
:103A90007F01211531054105510589F790E080E04E
:103AA000309719F0CF010E94141B800F911FA1962F
:103AB0000FB6F894DEBF0FBECDBFDF91CF911F913F
:103AC0000F91FF90EF90DF90CF90BF90AF909F90BD
:103AD0008F900895A701960119A28E010F5D1F4FC7
:103AE0008AE0C82ED12CE12CF12CCA01B901A70122
:103AF00096010E94DC4F605DF80162938F012115F1
:103B000031054105510589F790E080E0309779F261
:103B1000CF010E94141BCBCFEF92FF920F931F9304
:103B2000CF93DF938B010C5F1F4FEB017C01E61AF3
:103B3000F70AC7018C0F9D1F0E94944F8993C017ED
:103B4000D107B9F784E090E0DF91CF911F910F91F9
:103B5000FF90EF900895CF92DF92EF92FF920F9334
:103B60001F93CF93DF931F921F92CDB7DEB78B01C8
:103B7000BE016F5F7F4F0E94F2496B017C01E981BA
:103B8000FA81808181112CC020E030E0A901C701B9
:103B9000B6010E94C74B87FD23C029EA3FE543E6F3
:103BA00058E5C701B6010E9459501816CCF0C7015C
:103BB000B6010E940D50F801208331834283538364
:103BC000648375838683978381E00F900F90DF91E4
:103BD000CF911F910F91FF90EF90DF90CF900895BC
:103BE00080E0F3CFEF92FF920F931F93CF93DF9379
:103BF0007C018B01D0E0C0E0F80161918F01C70129
:103C00008C0F9D1F0E949C4F2196C430D105A1F7B7
:103C100084E090E0DF91CF911F910F91FF90EF90A2
:103C20000895CF93DF9387E690E10E946A1C82E4B7
:103C300092E00E94411B8FE490E10E946A1C0E9466
:103C4000351B60E870E08FEB9BE00E94A5198FEBBD
:103C50009BE00E94B21C6DE672E00E946F52EC0184
:103C6000892BA9F48DE190E10E946A1C6FEFCE01CF
:103C70000E949C4F2196C11580E1D807B9F78FEFBC
:103C80009FE00E946A1C80E0DF91CF91089587E356
:103C900090E10E946A1C81E0F7CFEF92FF920F93B0
:103CA0001F93CF93DF937C018B01D0E0C0E0F8013C
:103CB00061918F01C7018C0F9D1F0E949C4F21961F
:103CC000C738D105A1F787E890E0DF91CF911F9128
:103CD0000F91FF90EF9008951F93CF93DF9300D043
:103CE00000D01F921F92CDB7DEB7142F6BE87EE095
:103CF00090E080E00E944D1E1092260B86EC9FE023
:103D00000E946A1C1123F1F182E492E00E94411B9F
:103D100088EA9FE00E946A1C83E99FE00E946A1C77
:103D20008CE69FE00E946A1C82E492E00E94411BA4
:103D30000E94351B68E070E0CE0101960E94A51933
:103D4000CE0101960E94B21C61E772E00E946F52A0
:103D5000892B79F481E08093940B10E0812F2896D1
:103D60000FB6F894DEBF0FBECDBFDF91CF911F918C
:103D700008958AE49FE00E946A1C81E29FE00E940D
:103D80006A1CECCF81E08093940BE8CFCF93DF9354
:103D9000CDB7DEB7C758D1090FB6F894DEBF0FBE56
:103DA000CDBF8233B1F08333B9F0813309F054C110
:103DB00081E091E10E946A1C1092260B80E0C957B5
:103DC000DF4F0FB6F894DEBF0FBECDBFDF91CF91AE
:103DD000089586ED90E1EECF8CE0898341E150E0DB
:103DE0006DE172E0CE0102960E947F5284E48B8BDB
:103DF00041E150E067E67BE0CE0144960E947F52AD
:103E00001DA21EA280E88FA386E988A788E989A75A
:103E10001AA61BA61CA61DA61EA61FA681EE88AB71
:103E200085EF89AB85E08AAB1BAA1CAA1DAA1EAA36
:103E300084E190E098AF8FAB85E090E09AAF89AFD6
:103E40001CAE1BAE8BE090E09EAF8DAF80E58FAFD8
:103E500080E092ECA1E0B0E024968CAF9DAFAEAFD5
:103E6000BFAF249781E427968FAF279782E42896E7
:103E70008FAF289729961FAE29972A961FAE2A97AB
:103E80002B961FAE2B972C961FAE2C972D961FAE00
:103E90002D972E961FAE2E972F961FAE2F976096BA
:103EA0001FAE609761961FAE619762961FAE6297D4
:103EB00063961FAE639764961FAE649765961FAEB8
:103EC000659766961FAE669767961FAE679768966A
:103ED0001FAE689782E525968FAF259726968FAF00
:103EE000269794EC69969FAF699789E06A968FAFA1
:103EF0006A976B961FAE6B976C961FAE6C976D961C
:103F00001FAE6D976E961FAE6E976F961FAE6F9732
:103F1000A0961FAEA097A1969FAFA197A2968FAF34
:103F2000A297A3961FAEA397A4961FAEA497A5969B
:103F30001FAEA597A6961FAEA697A7961FAEA797EA
:103F4000A8961FAEA897A9961FAEA997AA961FAECE
:103F5000AA97AB961FAEAB97AC961FAEAC97AD963B
:103F60001FAEAD97AE961FAEAE97AF961FAEAF9792
:103F7000E0961FAEE097E1961FAEE197E2961FAE86
:103F8000E297E3961FAEE397E4961FAEE497E596BB
:103F90001FAEE597E6961FAEE697E7961FAEE7974A
:103FA000E8961FAEE897E9961FAEE997EA961FAE2E
:103FB000EA97EB961FAEEB97EC961FAEEC97ED965B
:103FC0001FAEED97EE961FAEEE97EF961FAEEF97F2
:103FD000C158DF4F1882CF57D040C058DF4F1882EA
:103FE000C058D040CF57DF4F1882C158D040CE576D
:103FF000DF4F1882C258D040CD57DF4F1882C358C8
:10400000D040CC57DF4F1882C458D040CB57DF4F39
:104010001882C558D040CA57DF4F1882C658D040C2
:10402000C957DF4F1882C758D04087E8FE01319644
:10403000ABE8BEE001900D928A95E1F76BE87EE077
:1040400090E080E00E944D1E86EB90E10E946A1C89
:1040500081E08093940BB2CE81E0B1CE2F923F925B
:104060004F925F926F927F928F929F92AF92BF9288
:10407000CF92DF92EF92FF920F931F93CF93DF9334
:10408000CDB7DEB7C758D1090FB6F894DEBF0FBE63
:10409000CDBF82E492E00E94411B40E850E09E01C7
:1040A0002F5F3F4F4901B90187E79AE00E9432181C
:1040B000C4010E94411B40E850E0B40185E59AE04C
:1040C0000E9432188BE8682E8EE0782EF30126A02D
:1040D00037A040A451A4F2A5CD57DF4FF883C358B1
:1040E000D040F301F3A5CC57DF4FF883C458D0403C
:1040F000F301F4A5CB57DF4FF883C558D040F30147
:10410000F5A5CA57DF4FF883C658D040F401019097
:104110000020E9F731979F0128193909CF57DF4F60
:1041200039832883C158D04090E4A92E22E4B22ECE
:104130003FE0C32ED12CE12CF12C00E010E09101E6
:10414000A201CD57DF4F6881C358D040CC57DF4F15
:104150007881C458D040CB57DF4F8881C558D040B4
:10416000CA57DF4F9881C658D0400E9408515F93CC
:104170004F933F932F939101A201CD57DF4F688159
:10418000C358D040CC57DF4F7881C458D040CB576C
:10419000DF4F8881C558D040CA57DF4F9881C65835
:1041A000D0400E940A515F934F933F932F9383E730
:1041B00092E09F938F9340E8442E512CC201CF5739
:1041C000DF4FE881F981C158D0408E1B9F0B9F9330
:1041D0008F93CF01880D991D9F938F930E948E52CC
:1041E000C4010E94411B40E850E0B40184E39AE01E
:1041F0000E943218F30126A437A4F0A9CF57DF4F4D
:10420000F883C158D040F301F1A9CD57DF4FF883AF
:10421000C358D040F301F2A9CC57DF4FF883C458FC
:10422000D040F301F3A9CB57DF4FF883C558D040F6
:10423000F301F4A9CA57DF4FF883C658D040F30101
:10424000F5A9C957DF4FF883C758D040F401019052
:104250000020E9F731973F01681879089101CF579D
:10426000DF4F4881C158D040CD57DF4F5881C358E8
:10427000D040CC57DF4F6881C458D040CB57DF4F78
:104280007881C558D040CA57DF4F8881C658D04082
:10429000C957DF4F9881C758D0400E9408515F939B
:1042A0004F933F932F939101CF57DF4F4881C158D0
:1042B000D040CD57DF4F5881C358D040CC57DF4F47
:1042C0006881C458D040CB57DF4F7881C558D04063
:1042D000CA57DF4F8881C658D040C957DF4F9881F1
:1042E000C758D0400E940A515F934F933F932F933A
:1042F00082E892E09F938F93C201861997099F935A
:104300008F93C401860D971D9F938F930E948E52A9
:10431000C4010E94411B40E850E0B40189E09AE0EA
:104320000E943218F40101900020E9F73197CF0183
:1043300088199909EAEDFEE023812F9322812F93BA
:1043400021812F9320812F93E2EDFEE023812F9393
:1043500022812F9321812F9320812F9302E912E054
:104360001F930F939201281B390B3F932F93880DB6
:10437000991D9F938F930E948E520FB6F894DEBFC3
:104380000FBECDBFC4010E94411B40E850E0B40104
:1043900085EE99E00E943218F40101900020E9F7BF
:1043A0003197CF0188199909EAEEFEE023812F9316
:1043B00022812F9321812F9320812F93E2EEFEE023
:1043C00023812F9322812F9321812F9320812F935B
:1043D0001F930F939201281B390B3F932F93880D46
:1043E000991D9F938F930E948E52C4010E94411B7E
:1043F00040E850E0B40181EC99E00E943218F401E9
:1044000001900020E9F73197CF0188199909EAEF67
:10441000FEE023812F9322812F9321812F932081EE
:104420002F93E2EFFEE023812F9322812F932181AE
:104430002F9320812F931F930F939201281B390BE9
:104440003F932F93880D991D9F938F930E948E52B7
:10445000C4010E94411B40E850E0B40181EA99E0A8
:104460000E943218F40101900020E9F73197CF0142
:1044700088199909EAE0FFE023812F9322812F9385
:1044800021812F9320812F93E2E0FFE023812F935E
:1044900022812F9321812F9320812F931F930F939C
:1044A000481A590A5F924F92880D991D9F938F93D6
:1044B0000E948E520FB6F894DEBF0FBECDBFC4016E
:1044C0000E94411B82E492E00E94411BC957DF4FCA
:1044D0000FB6F894DEBF0FBECDBFDF91CF911F9115
:1044E0000F91FF90EF90DF90CF90BF90AF909F9093
:1044F0008F907F906F905F904F903F902F90089596
:10450000CF93DF93CDB7DEB7C058D1090FB6F8947B
:10451000DEBF0FBECDBF82E492E00E94411B40E8A7
:1045200050E0BE016F5F7F4F81E199E00E94321839
:10453000CE0101960E94411B40E850E0BE016F5F32
:104540007F4F82E099E00E943218CE0101960E94CE
:10455000411B40E850E0BE016F5F7F4F8CEE98E05A
:104560000E943218CE0101960E94411B40E850E0A3
:10457000BE016F5F7F4F86ED98E00E943218CE013A
:1045800001960E94411B40E850E0BE016F5F7F4FE3
:104590008CEB98E00E943218CE0101960E94411BDC
:1045A00040E850E0BE016F5F7F4F80EB98E00E94D3
:1045B0003218CE0101960E94411B40E850E0BE0136
:1045C0006F5F7F4F8CE998E00E943218CE01019610
:1045D0000E94411B40E850E0BE016F5F7F4F81E9C0
:1045E00098E00E943218CE0101960E94411B40E8DB
:1045F00050E0BE016F5F7F4F80E898E00E94321864
:10460000CE0101960E94411B82E492E00E94411B70
:1046100040E850E0BE016F5F7F4F81E798E00E9465
:104620003218E091AF0E69E678E0E83038F4F0E057
:10463000EE0FFF1FE95FFD4F60817181CE01019692
:104640000E94594BCE0101960E94411B82E492E0E8
:104650000E94411BC058DF4F0FB6F894DEBF0FBE5B
:10466000CDBFDF91CF9108952F923F924F925F92ED
:104670006F927F928F929F92AF92BF92CF92DF9272
:10468000EF92FF920F931F93CF93DF93CDB7DEB7D7
:1046900064970FB6F894DEBF0FBECDBF29833A836F
:1046A0004B835C8369877A878B879C872AA52D83B8
:1046B0003BA53E838CA58F83EDA5E887FEA5FD87EE
:1046C0002FA52E8738A93F8789A9888B2AA83BA8C0
:1046D0004CA85DA8EEA9E98BFFA9FA8B28AD2B8B1E
:1046E00039AD3C8B6AAC7BAC8CAC9DAC8EAD9FADD8
:1046F0005F924F923F922F92E885EF93FF81FF9355
:104700002E812F933D813F93DF92CF92BF92AF9244
:10471000EC81EF93FB81FF932A812F9339813F93A3
:104720009F938F938EEB95E09F938F938FEB9BE0FE
:104730009F938F930E94974B8FEB9BE00E94411BAE
:1047400082E492E00E94411B83E293E10E946A1C92
:104750008FE093E10E946A1C0E94351B60E870E0C4
:104760008FEB9BE00E94A5198FEB9BE00E94B21C8F
:104770000FB6F894DEBF0FBECDBFFC0120812233FF
:1047800009F043C001900020E9F79F012250310950
:1047900028173907D1F52981F30120833A81318324
:1047A0008B8182832C812383398534838A85858319
:1047B0002B8526833C853783F401A082B182C28297
:1047C000D382E482F582068317831092260B8CEF46
:1047D00092E10E946A1C80E064960FB6F894DEBFF6
:1047E0000FBECDBFDF91CF911F910F91FF90EF9042
:1047F000DF90CF90BF90AF909F908F907F906F9001
:104800005F904F903F902F9008952D81F30120836A
:104810003E8131838F818283288523833D85348344
:104820008E8585832F85268338893783F4012082FE
:10483000318242825382298924833A8935838B8944
:1048400086832C89278384E393E10E946A1C81E09C
:10485000C3CFAF92BF92CF92DF92EF92FF920F93AE
:104860001F93CF93DF93CDB7DEB7C058D1090FB6F2
:10487000F894DEBF0FBECDBF82E492E00E94411BE0
:1048800040E850E08E010F5F1F4FB80180E598E0CF
:104890000E943218C8010E94411B40E850E0B80154
:1048A0008AE398E00E943218E091AF0E69E678E062
:1048B000E83038F4F0E0EE0FFF1FE95FFD4F608154
:1048C0007181C8010E94594B65E876E0C8010E94D9
:1048D0005952C8010E94411B40E850E0B80183E1F1
:1048E00098E00E943218E091C50EF091C60E1E1697
:1048F0001F060CF4AFC166E376E086E09BE00E9401
:10490000644BF80101900020E9F73197E01BF10BAF
:1049100086E09BE09F938F938091C60E8F9380914A
:10492000C50E8F938BE992E09F938F9380E8E82EDA
:10493000F12CC7018E1B9F0B9F938F93E00FF11FEC
:10494000FF93EF930E948E52C8010E94411B40E8E2
:1049500050E0B8018CEE97E00E943218F801019007
:104960000020E9F73197E01BF10B8091C80E8F937F
:104970008091C70E8F9381EA92E09F938F93C70136
:104980008E1B9F0B9F938F93E00FF11FFF93EF936D
:104990000E948E52C8010E94411B40E850E0B801BD
:1049A0008AEC97E00E943218F80101900020E9F7A4
:1049B0003197E01BF10B8091CF0E282F082E000CB1
:1049C000330B3F938F938091CE0E282F082E000C2F
:1049D000330B3F938F9395EAA92E92E0B92EBF92A5
:1049E000AF92C7018E1B9F0B9F938F93E00FF11F18
:1049F000FF93EF930E948E52C8010E94411B40E832
:104A000050E0B80187EA97E00E943218F80101905F
:104A10000020E9F73197E01BF10B8091C90E282F98
:104A2000082E000C330B3F938F9328EAC22E22E00E
:104A3000D22EDF92CF92C7018E1B9F0B9F938F9335
:104A4000E00FF11FFF93EF930E948E520FB6F89480
:104A5000DEBF0FBECDBFC8010E94411B40E850E041
:104A6000B80188E897E00E943218F8010190002010
:104A7000E9F73197E01BF10B8091D10E282F082E1A
:104A8000000C330B3F938F938091D00E282F082E6C
:104A9000000C330B3F938F93BF92AF92C7018E1BD5
:104AA0009F0B9F938F93E00FF11FFF93EF930E9453
:104AB0008E52C8010E94411B40E850E0B80188E6D0
:104AC00097E00E9432188091B00E0FB6F894DEBFC6
:104AD0000FBECDBF882309F4F1C0F801019000207A
:104AE000E9F73197E01BF10B282F082E000C330B50
:104AF0003F938F93DF92CF92EE1AFF0AFF92EF92CD
:104B0000E00FF11FFF93EF930E948E520FB6F894BF
:104B1000DEBF0FBECDBFC8010E94411B40E850E080
:104B2000B8018CE497E00E943218C8010E94411B32
:104B300040E850E0B8018AE297E00E943218F8019C
:104B400001900020E9F73197E01BF10B8091CD0E29
:104B50008F938091CC0E8F938091CB0E8F93809109
:104B6000CA0E8F938CEA92E09F938F9380E890E037
:104B70008E1B9F0B9F938F93E00FF11FFF93EF937B
:104B80000E948E52C8010E94411B82E492E00E9462
:104B9000411B40E850E0B80181E197E00E943218E3
:104BA000C8010E94411B40E850E0B8018BEF96E03D
:104BB0000E943218C8010E94411B40E850E0B80131
:104BC00081EE96E00E943218C8010E94411B40E825
:104BD00050E0B8018BEA96E00E943218C8010E94AA
:104BE000411B82E492E00E94411B40E850E0B80182
:104BF0008EE896E00E943218C8010E94411B40E8EE
:104C000050E0B80187E696E00E943218C8010E9481
:104C1000411B40E850E0B80181E496E00E94321860
:104C2000C8010E94411B0FB6F894DEBF0FBECDBF76
:104C3000C058DF4F0FB6F894DEBF0FBECDBFDF9177
:104C4000CF911F910F91FF90EF90DF90CF90BF9089
:104C5000AF900895EA30F105F4F4EE0FFF1FEE0F68
:104C6000FF1FE25FF94F85919591A591B491BF9394
:104C7000AF939F938F9386EF95E09F938F9386E0FA
:104C80009BE09F938F930E94974B0FB6F894DEBFE3
:104C90000FBECDBF36CEFF93EF938DED95E09F9382
:104CA0008F9386E09BE09F938F930E94974B0F908A
:104CB0000F900F900F900F900F9023CE62E677E049
:104CC000C8010E94594B27CF0E94292481E00895F2
:104CD0002F923F924F925F926F927F928F929F920C
:104CE000AF92BF92CF92DF92EF92FF920F931F93FA
:104CF000CF93DF93CDB7DEB7C55BD1090FB6F8947C
:104D0000DEBF0FBECDBF7B01C455DF4F4883CC5AF9
:104D1000D040190130E020E00217130709F45BC20C
:104D2000F1019491A101435D5F4F891721F02F5F3D
:104D30003F4F1A01F1CF2114310409F44CC23196CE
:104D40002491C555DF4F2883CB5AD04034968590A7
:104D50009590A590B490F1013D9645905590659041
:104D60007490F101B396E491F101B5968591959116
:104D7000A591B491F101339605911491F101B19689
:104D800025913491C555DF4F3881CB5AD04035300D
:104D900009F014C1F1017D96259134914EE02F3A2E
:104DA000340709F075C01091AF0E8093AF0E181341
:104DB00002C081E011C281E08093260B1092BF0BEC
:104DC0008FEB9BE023969FAF8EAF239780E890E018
:104DD0009A8389834DEF54E0BE016F5F7F4FCE0110
:104DE0008F5B9F4F0E94EB18E091AF0E49E658E0B1
:104DF000E83038F4F0E0EE0FFF1FE95FFD4F40812F
:104E00005181BE016F5F7F4FCE018F5B9F4F0E942C
:104E1000EB188FEB9BE00E94411BC455DF4F58817C
:104E2000CC5AD040552311F40C94593182E492E0CD
:104E30000E94411B8CEE94E00E946A1C88ED94E075
:104E40000E946A1C0E94351B60E870E08FEB9BE0BB
:104E50000E94A5198FEB9BE00E94B21CFC012081EF
:104E6000223311F00C94593101900020E9F79F0191
:104E7000225031092817390711F00C945931109339
:104E8000AF0E1092260B85EC94E00E946A1C91CF25
:104E90002A5C3E4009F08DCFC090CA0ED090CB0E58
:104EA000E090CC0EF090CD0E8093CA0E9093CB0E76
:104EB000A093CC0EB093CD0E8C159D05AE05BF050D
:104EC00009F477CF81E08093260B1092BF0B8FEB14
:104ED0009BE023969FAF8EAF239780E890E09A8364
:104EE000898342EA54E0BE016F5F7F4FCE018F5B42
:104EF0009F4F0E94EB18A7019601BE016F5F7F4F85
:104F0000CE018F5B9F4F0E9473184BE954E0BE01A6
:104F10006F5F7F4FCE018F5B9F4F0E94EB182091F8
:104F2000CA0E3091CB0E4091CC0E5091CD0EBE01E9
:104F30006F5F7F4FCE018F5B9F4F0E9473188FEB87
:104F40009BE00E94411BC455DF4F2881CC5AD040C2
:104F5000222311F40C94593182E492E00E94411B07
:104F60008CEE94E00E946A1C88ED94E00E946A1C1A
:104F70000E94351B60E870E08FEB9BE00E94A51952
:104F80008FEB9BE00E94B21CFC012081223311F0C8
:104F90000C94593101900020E9F79F01225031090A
:104FA0002817390711F00C945931C092CA0ED092CB
:104FB000CB0EE092CC0EF092CD0E63CFE114F10453
:104FC00021F0F7018081811125C083E492E00E94E5
:104FD000331BF80164910F5F1F4F81E49CE066234F
:104FE00019F00E94C60CF5CF0E94180D60E870E021
:104FF0008FEB9BE00E94A5198FEB9BE00E94B21CF7
:105000007C01FC018081882309F4D3CEE114F104F2
:1050100009F4CFCEA501940160E070E0CB01C55644
:10502000DF4F8882CB59D040C456DF4F3883CC59EC
:10503000D040C356DF4FA882CD59D040C256DF4F73
:105040005883CE59D040C156DF4F6883CF59D040E6
:10505000C056DF4F7883C05AD040CF55DF4F88838A
:10506000C15AD040CE55DF4F9883C25AD040A301D9
:10507000920160E070E0CB01CD55DF4F4882C35A0A
:10508000D040CC55DF4F3883C45AD040CB55DF4F8A
:105090006882C55AD040CA55DF4F5883C65AD0409F
:1050A000C955DF4F6883C75AD040C855DF4F788352
:1050B000C85AD040C755DF4F8883C95AD040C6551B
:1050C000DF4F9883CA5AD040CF57DF4F1882C1585C
:1050D000D040CE57DF4F1882C258D040CD57DF4F57
:1050E0001882C358D040CC57DF4F1882C458D040E4
:1050F000CB57DF4F1882C558D040CA57DF4F1882B0
:10510000C658D040C957DF4F1882C758D040C8573B
:10511000DF4F1882C858D040C757DF4F1882C95890
:10512000D040C657DF4F1882CA58D040C557DF4F0E
:105130001882CB58D040C457DF4F1882CC58D0408B
:10514000C357DF4F1882CD58D040C257DF4F188267
:10515000CE58D040C157DF4F1882CF58D040C057EB
:10516000DF4F1882C059D040CF56DF4F1882C15947
:10517000D040CE56DF4F1882C259D040CD56DF4FB7
:105180001882C359D040CC56DF4F1882C459D04042
:10519000CB56DF4F1882C559D040CA56DF4F188210
:1051A000C659D040C956DF4F1882C759D040C8569B
:1051B000DF4F1882C859D040C555DF4F3881CB5AD0
:1051C000D040323009F4F7C108F5332309F459C04F
:1051D000313009F473C180E0CB54DF4F0FB6F8943F
:1051E000DEBF0FBECDBFDF91CF911F910F91FF901A
:1051F000EF90DF90CF90BF90AF909F908F907F9077
:105200006F905F904F903F902F900895C555DF4F5E
:105210004881CB5AD040433009F444C24430D9F6D7
:10522000F70101900020E9F731975F01AE18BF0840
:1052300022E0A216B10449F4F7019080FFE29F1624
:1052400021F0F70181818032C9F46FE270E0C7017B
:105250000E9464528C01892B09F01CC360E270E04B
:10526000C7010E9464528C01892B09F013C3AA94D0
:10527000AB2809F060C3F7018081982EFF24F394D6
:105280002CC3F7018081882309F40FC18B3219F0F8
:10529000412C8D3241F4442443948D3209F0412C49
:1052A000FFEFEF1AFF0AF7018081882309F4FDC0A0
:1052B000C355DF4FF982E882CD5AD040712C812C42
:1052C000B0E0A0E0C155DF4F1882CF5AD040C055A2
:1052D000DF4F1882C05BD040512C612CC355DF4F8B
:1052E000E881F981CD5AD0409190C355DF4FF983C1
:1052F000E883CD5AD040992009F445C080ED890D4E
:105300008A3008F0D2C0FAE0AF2EB12CC12CD12CDB
:10531000E12CF12C00E010E0272D382D4B2F5A2FD7
:10532000C155DF4F6881CF5AD040C055DF4F7881DB
:10533000C05BD040852D962D0E94765059016A01A0
:105340007B018C01892D990C990BC097E92FEE0FE9
:10535000EE0B9C014E2F5E2F6E2F7E2F8E2F9E2FD9
:105360000E941552722E832EB42FA52FC155DF4FE8
:105370006883CF5AD040C055DF4F7883C05BD040A0
:10538000582E692EABCF442011F1272D382D4B2FED
:105390005A2FC155DF4F6881CF5AD040C055DF4FDB
:1053A0007881C05BD040852D962D0E949851722E39
:1053B000832EB42FA52FC155DF4F6883CF5AD0401D
:1053C000C055DF4F7883C05BD040582E692ECF5731
:1053D000DF4F7882C158D040CE57DF4F8882C25805
:1053E000D040CD57DF4FB883C358D040CC57DF4FA4
:1053F000A883C458D040C155DF4FF881CF5AD04060
:10540000CB57DF4FF883C558D040C055DF4FE881F8
:10541000C05BD040CA57DF4FE883C658D040C95759
:10542000DF4F5882C758D040C857DF4F6882C858EE
:10543000D040C556DF4F2881CB59D040C456DF4FEE
:105440003881CC59D040C356DF4F4881CD59D04028
:10545000C256DF4F5881CE59D04060E070E080E006
:1054600090E0A72CB82CCB2EDA2EEF2EFE2E052D99
:10547000162D0E94335209F0C4F4CD55DF4F288118
:10548000C35AD040CC55DF4F3881C45AD040CB5599
:10549000DF4F4881C55AD040CA55DF4F5881C65AA0
:1054A000D0400E9433520CF0F7C083E994E00E9490
:1054B0006A1C82E492E00E94411B7BCCF7010190C0
:1054C0000020E9F7CF0102978E159F0571F7F701CC
:1054D0008081082E000C990B0E944852182FF10170
:1054E000759665917491CE0101960E94644B8981F5
:1054F00021E0882361F0612F012E000C770BCE0193
:1055000001960E94645221E0892B09F420E0912C3D
:1055100080E0F12C90E0222341F2F1017D96A591EB
:10552000B491C555DF4FF881CB5AD040F23009F421
:1055300033C308F00AC2FF2309F460C2F13009F056
:1055400038CC7EE0A93CB70709F0D4C20091C90E5F
:105550001093C90EC555DF4F8881CB5AD040809338
:10556000260B812F012E000C990B9F931F93802FE8
:10557000002E000C990B9F930F938AEE92E09F935D
:105580008F931F9280E88F938FEB9BE09F938F9375
:105590000E948E52C455DF4F8881CC5AD0400E9461
:1055A000D01C0FB6F894DEBF0FBECDBF811101CC69
:1055B0000093C90E5FC2F7018081882309F475CF7B
:1055C000BE016F577F4FC7010E94AB1D882309F4AE
:1055D0006CCFCF57DF4F6880C158D040CE57DF4FD8
:1055E0007880C258D040CD57DF4F8880C358D04014
:1055F000CC57DF4F9880C458D040CB57DF4FB8818D
:10560000C558D040CA57DF4FA881C658D040C957A7
:10561000DF4FF881C758D040C857DF4FE881C858DE
:10562000D0409301A4016B2F7A2F8F2F9E2FC55648
:10563000DF4FA880CB59D040C456DF4FB880CC593B
:10564000D040C356DF4FC880CD59D040C256DF4F3F
:10565000D880CE59D040E12CF12C00E010E00E941F
:1056600033520CF422CFCD55DF4FA880C35AD0401F
:10567000CC55DF4FB880C45AD040CB55DF4FC880DF
:10568000C55AD040CA55DF4FD880C65AD0400E9474
:10569000335211F00CF009CF912C80E0F12C90E006
:1056A00010E03BCFF7018081882309F4FECE6FE242
:1056B00070E0C7010E9464528C01892B49F460E2BA
:1056C00070E0C7010E9464528C01892B09F4EDCE71
:1056D0005801AE18BF08F0E4AF16B10408F0E5CEEB
:1056E000A501B701CE018F5B9F4F0E947F52E1E47D
:1056F000F0E0EC0FFD1FEA0DFB1D1082B8016F5F9B
:105700007F4FCE0101960E94785222968FAD22974C
:10571000882309F4CACEBE0167577F4FCE018F5B45
:105720009F4F0E94AB1D882309F4BFCE8981882337
:1057300009F4BBCEBE016F567F4FCE0101960E9489
:10574000AB1D882309F4B1CEC757DF4F6880C95815
:10575000D040C657DF4F7880CA58D040C557DF4F7A
:105760008880CB58D040C457DF4F9880CC58D04069
:10577000C357DF4FB881CD58D040C257DF4FA88103
:10578000CE58D040C157DF4FF881CF58D040C057D6
:10579000DF4FE881C059D0409301A4016B2F7A2FCD
:1057A0008F2F9E2FC556DF4FA880CB59D040C456AF
:1057B000DF4FB880CC59D040C356DF4FC880CD5999
:1057C000D040C256DF4FD880CE59D040E12CF12CCA
:1057D00000E010E00E9433520CF467CECD55DF4F4D
:1057E000A880C35AD040CC55DF4FB880C45AD040AF
:1057F000CB55DF4FC880C55AD040CA55DF4FD8803F
:10580000C65AD0400E94335211F00CF04ECECF5603
:10581000DF4F6880C159D040CE56DF4F7880C259E3
:10582000D040CD56DF4F8880C359D040CC56DF4F93
:105830009880C459D040CB56DF4FB881C559D0406D
:10584000CA56DF4FA881C659D040C956DF4FF881EC
:10585000C759D040C856DF4FE881C859D04093019E
:10586000A4016B2F7A2F8F2F9E2FC556DF4FA88054
:10587000CB59D040C456DF4FB880CC59D040C35626
:10588000DF4FC880CD59D040C256DF4FD880CE59A7
:10589000D040E5CEE016F10619F5912CF12CF80177
:1058A0008181882309F44EC0B8016F5F7F4F40E1CA
:1058B00050E0CE0101960E94834BCE0101960E94DA
:1058C000B21CFC0101900020E9F79F012250310930
:1058D00028173907B9F5FC01808191E021E030C03B
:1058E0005801AE18BF08F0E1AF16B10418F0EFE0B0
:1058F000AE2EB12CA501B701CE0101960E945052E7
:10590000E1E0F0E0EC0FFD1FEA0DFB1D1082CE017F
:1059100001960E94B21CFC0101900020E9F79F0152
:10592000225031092817390709F0B7CFFC019080C0
:10593000FF24F394B4CF912C80E0F12C90E020E090
:1059400010E0E9CD80E090E0C9CFC555DF4F288158
:10595000CB5AD040233009F4B0C4243009F029CA0E
:105960003EE0AE3CB30709F0DDC50091CE0E1091CC
:10597000CF0EF1109092CE0E91118093CF0E81E058
:105980008093260B8091CF0E282F082E000C330B0E
:105990003F938F938091CE0E282F082E000C330B4F
:1059A0003F938F93812F012E000C990B9F931F9390
:1059B000802F002E000C990B9F930F9383E693E0AA
:1059C0009F938F931F9280E88F938FEB9BE09F9321
:1059D0008F930E948E52C455DF4F8881CC5AD0409D
:1059E0000E94D01C0FB6F894DEBF0FBECDBF811150
:1059F000E0C90093CE0E1093CF0E3CC03EE0A53C14
:105A0000B307D9F50091C50E1091C60ECF57DF4FE1
:105A10008881C158D040CE57DF4F9881C258D040BE
:105A20008093C50E9093C60E21E02093260B9F9382
:105A30008F931F930F9381EB92E09F938F931F920D
:105A400080E88F938FEB9BE09F938F930E948E5201
:105A5000C455DF4F8881CC5AD0400E94D01C0FB66D
:105A6000F894DEBF0FBECDBF8111A3C90093C50E50
:105A70001093C60E1092260B9CC9A75CBE4009F07D
:105A800098C90091C70E1091C80ECF57DF4F88817B
:105A9000C158D040CE57DF4F9881C258D040809334
:105AA000C70E9093C80E21E02093260B9F938F93EF
:105AB0001F930F938CEC92E09F938F931F9280E83B
:105AC0008F938FEB9BE09F938F930E948E52C455D0
:105AD000DF4F8881CC5AD0400E94D01C0FB6F8947A
:105AE000DEBF0FBECDBF811164C90093C70E1093F6
:105AF000C80EC0CFA05BBE4009F05BC90091B00EDC
:105B0000112319F0103209F410E01093B00E81E067
:105B10008093260B63E073E08FEB9BE00E9478524A
:105B2000002361F1EFEBFBE0DF010D900020E9F7CE
:105B300011970C9301900020E9F7108269E173E05E
:105B40008FEB9BE00E9459521123F9F0EFEBFBE041
:105B5000DF010D900020E9F711971C9301900020C0
:105B6000E9F71082C455DF4F8881CC5AD0400E949B
:105B7000D01C81111EC90093B00E7CCF62EE76E07E
:105B80008FEB9BE00E945952D9CF62EE76E08FEB0B
:105B90009BE00E945952E6CF2EE0A13BB20709F0EC
:105BA00086C12090B10E3090B20E4090B30E50904E
:105BB000B40E6090B50E7090B60E8090B70E9090B7
:105BC000B80ECF57DF4F8881C158D0408093B10EB7
:105BD000CE57DF4F8881C258D0408093B20ECD5748
:105BE000DF4F8881C358D0408093B30ECC57DF4F2E
:105BF0008881C458D0408093B40ECB57DF4F888142
:105C0000C558D0408093B50ECA57DF4F8881C6581B
:105C1000D0408093B60EC957DF4F8881C758D04017
:105C20008093B70EC857DF4F8881C858D040809303
:105C3000B80E81E08093260B50E4A52E62E4B62EC8
:105C40007FE0C72ED12CE12CF12C00E010E0910177
:105C5000A201B301C4010E9408515F934F933F9387
:105C60002F939101A201B301C4010E940A515F93D5
:105C70004F933F932F9344EF56E05F934F931F92C0
:105C800070E27F93CE018F5B9F4FC756DF4F9983A2
:105C90008883C959D0409F938F930E948E52CF57CB
:105CA000DF4F9881C158D040C556DF4F9883CB59FC
:105CB000D040CE57DF4FE881C258D040CD55DF4F9E
:105CC000E883C35AD040CD57DF4FF881C358D04046
:105CD000C555DF4FF883CB5AD040CC57DF4F2881D2
:105CE000C458D040C455DF4F2883CC5AD040CB573E
:105CF000DF4F3881C558D040C355DF4F3883CD5A68
:105D0000D040CA57DF4F4881C658D040C155DF4FF9
:105D10004883CF5AD040C957DF4F5881C758D04029
:105D2000C055DF4F5883C05BD040C857DF4F6881F4
:105D3000C858D040CF54DF4F6883C15BD040292F73
:105D40003E2F4F2FC455DF4F5881CC5AD040C355FA
:105D5000DF4F6881CD5AD040C155DF4F7881CF5A8F
:105D6000D040C055DF4F8881C05BD040CF54DF4F5B
:105D70009881C15BD0400E9408515F934F933F933D
:105D80002F93C556DF4F2881CB59D040CD55DF4FDB
:105D90003881C35AD040C555DF4F4881CB5AD040D7
:105DA000C455DF4F5881CC5AD040C355DF4F68816E
:105DB000CD5AD040C155DF4F7881CF5AD040C05521
:105DC000DF4F8881C05BD040CF54DF4F9881C15BEB
:105DD000D0400E940A515F934F933F932F9384EFDB
:105DE00096E09F938F931F92F0E2FF938E010F5FD7
:105DF0001F4F1F930F930E948E521F930F93C656EF
:105E0000DF4F2881CA59D0402F93C756DF4F3881C2
:105E1000C959D0403F938EE794E09F938F938FEBC7
:105E20009BE09F938F930E94974B0FB6F894DEBF31
:105E30000FBECDBF8FEB9BE00E94411B82E492E03E
:105E40000E94411B8CEE94E00E946A1C88ED94E055
:105E50000E946A1C0E94351B60E870E08FEB9BE09B
:105E60000E94A5198FEB9BE00E94B21CFC012081CF
:105E7000223309F01EC201900020E9F79F01225051
:105E800031092817390709F014C22092B10E309257
:105E9000B20E4092B30E5092B40E6092B50E709254
:105EA000B60E8092B70E9092B80E0C944127A95B63
:105EB000BE4011F00C94D9262091B90EC556DF4F83
:105EC0002883CB59D0403091BA0ECD55DF4F38835F
:105ED000C35AD0404091BB0EC555DF4F4883CB5AC3
:105EE000D0405091BC0EC455DF4F5883CC5AD0409F
:105EF0002090BD0E3090BE0E4090BF0E5090C00E50
:105F0000CF57DF4F8881C158D0408093B90ECE570C
:105F1000DF4F8881C258D0408093BA0ECD57DF4FF3
:105F20008881C358D0408093BB0ECC57DF4F888107
:105F3000C458D0408093BC0ECB57DF4F8881C558E2
:105F4000D0408093BD0ECA57DF4F8881C658D040DD
:105F50008093BE0EC957DF4F8881C758D0408093C9
:105F6000BF0EC857DF4F8881C858D0408093C00EFD
:105F700081E08093260B80E4A82E92E4B92E6FE096
:105F8000C62ED12CE12CF12C00E010E0B101C201B1
:105F90000E940A51922E832E742E652EE0ECAE2EB6
:105FA000FDEBBF2EA0EFCA2EDD24DA94EE24EA9496
:105FB000FF24FA940FEF1FEF0E947650C556DF4F73
:105FC000A880CB59D040CD55DF4FB880C35AD040C0
:105FD000C555DF4FC880CB5AD040C455DF4FD8805D
:105FE000CC5AD040710182010E9415525F934F93A9
:105FF0003F932F936F927F928F929F926FE077E003
:106000007F936F931F9290E29F93FE01EF5BFF4F90
:10601000C756DF4FF983E883C959D040FF93EF9308
:106020000E948E52CF57DF4FF881C158D040C355E0
:10603000DF4FF883CD5AD040CE57DF4F2881C2586A
:10604000D040C155DF4F2883CF5AD040CD57DF4FC6
:106050003881C358D040C055DF4F3883C05BD04033
:10606000CC57DF4F4881C458D040CF54DF4F4883CE
:10607000C15BD040CB57DF4F5881C558D040CE547C
:10608000DF4F5883C25BD040CA57DF4F6881C65884
:10609000D040CD54DF4F6883C35BD040C957DF4F3A
:1060A0007881C758D040CC54DF4F7883C45BD04050
:1060B000C857DF4F8881C858D040CB54DF4F888302
:1060C000C55BD040B0E4AB2E12E4B12E0FE0C02E81
:1060D000D12CE12CF12C00E010E02F2FC155DF4F27
:1060E0003881CF5AD040C055DF4F4881C05BD04087
:1060F000CF54DF4F5881C15BD040CE54DF4F688111
:10610000C25BD040CD54DF4F7881C35BD040CC54CC
:10611000DF4F8881C45BD040CB54DF4F9881C55B93
:10612000D0400E940A51922E832E742E652E20ECB0
:10613000A22E3DEBB32E40EFC42EDD24DA94EE24E4
:10614000EA94FF24FA940FEF1FEF292D382D472DE5
:106150000E947650C355DF4FA880CD5AD040C1551C
:10616000DF4FB880CF5AD040C055DF4FC880C05BEA
:10617000D040CF54DF4FD880C15BD040CE54DF4FEA
:10618000E880C25BD040CD54DF4FF880C35BD04085
:10619000CC54DF4F0881C45BD040CB54DF4F188113
:1061A000C55BD0400E9415525F934F933F932F934E
:1061B0006F927F928F929F92EFE0F7E0FF93EF93C1
:1061C0001F9230E23F938E010F5F1F4F1F930F937B
:1061D0000E948E521F930F93C656DF4F4881CA59B3
:1061E000D0404F93C756DF4F5881C959D0405F9375
:1061F0008EE193E09F938F931F9280E88F938FEBB4
:106200009BE09F938F930E948E520FB6F894DEBF4F
:106210000FBECDBF8FEB9BE00E94411B82E492E05A
:106220000E94411B8CEE94E00E946A1C88ED94E071
:106230000E946A1C0E94351B60E870E08FEB9BE0B7
:106240000E94A5198FEB9BE00E94B21CFC012081EB
:10625000223379F501900020E9F79F01225031099E
:106260002817390731F5C556DF4FF881CB59D04093
:10627000F093B90ECD55DF4F2881C35AD0402093FB
:10628000BA0EC555DF4F3881CB5AD0403093BB0E84
:10629000C455DF4F4881CC5AD0404093BC0E209269
:1062A000BD0E3092BE0E4092BF0E5092C00E0C94A6
:1062B000412787EB94E00C9445275EE0A23DB507AB
:1062C00009F09BC02091D20E3091D30E4091D40E94
:1062D0005091D50E6091D60E7091D70E8091D80E48
:1062E0009091D90EEAEDFEE0A090DA0EB090DB0EB0
:1062F000C090DC0ED090DD0EE090DE0EF090DF0E50
:106300000091E00E1091E10E992493949092260B47
:106310000F2EF9E38F2EF3E09F2EF02D9F928F9298
:10632000FF93EF93BF93AF93C856DF4FE881C859EF
:10633000D040EF93C956DF4FE881C759D040EF9363
:10634000CA56DF4FE881C659D040EF93CB56DF4F96
:10635000E881C559D040EF93CC56DF4FE881C4594E
:10636000D040EF93CD56DF4FE881C359D040EF9333
:10637000CE56DF4FE881C259D040EF93CF56DF4F62
:10638000E881C159D040EF93C057DF4FE881C05931
:10639000D040EF93C157DF4FE881CF58D040EF9303
:1063A000C257DF4FE881CE58D040EF93C357DF4F3D
:1063B000E881CD58D040EF93C457DF4FE881CC58E7
:1063C000D040EF93C557DF4FE881CB58D040EF93D3
:1063D000C657DF4FE881CA58D040EF93C757DF4F09
:1063E000E881C958D040EF930E9434230FB6F89447
:1063F000DEBF0FBECDBF0C94D9267EE0A23EB7070C
:1064000069F52091E20E3091E30E4091E40E509137
:10641000E50E6091E60E7091E70E8091E80E909186
:10642000E90EEAEEFEE0A090EA0EB090EB0EC0900E
:10643000EC0ED090ED0EE090EE0EF090EF0E00918D
:10644000F00E1091F10E992493949092260B0F2E3A
:10645000F3E48F2EF3E09F2EF02D60CF9EE0A23F5D
:10646000B90769F52091F20E3091F30E4091F40EC8
:106470005091F50E6091F60E7091F70E8091F80E26
:106480009091F90EEAEFFEE0A090FA0EB090FB0EAC
:10649000C090FC0ED090FD0EE090FE0EF090FF0E2E
:1064A0000091000F1091010F992493949092260B64
:1064B0000F2EF1E58F2EF3E09F2EF02D2FCFFFE072
:1064C000A230BF0711F00C94D9262091020F309111
:1064D000030F4091040F5091050F6091060F7091CA
:1064E000070F8091080F9091090FEAE0FFE0A0905C
:1064F0000A0FB0900B0FC0900C0FD0900D0FE090D2
:106500000E0FF0900F0F0091100F1091110F9924A2
:1065100093949092260B0F2EFCE58F2EF3E09F2E86
:10652000F02DFCCEA05DBE4011F00C94D926009158
:10653000D00E1091D10EF1109092D00E9111809347
:10654000D10E81E08093260B8091D10E282F082E4A
:10655000000C330B3F938F938091D00E282F082E81
:10656000000C330B3F938F93812F012E000C990B5E
:106570009F931F93802F002E000C990B9F930F93D6
:1065800081E893E09F938F931F9280E88F938FEB26
:106590009BE09F938F930E948E52C455DF4F88815A
:1065A000CC5AD0400E94D01C0FB6F894DEBF0FBE6C
:1065B000CDBF81110C94D9260093D00E1093D10E2B
:1065C00059CA0F931F9306E010E023E13EE00E94BA
:1065D00068261F910F9108950C94E1320C94E132DA
:1065E0000C94E1320C94E1320C94E1320F931F933E
:1065F00006E010E025E03DE00E9468261F910F9123
:1066000008950F931F9306E010E027EF3BE00E94F0
:1066100068261F910F9108950F931F9308E010E0D3
:106620002FE83AE00E9468261F910F910895CF92BB
:10663000DF92EF92FF920F931F93CF93DF93CDB72B
:10664000DEB7C054D1090FB6F894DEBF0FBECDBF80
:10665000E62E0E94B21C8C01FC018081811102C0D7
:1066600081E02FC0082E000C990B0E944852F82E92
:10667000F80101900020E9F73197E01BF10B329708
:1066800080F51092270BF1E4FF1248C0F801019049
:106690000020E9F73197E01BF10B329708F478C03E
:1066A000F8018181282F082E000C330B205331096B
:1066B0002A30310508F06CC04E2D67E27BE00E9465
:1066C0000C33C05CDF4F0FB6F894DEBF0FBECDBFFA
:1066D000DF91CF911F910F91FF90EF90DF90CF90BE
:1066E0000895F80131969F012F5F3F4F80818032DE
:1066F00071F0A7E2BBE090E080E02191322F3F7D76
:1067000041F08F33910529F001962D93F6CFF901D1
:10671000EACF895D944FFC011082B5CFF9E4FF12F6
:106720001AC0F80101900020E9F73197E01BF10B46
:10673000329770F1F8018181282F082E000C330B5D
:10674000205331092A30310518F54E2D67E27BE0E0
:106750000E940133B6CFF8E4FF121AC0F80101908D
:106760000020E9F73197E01BF10B329788F0F80130
:106770008181282F082E000C330B205331092A3039
:10678000310530F44E2D67E27BE00E94F63299CF5E
:1067900004E111E184EA91E1F8012491F21669F132
:1067A000085F1F4F80179107B9F740E450E0BE0122
:1067B0006F5F7F4F84EA91E10E943218CE0101960B
:1067C0000E94411B4DCFF801349625913491B601BA
:1067D0006F5F7F4F4E2DF901199573CF8230910570
:1067E00049F4F8013496259134914E2D67E27BE00F
:1067F0008F2DF1CF0397A9F3D8CF3196E4918E2F47
:1068000090E0F8013396E491009759F381309105B7
:1068100029F7F801369685919491009709F420CFD5
:10682000FC0119950E94351B60E870E08FEB9BE03E
:106830000E94A5198FEB9BE00E94B21C6C01FC0129
:106840008081882309F40CCF282F082E000C330BED
:10685000A901405351094A30510508F4B4CF0190C1
:106860000020E9F73197EC19FD09329708F4F8CECA
:10687000C9010E9448522F2DFF0C330B821793073A
:1068800009F0EECEF6018181282F082E000C330B83
:10689000205331092A30310508F0E2CEF801349650
:1068A00025913491B6016E5F7F4F94CFBF92CF9206
:1068B000DF92EF92FF920F931F93CF93DF93CDB7A9
:1068C000DEB7C058D1090FB6F894DEBF0FBECDBFFA
:1068D0008BE3B82E0E9429240E94351B60E870E0EB
:1068E0008FEB9BE00E94A5198FEB9BE00E94B21CEE
:1068F0008C01FC018081882379F36BE370E0C8018F
:106900000E946452892B09F454C04FE750E0B8014B
:10691000CE0101960E947F52C058DF4F1882C058A6
:10692000D040CE0101967C01F7018081882391F24D
:106930006BE370E0C7010E9464526C010097D9F0CC
:10694000FC0110828C01C7010E94B21CFC01208155
:10695000211119C0CD2809F4BDCFF801B1927F01F2
:10696000808131968032D9F3882309F4B3CFE114C2
:10697000F104D1F6AFCFF70101900020E9F78F01C4
:1069800001501109E0CF60E00E9417338111E2CF7E
:10699000C058DF4F0FB6F894DEBF0FBECDBFDF91FA
:1069A000CF911F910F91FF90EF90DF90CF90BF900C
:1069B000089561E0C8010E94173381118BCFE8CFA1
:1069C0002F923F924F925F926F927F928F929F92FF
:1069D000AF92BF92CF92DF92EF92FF920F931F93ED
:1069E000CF93DF93CDB7DEB7C855D1090FB6F89472
:1069F000DEBF0FBECDBF7724739423E9922E3CE017
:106A0000832E81E49CE00E946C0C839769F4709261
:106A1000050B81E49CE00E948E0C892B29F081E417
:106A20009CE00E946C0CF5CF80910002882391F1CC
:106A30001092CE0A1092CF0A1092D00A1092D10A68
:106A40007091790B60917A0B50917B0B40917C0B8C
:106A500030917D0B20917E0B90917F0B8091800B6C
:106A60007093C60A6093C70A5093C80A4093C90A34
:106A70003093CA0A2093CB0A9093CC0A8093CD0A14
:106A80001092C50A1092000264E670E080E090E087
:106A90000E94A40B0E947F0B0091CE0A1091CF0A96
:106AA0002091D00A3091D10A6B017C01C01AD10A21
:106AB000E20AF30A970186010B3F11052105310512
:106AC00008F44FC06093CE0A7093CF0A8093D00A27
:106AD0009093D10AF8942090790B30907A0B4090E3
:106AE0007B0B50907C0B60907D0BB0917E0BA09146
:106AF0007F0BF091800B7894A090C60AB090C70AE3
:106B0000C090C80AD090C90AE090CA0AF090CB0A97
:106B10000091CC0A1091CD0A9101A201662D7B2F24
:106B20008A2F9F2FE091C50A0E94335209F490C02A
:106B3000E11107C08091080188608093080170927C
:106B4000C50A2092C60A3092C70A4092C80A5092DB
:106B5000C90A6092CA0AB093CB0AA093CC0AF093F8
:106B6000CD0A8091E30C0E94E00A8C018091760DA1
:106B70000E94E00A012B09F03DC12091AF0E892B44
:106B800009F0D8C080910801806480930801809149
:106B900008018061809308018091080180688093DA
:106BA000080180910801806280930801223009F079
:106BB0008CC08EED9CE00E94FF11882351F08091E3
:106BC00008018F7B80930801809108018F7E80935C
:106BD000080181E79DE00E94FF118111A0C0809112
:106BE000050B882309F487C11092050B83EF93E00E
:106BF0000E94211B40916F0D4E7F60E08EED9CE066
:106C00000E94120F4091020E4E7F60E081E79DE0EE
:106C10000E94120F89E194E00E94211B8EED9CE0FE
:106C20000E94E71481E79DE00E94E7146AE070E0AB
:106C300080E090E00E94A40B81E49CE00E948E0C16
:106C4000892B09F42DC181E49CE00E946C0CF4CFE7
:106C5000EE2309F486CF80910801877F8093080195
:106C600082EA93E00E94211B8BEB93E00E94211BA0
:106C70001092C50A81E49CE00E948E0C892B39F4A5
:106C80006AE070E080E090E00E94A40BF3CF81E422
:106C90009CE00E946C0CC85ADF4F0FB6F894DEBF20
:106CA0000FBECDBFDF91CF911F910F91FF90EF905D
:106CB000DF90CF90BF90AF909F908F907F906F901C
:106CC0005F904F903F902F9008955090830B60906D
:106CD000840BA090850BB090860BC090870BD09052
:106CE000880BE090890BF0908A0B052D162D9501ED
:106CF000A601B7018EED9CE00E94C3129501A6018A
:106D0000B70181E79DE00E94C312809108018F7B4B
:106D100080930801809108018F7E80930801809103
:106D200008018F7780930801809108018F7D8093FF
:106D3000080155CF809108018064809308018091FB
:106D40000801806180930801223081F48EED9CE07F
:106D50000E94FF11882309F442CF809108018F7BA4
:106D600080930801809108018F7EE1CF0091830B11
:106D70001091840B2091850B3091860B4091870BED
:106D80005091880B6091890B70918A0B8EED9CE07D
:106D90000E94C312809108018F7B8093080180912B
:106DA00008018F7E809308018091760D0E94E00A91
:106DB000892B09F014CF8091080180688093080125
:106DC000809108018062809308010091830B1091EB
:106DD000840B2091850B3091860B4091870B50914D
:106DE000880B6091890B70918A0B81E79DE00E946E
:106DF000C31295CF892B09F0F2CE809108018068EB
:106E0000809308018091080180628093080180913D
:106E1000AF0E823009F4DDCE0091830B1091840B0C
:106E20002091850B3091860B4091870B5091880BF8
:106E30006091890B70918A0B81E79DE00E94C312DB
:106E4000809108018F7780930801809108018F7DE0
:106E5000809308018091E30C0E94E00A892B09F0DD
:106E6000BECE809108018064809308018091080162
:106E70008061809308010091830B1091840B209115
:106E8000850B3091860B4091870B5091880B609158
:106E9000890B70918A0B8EED9CE00E94C3125DCF2E
:106EA0000E9490190E9456340E948A1C81E49CE042
:106EB0000E948E0C892B29F081E49CE00E946C0CCE
:106EC000F5CF0E948A1C0E941719882331F081E0B7
:106ED0008093930B80930002DECE8AE494E00E94BC
:106EE000211B8EED9CE00E944C0F81E79DE00E94EB
:106EF0004C0F1092260B8091250D811105C08091B9
:106F0000B80D882309F47DCD8091AF0E8111A5C104
:106F10008091250D8823B1F0E1E02091190D309189
:106F20001A0D40911B0D50911C0D60911D0D70911B
:106F30001E0D80911F0D9091200DA2E00E943C52E9
:106F400009F00CF4E0E08091B80D8823B1F02091B5
:106F5000AC0D3091AD0D4091AE0D5091AF0D6091E3
:106F6000B00D7091B10D8091B20D9091B30DA2E072
:106F70000E943C5211F00CF024C18091250D882311
:106F8000D9F02091190D30911A0D40911B0D50919F
:106F90001C0D60911D0D70911E0D80911F0D909123
:106FA000200DA2E00E943C5239F034F00E94001AF9
:106FB000811155C01092250D8091B80D882309F4D8
:106FC0004CC12091AC0D3091AD0D4091AE0D509162
:106FD000AF0D6091B00D7091B10D8091B20D909197
:106FE000B30DA2E00E943C5209F00CF436C10E949D
:106FF000001A882309F42FC121E04091010E69EBAA
:107000007DE0CE0101960E94311625C12091BD0D73
:107010003091BE0D4091BF0D5091C00D6091C10DDA
:107020007091C20DA0902A0DB0902B0DC0902C0D28
:10703000D0902D0DE0902E0DF0902F0D0091300D81
:107040001091310D8091C30D9091C40D0E94335267
:1070500008F4DBC090E080E001E010E0DAC021E05D
:1070600040916E0D66E27DE0CE0101960E943116E0
:10707000A1CF01E010E0909EF001919EF00D11244F
:10708000EB5DF24F8081882309F445C0F20123AD06
:10709000FB9631814281538164817581868197811C
:1070A000A2E00E943C52B9F1B4F10E94001A920190
:1070B000285B3F4F79018823C9F0809EA001819E03
:1070C000500D11244351554FB901CE018F5B9F4F95
:1070D0000E94860D20E0F201E057FF4F4081BE0183
:1070E0006F5B7F4FCE0101960E943116909EF0019A
:1070F000919EF00D1124EB5DF24F1082809ED00125
:10710000819EB00D1124A351B54FF701882D019038
:107110000D928A95E1F733E9430E511C01301105B8
:1071200009F0A7CFA5C001E010E0ADC0E13049F4FF
:107130008091EB0A6FED7AE002ED1AE0882309F402
:10714000F7C09E9EF0011124E259F24F108121E018
:10715000412F62ED7AE0CE0101960E94311621E0C6
:10716000412F6FED7AE0EFC081E49CE00E948E0C2D
:10717000181619060CF041CC81E49CE00E946C0CBE
:107180002091B00E022E000C330B8217930709F0EA
:1071900034CC18C146E25DE069EB7DE0CE018F5B47
:1071A0009F4F0E94860D20E040E0BE016F5B7F4F45
:1071B000CE0101960E9431161092250D1092B80D45
:1071C0001CCCEE2309F4D9CE0E94001A882309F4BE
:1071D00040C04091B90D5091BA0D6091BB0D7091B6
:1071E000BC0D8091260D9091270DA091280DB09196
:1071F000290D481759076A077B0709F407CF841739
:107200009507A607B7070CF425CF81E090E010E0C2
:1072100000E0989EB001999E700D1124FB01E25987
:10722000F24F6A5D724F21E04081CE0101960E94CB
:107230003116909EB001919E700D1124FB01E25910
:10724000F24F6A5D724F21E04081CE0101960E94AB
:1072500031161092250D1092B80D8091AF0E9EED53
:10726000492E9CE0592E10E000E0843009F403CF51
:107270008091AF0E813009F06CC08EED482E8CE00D
:10728000582E10E000E0909EF001919EF00D112428
:10729000EB5DF24F8081882379F1F20123ADFB96FB
:1072A0003181428153816481758186819781A2E019
:1072B0000E943C5209F104F18091EC0A8230A0F462
:1072C000FDE0F89F900111242E52354F9CE0F20111
:1072D000E85BFF4FD90101900D929A95E1F7F90112
:1072E00004878F5F8093EC0A909EF001919EF00DD1
:1072F0001124EB5DF24F1082F3E94F0E511C013067
:10730000110509F010CF8091EC0A823011F50E942E
:10731000001A8823F1F0E091DE0AE11107CF809195
:10732000EB0A813009F00DCF62ED7AE00FED1AE043
:1073300021E040916E0DCE0101960E94311621E0B0
:107340004091010EB801CE0101960E9431161092B3
:10735000EC0A8091250D882309F453CB8091B80D58
:10736000882309F44ECB2091190D30911A0D4091CC
:107370001B0D50911C0D60911D0D70911E0D809183
:107380001F0D9091200DA2E00E943C5209F00CF4D8
:1073900038CB2091AC0D3091AD0D4091AE0D509198
:1073A000AF0D6091B00D7091B10D8091B20D9091C3
:1073B000B30D0E943C5209F00CF423CB8091B00E27
:1073C0008111D2CE8091AF0E833009F4E3CE8530A7
:1073D00009F013CB21E040916E0D66E27DE0CE0115
:1073E00001960E94311621E04091010E69EB7DE08B
:1073F000CE0101960E94311646E25DE069EB7DE028
:10740000CE01835B9F4F0E94860D6296AFAC629760
:107410006396BFAC63976496CFAC64976596DFAC18
:1074200065976696EFAC66976796FFAC6797689628
:107430000FAD689769961FAD69972090B90D309090
:10744000BA0D4090BB0D5090BC0D25962CAE3DAEB4
:107450004EAE5FAE25972696AFAE26972796BFAE67
:1074600027972896CFAE28972996DFAE29972A9698
:10747000EFAE2A972B96FFAE2B972C960FAF2C973B
:107480002D961FAF2D9761968CAD9DADAEADBFAD66
:107490006197B7FF35C09501A601B701C801A0E00B
:1074A0000E943C5269F120E030E145EA54ED68EE7B
:1074B00070E080E090E00E942A5226962FAF269737
:1074C00027963FAF279728964FAF289729965FAF0B
:1074D00029972A966FAF2A972B967FAF2B972C96DA
:1074E0008FAF2C972D969FAF2D9721E0221A310850
:1074F0004108510825962CAE3DAE4EAE5FAE2597A5
:1075000021E043E452CE1F920F920FB60F92112446
:107510002F933F938F939F93AF93BF938091960B3D
:107520009091970BA091980BB091990B3091950B7E
:1075300023E0230F2D3758F50196A11DB11D20938F
:10754000950B8093960B9093970BA093980BB09309
:10755000990B80919A0B90919B0BA0919C0BB091F1
:107560009D0B0196A11DB11D80939A0B90939B0BCF
:10757000A0939C0BB0939D0BBF91AF919F918F9166
:107580003F912F910F900FBE0F901F90189526E8F6
:10759000230F0296A11DB11DD2CF1F920F920FB6DD
:1075A0000F9211240BB60F922F933F934F935F933B
:1075B0006F937F938F939F93AF93BF93EF93FF93BB
:1075C00081E49CE00E94A40CFF91EF91BF91AF91E8
:1075D0009F918F917F916F915F914F913F912F91EB
:1075E0000F900BBE0F900FBE0F901F9018951F921B
:1075F0000F920FB60F9211240BB60F922F938F9309
:107600009F93EF93FF93E091510CF091520C808186
:10761000E091570CF091580C82FD1DC09081809133
:107620005A0C8F5F8F7320915B0C821741F0E091B1
:107630005A0CF0E0EF5BF34F958F80935A0CFF915B
:10764000EF919F918F912F910F900BBE0F900FBED6
:107650000F901F9018958081F2CF1F920F920FB656
:107660000F9211240BB60F922F933F934F935F937A
:107670006F937F938F939F93AF93BF93CF93EF932A
:10768000FF9390910601C091C30A8091C20A309184
:10769000C10A292F209523238923822B20916D0055
:1076A000C927C223C8239093C30ACC23C1F1C0FFCA
:1076B00005C0E091B10AF091B20A1995C1FF05C069
:1076C000E091B30AF091B40A1995C2FF05C0E091A8
:1076D000B50AF091B60A1995C3FF05C0E091B70A43
:1076E000F091B80A1995C4FF05C0E091B90AF0916C
:1076F000BA0A1995C5FF05C0E091BB0AF091BC0A12
:107700001995C6FF05C0E091BD0AF091BE0A199512
:10771000C7FF05C0E091BF0AF091C00A1995FF911B
:10772000EF91CF91BF91AF919F918F917F916F9189
:107730005F914F913F912F910F900BBE0F900FBE15
:107740000F901F9018951F920F920FB60F92112451
:107750000BB60F922F933F934F935F936F937F934B
:107760008F939F93AF93BF93CF93EF93FF9390919A
:107770000301C091B00A8091AF0A3091AE0A292F5F
:10778000209523238923822B2091AD0AC927C22368
:10779000C8239093B00ACC2389F1C0FF05C0E091C3
:1077A0009F0AF091A00A1995C1FF05C0E091A10AB6
:1077B000F091A20A1995C2FF05C0E091A30AF091C9
:1077C000A40A1995C3FF05C0E091A50AF091A60A85
:1077D0001995C4FF05C0E091A70AF091A80A199570
:1077E000C5FF05C0E091A90AF091AA0A1995C6FF44
:1077F00005C0E091AB0AF091AC0A1995FF91EF91A9
:10780000CF91BF91AF919F918F917F916F915F9138
:107810004F913F912F910F900BBE0F900FBE0F9085
:107820001F9018951F920F920FB60F9211240BB64E
:107830000F922F933F934F935F936F937F938F9309
:107840009F93AF93BF93CF93EF93FF9393B1C09167
:107850009E0A80919D0A30919C0A292F209523230E
:107860008923822B20916B00C927C223C8239093C0
:107870009E0ACC23C1F1C0FF05C0E0918C0AF091B3
:107880008D0A1995C1FF05C0E0918E0AF0918F0A0B
:107890001995C2FF05C0E091900AF091910A1995DF
:1078A000C3FF05C0E091920AF091930A1995C4FFB5
:1078B00005C0E091940AF091950A1995C5FF05C09D
:1078C000E091960AF091970A1995C6FF05C0E091DC
:1078D000980AF091990A1995C7FF05C0E0919A0A94
:1078E000F0919B0A1995FF91EF91CF91BF91AF91C4
:1078F0009F918F917F916F915F914F913F912F91C8
:107900000F900BBE0F900FBE0F901F9018951F92F7
:107910000F920FB60F9211240BB60F922F933F9335
:107920004F935F936F937F938F939F93AF93BF9387
:10793000EF93FF93E0918A0AF0918B0A1995FF91DA
:10794000EF91BF91AF919F918F917F916F915F91D7
:107950004F913F912F910F900BBE0F900FBE0F9044
:107960001F9018951F920F920FB60F9211240BB60D
:107970000F922F933F934F935F936F937F938F93C8
:107980009F93AF93BF93EF93FF93E091880AF09199
:10799000890A1995FF91EF91BF91AF919F918F91B6
:1079A0007F916F915F914F913F912F910F900BBEFF
:1079B0000F900FBE0F901F9018951F920F920FB649
:1079C0000F9211240BB60F922F933F934F935F9317
:1079D0006F937F938F939F93AF93BF93EF93FF9397
:1079E000E091860AF091870A1995FF91EF91BF9176
:1079F000AF919F918F917F916F915F914F913F9147
:107A00002F910F900BBE0F900FBE0F901F901895E7
:107A10001F920F920FB60F9211240BB60F922F9355
:107A20003F934F935F936F937F938F939F93AF9306
:107A3000BF93EF93FF93E091840AF091850A199523
:107A4000FF91EF91BF91AF919F918F917F916F9136
:107A50005F914F913F912F910F900BBE0F900FBEF2
:107A60000F901F9018951F920F920FB60F9211242E
:107A70000BB60F922F933F934F935F936F937F9328
:107A80008F939F93AF93BF93EF93FF93E091820AFD
:107A9000F091830A1995FF91EF91BF91AF919F915A
:107AA0008F917F916F915F914F913F912F910F90A7
:107AB0000BBE0F900FBE0F901F9018951F920F9244
:107AC0000FB60F9211240BB60F922F933F934F9343
:107AD0005F936F937F938F939F93AF93BF93EF9336
:107AE000FF93E091800AF091810A1995FF91EF913F
:107AF000BF91AF919F918F917F916F915F914F91C6
:107B00003F912F910F900BBE0F900FBE0F901F90C3
:107B100018951F920F920FB60F9211240BB60F9269
:107B20002F933F934F935F936F937F938F939F9385
:107B3000AF93BF93EF93FF93E0917E0AF0917F0A9A
:107B40001995FF91EF91BF91AF919F918F917F9187
:107B50006F915F914F913F912F910F900BBE0F90BE
:107B60000FBE0F901F9018951F920F920FB60F9295
:107B700011240BB60F922F933F934F935F936F9304
:107B80007F938F939F93AF93BF93EF93FF93E09176
:107B90007C0AF0917D0A1995FF91EF91BF91AF9109
:107BA0009F918F917F916F915F914F913F912F9115
:107BB0000F900BBE0F900FBE0F901F901895CF9295
:107BC000DF92EF92FF920F931F93CF93DF93E1E445
:107BD000FCE01382128288EE93E0A0E0B0E08483A0
:107BE0009583A683B78382E392E09183808385ECBB
:107BF00090E09587848784EC90E09787868780EC77
:107C000090E0918B808B81EC90E0938B828B82EC67
:107C100090E0958B848B86EC90E0978B868B118E11
:107C2000128E138E148E8CE080938B0E8093040E34
:107C3000CEEDDCE084E090E09983888380E38A8362
:107C400082E090E09C838B838AE090E09E838D832A
:107C500086E090E098878F8384E490E09A87898714
:107C600061E084E00E94370B60E08D810E94370B59
:107C700061E08F810E94370B60E08B810E94370B9F
:107C800061E089850E94370B85E090E09093720D4A
:107C90008093710D81E38093730D04E71DE083E011
:107CA00090E0F8019183808386E7C82E8DE0D82E7E
:107CB0008BE090E0F6019183808398E7E92E9DE0C8
:107CC000F92E87E090E0F70191838083CAE7DDE039
:107CD00085E490E09983888361E085E00E94370B1A
:107CE00060E0F60180810E94370B61E0F70180813E
:107CF0000E94370B60E0F80180810E94370B61E041
:107D00008881DF91CF911F910F91FF90EF90DF90CD
:107D1000CF900C94370BCF93DF93CDB7DEB7CC5118
:107D2000D1400FB6F894DEBF0FBECDBF789484B5B6
:107D3000826084BD84B5816084BD85B5826085BD67
:107D400085B5816085BD80916E00816080936E00F5
:107D500010928100809181008260809381008091E7
:107D60008100816080938100809180008160809398
:107D700080008091B10084608093B1008091B00058
:107D800081608093B0008091910082608093910027
:107D9000809191008160809391008091900081603A
:107DA000809390008091A10082608093A1008091D7
:107DB000A10081608093A1008091A00081608093E8
:107DC000A000809121018260809321018091210196
:107DD0008160809321018091200181608093200146
:107DE00080917A00846080937A0080917A0082602A
:107DF00080937A0080917A00816080937A008091EC
:107E00007A00806880937A001092C1001E0128E8F1
:107E1000220E311CC1010196C55EDE4F9983888315
:107E2000CB51D14060E082E10E94370B61E08CE0F1
:107E30000E94370B61E08DE00E94370B61E082E425
:107E40000E94370B61E083E40E94370B61E081E41C
:107E50000E94370B80910801806480930801809113
:107E600008018061809308018091080180688093F7
:107E7000080180910801806280930801BE01615F62
:107E80007E4F80EF9FE00E948C1DB10184EF9FE048
:107E90000E948C1DC15FDE4F88819981AA81BB81C0
:107EA000CF50D1408F3FEFEF9E07AE07BE0709F0DE
:107EB00094C0F10180819181A281B3818F3F9F4F56
:107EC000AF4FBF4F09F097C087E694E00E94211B97
:107ED00086E30E94680BBC01990F880B990B611512
:107EE00071058105910511F00E94E9490E949A49A6
:107EF0002FEF3FEF40E050E00E94AA4FC15FDE4FFE
:107F0000688379838A839B83CF50D14089E30E9421
:107F1000680BBC01990F880B990B611571058105E0
:107F2000910511F00E94E9490E949A492FEF3FEF15
:107F300040E050E00E94AA4FD1016D937D938D9354
:107F40009C931397BE01615F7E4F80EF9FE00E947C
:107F5000F21DB10184EF9FE00E94F21DF1018381C7
:107F60008F9382818F9381818F9380818F93CE5E57
:107F7000DE4F8881C251D1408F93CF5EDE4F888122
:107F8000C151D1408F93C05FDE4F8881C051D14035
:107F90008F93C15FDE4F8881CF50D1408F932CE803
:107FA00034E03F932F9387E69BE09F938F930E944B
:107FB000CB5289E795E00E94331B87E69BE00E9445
:107FC000211B6CE47DE180E090E00E94A40B0FB6E1
:107FD000F894DEBF0FBECDBF0EC0892B8A2B8B2B32
:107FE00051F4F10180819181A281B381892B8A2B87
:107FF0008B2B09F469CFD10113968C9113978F9332
:1080000012968C9112978F9311968C9111978F9352
:108010008C918F93CE5EDE4F8881C251D1408F9379
:10802000CF5EDE4F8881C151D1408F93C05FDE4F5C
:108030008881C051D1408F93C15FDE4F8881CF507E
:10804000D1408F93ECE8F4E0FF93EF9387E69BE059
:108050009F938F930E94CB5290E080E00E94944FB8
:108060000FB6F894DEBF0FBECDBF8C3009F4EEC161
:108070000E94380D60E072EC81E090E00E94F5090A
:108080006CED75E080E090E00E94A40B81E49CE040
:108090000E94180D87E994E00E94211B8CE0D10119
:1080A0008C9341E150E06DE172E0C55EDE4F888166
:1080B0009981CB51D1400E947F5284E4F101828B9F
:1080C00041E150E067E67BE0C10143960E947F52A8
:1080D000D10194961C92949795961C92959780E85E
:1080E00096968C93969786E997968C93979788E9BE
:1080F00098968C93989799961C9299979A961C9219
:108100009A979B961C929B979C961C929C979D96E7
:108110001C929D979E961C929E9781EE9F968C93A3
:108120009F9785EFD0968C93D09785E0D1968C93CE
:10813000D197D2961C92D297D3961C92D397D4966D
:108140001C92D497D5961C92D59784E190E0D7964F
:108150009C938E93D69785E090E0D9969C938E93CE
:10816000D897DB961C921E92DA978BE090E0DD9612
:108170009C938E93DC9780E5DE968C9380E092EC66
:10818000A1E0B0E0F101FF9680839183A283B383E5
:1081900081E4C353DF4F8883CD5CD04082E4C25377
:1081A000DF4F8883CE5CD040C153DF4F1882CF5C55
:1081B000D040C053DF4F1882C05DD040CF52DF4F58
:1081C0001882C15DD040CE52DF4F1882C25DD040D0
:1081D000CD52DF4F1882C35DD040CC52DF4F1882A2
:1081E000C45DD040CB52DF4F1882C55DD040CA522B
:1081F000DF4F1882C65DD040C952DF4F1882C75D7D
:10820000D040C852DF4F1882C85DD040C752DF4F00
:108210001882C95DD040C652DF4F1882CA5DD04077
:10822000C552DF4F1882CB5DD040C452DF4F188259
:10823000CC5DD040C352DF4F1882CD5DD040C252DA
:10824000DF4F1882CE5DD04082E5C553DF4F888373
:10825000CB5CD040C453DF4F8883CC5CD04094ECDF
:10826000C152DF4F9883CF5DD04089E0C052DF4FCD
:108270008883C05ED040CF51DF4F1882C15ED040AE
:10828000CE51DF4F1882C25ED040CD51DF4F1882F1
:10829000C35ED040CC51DF4F1882C45ED040CB517A
:1082A000DF4F1882C55ED040CA51DF4F1882C65ECC
:1082B000D040C951DF4F9883C75ED040C851DF4FCF
:1082C0008883C85ED040C751DF4F1882C95ED04056
:1082D000C651DF4F1882CA5ED040C551DF4F1882A9
:1082E000CB5ED040C451DF4F1882CC5ED040C3512A
:1082F000DF4F1882CD5ED040C251DF4F1882CE5E74
:10830000D040C151DF4F1882CF5ED040C051DF4F07
:108310001882C05FD040CF50DF4F1882C15FD0407D
:10832000CE50DF4F1882C25FD040CD50DF4F188251
:10833000C35FD040CC50DF4F1882C45FD040CB50D9
:10834000DF4F1882C55FD040CA50DF4F1882C65F2A
:10835000D040C950DF4F1882C75FD040C850DF4FB0
:108360001882C85FD040C750DF4F1882C95FD04025
:10837000C650DF4F1882CA5FD040C550DF4F188209
:10838000CB5FD040C450DF4F1882CC5FD040C35089
:10839000DF4F1882CD5FD040C250DF4F1882CE5FD2
:1083A000D040C150DF4F1882CF5FD040C050DF4F68
:1083B0001882C050D140CF5FDE4F1882C150D140EB
:1083C000CE5FDE4F1882C250D140CD5FDE4F1882A3
:1083D000C350D140CC5FDE4F1882C450D140CB5F38
:1083E000DE4F1882C550D140CA5FDE4F1882C6509A
:1083F000D140C95FDE4F1882C750D140C85FDE4F01
:108400001882C850D140C75FDE4F1882C950D14092
:10841000C65FDE4F1882CA50D140C55FDE4F18825A
:10842000CB50D140C45FDE4F1882CC50D140C35FE7
:10843000DE4F1882CD50D140C25FDE4F1882CE5041
:10844000D140B10190E080E00E944D1EEBE88E2EFD
:10845000EEE09E2E10E000E0C8010E94944FF4016F
:1084600081934F010F5F1F4F07381105A9F70E9435
:10847000380D6091CA0E7091CB0E8091CC0E909108
:10848000CD0E0E94F5096CED75E080E090E00E9451
:10849000A40B81E49CE00E94180D9FB7F894809192
:1084A000780B882319F081508093780B8091780B9A
:1084B000811105C08CB58F7B8CBD1092400C9FBF85
:1084C0001FB7F8948091780B811127C0E7E3F2E1A0
:1084D0008491EDE7F2E19491E82FF0E0EE0FFF1FB9
:1084E000EC54FE4EA591B491EC91E92321F461E0A6
:1084F00085E30E94090B61E085E30E94370B8CB590
:1085000080618CBD8CB580648CBD61E084E30E9489
:10851000370B61E083E30E94370B8091780B8F5F0C
:108520008093780B1FBF83E492E00E94211B8CEBA9
:1085300094E00E94211B8DED94E00E94211B83E4B6
:1085400092E00E94211B8DE095E00E94211B83E2B6
:1085500095E00E94211B87E8EBE8FEE0DE01119622
:1085600001900D928A95E1F76AE375E0C1010E94DE
:1085700078526DE172E0C1010E94595269E572E0E2
:10858000C1010E94595267E172E0C1010E94595233
:1085900065E876E0C1010E945952C1010E94411B69
:1085A00090E080E00E94944F9B89292F092E000CB7
:1085B000330B3F939F931F928F938DE495E09F938E
:1085C0008F933F922F920E94CB52C1010E94411B78
:1085D00063E775E0C1010E947852BE016C5E7F4F77
:1085E000C1010E945952C1010E94411B69E875E016
:1085F000C1010E9478520FB6F894DEBF0FBECDBF06
:10860000EDA1E830A0F4F0E08827E65FFC4B8F4F47
:108610000C946E5012438D4590459645934599456F
:108620009C459F4564EB75E0C1010E945952C10110
:108630000E94411B69EF75E0C1010E947852EBADC9
:10864000FCADD1010D900020E9F71E161F060CF4B9
:1086500079C2CD01FF93EF932AE036E03F932F9349
:1086600001979F938F930E94CB520F900F900F9082
:108670000F900F900F90C1010E94411B8EAD8F9300
:108680008DAD8F938CE496E09F938F933F922F92C2
:108690000E94CB52C1010E94411B26968FAD2697A6
:1086A000282F082E000C330B3F938F9325968FAD08
:1086B0002597282F082E000C330B3F938F9386E6C7
:1086C00096E09F938F933F922F920E94CB52C101CD
:1086D0000E94411B8FAD282F082E000C330B3F93B7
:1086E0008F9387E896E09F938F933F922F920E94FB
:1086F000CB52C1010E94411B24968FAD24978F93CA
:1087000023968FAD23978F9322968FAD22978F93C9
:1087100021968FAD21978F9384E996E09F938F9355
:108720003F922F920E94CB52C1010E94411B28967A
:108730008FAD2897282F082E000C330B3F938F9373
:1087400027968FAD2797282F082E000C330B3F93C9
:108750008F938AEA96E09F938F933F922F920E9485
:10876000CB520FB6F894DEBF0FBECDBFC1010E9441
:10877000411B8EA1882309F41EC2282F082E000C4D
:10878000330B3F938F938FEB96E09F938F933F92A2
:108790002F920E94CB520F900F900F900F900F903E
:1087A0000F90C1010E94411B9FA1CD5EDE4F9883B7
:1087B000C351D140A8A5CB5EDE4FA883C551D1409F
:1087C00049A45AA46BA47CA48DA49EA440E4A42E26
:1087D00052E4B52E6FE0C62ED12CE12CF12C00E036
:1087E00010E0292F3A2FA201B301C4010E940851C1
:1087F0005F934F933F932F93CD5EDE4F2881C351FC
:10880000D140CB5EDE4F3881C551D140A201B301CA
:10881000C4010E940A515F934F933F932F9387EEB9
:1088200096E09F938F933F922F920E94CB52C1016B
:108830000E94411BBFA5CD5EDE4FB883C351D1401E
:10884000E8A9CB5EDE4FE883C551D14049A85AA8BC
:108850006BA87CA88DA89EA82B2F3E2FA201B30148
:10886000C4010E9408515F934F933F932F93CD5EB5
:10887000DE4F2881C351D140CB5EDE4F3881C551D8
:10888000D140A201B301C4010E940A515F934F93EA
:108890003F932F9382E097E09F938F933F922F9285
:1088A0000E94CB52C1010E94411B88AD8F938FA9BA
:1088B0008F938EE197E09F938F933F922F920E9428
:1088C000CB52C1010E94411B64968FAD64978F9378
:1088D00063968FAD63978F9362968FAD62978F93F8
:1088E00061968FAD61978F932C968FAD2C978F9358
:1088F0002B968FAD2B978F932A968FAD2A978F93B8
:1089000029968FAD29978F938EE297E09F938F934F
:108910003F922F920E94CB520FB6F894DEBF0FBE4B
:10892000CDBFC1010E94411B8AAD8F9389AD8F934A
:108930008EE497E09F938F933F922F920E94CB52A9
:10894000C1010E94411BA4968FADA4978F93A3965B
:108950008FADA3978F93A2968FADA2978F93A19679
:108960008FADA1978F936C968FAD6C978F936B960D
:108970008FAD6B978F936A968FAD6A978F93699639
:108980008FAD69978F938EE597E09F938F933F927A
:108990002F920E94CB52C1010E94411BE4968FADE1
:1089A000E4978F93E3968FADE3978F93E2968FAD25
:1089B000E2978F93E1968FADE1978F93AC968FAD51
:1089C000AC978F93AB968FADAB978F93AA968FADE5
:1089D000AA978F93A9968FADA9978F9382E897E076
:1089E0009F938F933F922F920E94CB52C1010E947E
:1089F000411BCD57DF4F8881C358D0408F93CE574E
:108A0000DF4F8881C258D0408F93CF57DF4F888186
:108A1000C158D0408F93C058DF4F8881C058D04094
:108A20008F93EC968FADEC978F93EB968FADEB9782
:108A30008F93EA968FADEA978F93E9968FADE9977A
:108A40008F9384EA97E09F938F933F922F920E9497
:108A5000CB520FB6F894DEBF0FBECDBFC1010E944E
:108A6000411B8DE095E00E94211B83E492E00E946F
:108A7000211B8091930B8111A6C281EC97E00E948B
:108A8000211B83E492E00E94331B07E010E06AEFB1
:108A900070E080E090E00E94A40B8EE20E94130D33
:108AA00081E49CE00E948E0C892B09F08AC06AEF59
:108AB00070E080E090E00E94A40B8EE20E94130D13
:108AC00081E49CE00E948E0C892B09F07AC06AEF49
:108AD00070E080E090E00E94A40B8EE20E94130DF3
:108AE00081E49CE00E948E0C892B09F06AC06AEF39
:108AF00070E080E090E00E94A40B8EE20E94130DD3
:108B000081E49CE00E948E0C892B09F05AC0015030
:108B1000110909F0BCCF10E055C06CE975E084CDB7
:108B20006DEA75E081CD6EEB75E07ECD65EC75E0AC
:108B30007BCD68ED75E078CD67EE75E075CD6DEEB7
:108B400075E072CD8D0101501109EA30F10534F55F
:108B500021E030E080E090E0912C812CAAE0B0E0B0
:108B6000AC010E94C94F9B01BFEF8B1A9B0AE8150D
:108B7000F905A1F79F938F933F936F93FF93EF9323
:108B800087E196E09F938F931F930F930E94CB52A0
:108B90000FB6F894DEBF0FBECDBF6DCDFF93EF9340
:108BA000FF93EF9381E396E09F938F931F930F932F
:108BB0000E94CB52EDCF62ED76E0C1010E94785267
:108BC000F0CD11E080E492E00E94141B81E49CE06F
:108BD0000E948E0C892B29F081E49CE00E946C0C91
:108BE000F5CF112331F00E9490190E9456340E9453
:108BF0008A1CA090B10EB090B20EC090B30ED0906F
:108C0000B40EE090B50EF090B60E0091B70E109134
:108C1000B80E20E030E145EA54ED68EE70E080E007
:108C200090E00E940A5120938B0B30938C0B409361
:108C30008D0B50938E0B60938F0B7093900B8093E2
:108C4000910B9093920B8091B90E8093830B80913E
:108C5000BA0E8093840B8091BB0E8093850B80911C
:108C6000BC0E8093860B8091BD0E8093870B809104
:108C7000BE0E8093880B8091BF0E8093890B8091EC
:108C8000C00E80938A0BA091C10EB091C20ECB5E34
:108C9000DE4FB983A883C551D140B093820BA09316
:108CA000810B9EED492E9CE0592EE0EDFEE0C75E63
:108CB000DE4FF983E883C951D14022ED622E2EE0C8
:108CC000722E36E2832E3DE0932E26E63DE0CD5E09
:108CD000DE4F39832883C351D140C95EDE4F1982EC
:108CE0001882C751D140D201DB961C92F201FB964B
:108CF000118212821382148215821682178223E94E
:108D0000C95EDE4FE881F981C751D1402E9FD00165
:108D10002F9FB00D1124A252B34FFD013B961B961D
:108D20001C9211821282138214821582168217827B
:108D3000D2019B961C929B979C961C929C979D9609
:108D40001C929D979E961C929E979F961C929F9711
:108D5000D0961C92D097D1961C92D197D2961C9205
:108D6000F4011082118212821382148215821682FB
:108D7000178210861186128613861486158616862B
:108D80001786108A118A128A138A148A158A168AFB
:108D9000178A10AE11AE12AE13AE14AE15AE16AEEB
:108DA00017AEC75EDE4FE881F981C951D14081918C
:108DB000C75EDE4FF983E883C951D140CD5EDE4FF7
:108DC000A881B981C351D14018968C93F3012081B9
:108DD0003181428153816481758186819781F8E078
:108DE0006F0E711CD40158962C93589759963C934A
:108DF00059975A964C935A975B965C935B975C96FF
:108E00006C935C975D967C935D975E968C935E9772
:108E10005F969C93D3011896EC91D4019096EC93B5
:108E2000D3011996EC91D4019196EC93D3011A9643
:108E3000EC91D4019296EC93D3011B96EC91D40162
:108E40009396EC93D3011C96EC91D4019496EC93F9
:108E5000D3011D96EC91D4019596EC93D3011E9607
:108E6000EC91D4019696EC93D3011F96EC91D4012A
:108E70009796EC93D3015896EC91D4019896EC9385
:108E8000D3015996EC91D4019996EC93D3015A965B
:108E9000EC91D4019A96EC93D3015B96EC91D401BA
:108EA0009B96EC93D3015C96EC91D4019C96EC9349
:108EB000D3015D96EC91D4019D96EC93D3015E961F
:108EC000EC91D4019E96EC93D3015F96EC91D40182
:108ED0009F96EC939F97F301A0A4B1A4C2A4D3A43E
:108EE000E4A4F5A406A517A50E941552D0962C93CC
:108EF000D097D1963C93D197D2964C93D297D39654
:108F00005C93D397D4966C93D497D5967C93D5974E
:108F1000D6968C93D697D7969C93CD5EDE4FA8813C
:108F2000B981C351D1401D921D921D921C9213977D
:108F3000FD0114821582168217828091C70E9091CE
:108F4000C80E8D3091050CF04AC097FD80E08093EB
:108F500002028091C50E80930102F1E0F0939E0B16
:108F600060E0D2018C910E94090B65E070E080E026
:108F700090E00E94A40B61E0F20180810E94090B45
:108F800065E070E080E090E00E94A40BCB5EDE4FD5
:108F900028813981C551D14080E42A30310549F01A
:108FA00080EC2832310529F080E82230310509F4BF
:108FB00080E0CD5EDE4FA881B981C351D1401A96C1
:108FC0008C9311E011C01092930B13CE81E090E0CE
:108FD000C95EDE4F99838883C751D14084CE8CE02F
:108FE000B6CF112339F010E082E10E94E00A892B0C
:108FF000C1F3E7CFCD5EDE4FE881F981C351D140A7
:10900000428561E0C2010E94120F47E063E0C201A5
:109010000E94120F4091C30E66E0C2010E94120F1F
:1090200040E067E0C2010E94120FD20112968C91BB
:10903000803309F076C08091CE0E863409F076C078
:1090400088E08368CD5EDE4FE881F981C351D1406D
:109050008187C2010E949F0FC2010E94E714F3E9B9
:109060004F0E511C23E9820E911CCD5EDE4F88818C
:109070009981C351D1408D569F4FCD5EDE4F99836C
:109080008883C351D140C95EDE4FA881B981C751E1
:10909000D140119709F09ACF8091C90E803509F01F
:1090A00096C060ED77E080E090E00E94A40B61E064
:1090B0008EE30E94370B60E08EE30E94090B68EE9E
:1090C00073E080E090E00E94A40B82E10E94E00A3D
:1090D00021E0892B09F420E002E010E0822E912C9F
:1090E0008FE0682E712C82E10E94E00A88159905B4
:1090F000F9F4C3010197F1F703331105A0F70F5FEE
:109100001F4F0233110579F783E492E00E94211B7F
:1091100083E492E00E94211B86EE97E00E94211BCF
:10912000E2CF813319F48091CF0E87CF80E089CFD1
:1091300061E08EE30E94090B8EE30E94E00A892B16
:10914000D9F31092790B10927A0B10927B0B10923C
:109150007C0B10927D0B10927E0B10927F0B109265
:10916000800B42E066ED7BE082E10E94231A43E03F
:109170006AEF7BE082E00E94231A43E065E17CE035
:1091800083E00E94231A60E08EE30E94090B60E0F6
:109190008EE30E94370B8091940B81114FC083E4C2
:1091A00092E00E94211BE091AF0EE83008F046C02B
:1091B000F0E08827E152F74B8F4F0C946E50F44843
:1091C00003491249064909490C490F49484983E4B2
:1091D00092E00E94211B83E492E00E94211B80E127
:1091E00098E00E94211BA8CF8CE398E00E94331BDB
:1091F0008091C70E9091C80E0E94111D87E598E0DE
:109200000E94211B1BC088E698E0F0CF88E998E017
:10921000EDCF8CEB98E0EACF84ED98E0E7CF89E0E2
:1092200099E0EECF8EE399E00E94211B88E699E059
:109230000E94211B80E492E00E94141B809108018F
:109240008F7B80930801809108018F7E80930801B5
:10925000809108018F7780930801809108018F7DAC
:109260008093080180910801877F80930801809195
:10927000940B882381F01092940B81E0809300027C
:109280008CED99E00E94211B0E94550D0C94123F19
:109290008FEB99E0B5CF0E94E034F6CF8F929F928A
:1092A000AF92BF92CF92DF92EF92FF92CF93DF9374
:1092B000EC01688179818A819B8161157105810545
:1092C000910521F464E279ED8BE597E02DE133EF30
:1092D00041E050E00E94AA4F49015A019B01AC01B4
:1092E000A7EAB1E40E94C94F6B017C01ACEEB4EF78
:1092F000A50194010E94D74FC60ED71EE81EF91E85
:10930000F7FE06C081E0C81AD108E10880E8F80A33
:10931000C882D982EA82FB82C701B6019F77DF91BA
:10932000CF91FF90EF90DF90CF90BF90AF909F9044
:109330008F9008958F929F92AF92BF92CF92DF92BB
:10934000EF92FF92609103027091040280910502F6
:1093500090910602611571058105910521F464E281
:1093600079ED8BE597E02DE133EF41E050E00E948D
:10937000AA4F49015A019B01AC01A7EAB1E40E943E
:10938000C94F6B017C01ACEEB4EFA50194010E94C2
:10939000D74FC60ED71EE81EF91EF7FE06C081E0A5
:1093A000C81AD108E10880E8F80AC0920302D092F6
:1093B0000402E0920502F0920602C701B6019F770F
:1093C000FF90EF90DF90CF90BF90AF909F908F90E5
:1093D00008956093030270930402809305029093B2
:1093E000060208958F929F92AF92BF92CF92DF9222
:1093F000EF92FF920F931F93CF93DF935C017B015A
:109400006115710519F0DB018D939C9385010F5F48
:109410001F4FF501D0818D2F90E00E94504B6C01C1
:10942000892BB9F5DD32B9F50F5F1F4FD5011196C4
:10943000DC91C1E05801F1E0AF1AB10843E050E01F
:1094400068EE71E0C5010E946B4B892B69F56801DC
:1094500082E0C80ED11C45E050E063EE71E0C60129
:109460000E946B4B892B21F4680197E0C90ED11C37
:10947000E114F10419F0D701CD92DC9260E070E0C4
:1094800080E89FEFC111FFC060E070E080E89FE7D7
:10949000FAC05801BBCFDB3229F485010E5F1F4FA4
:1094A000F501D181C0E0C6CF43E050E060EE71E04D
:1094B000C5010E946B4B892BE9F0F80110E000E038
:1094C00020E030E0A9015F01B0ED8B2E8D0E89E028
:1094D0008815C8F19C2E689491F88C2F8870C2FF73
:1094E00016C0811102C00F5F1F4F3196D501DC916C
:1094F000C92DE9CFE114F10429F00E5F1F4FF701E8
:109500001183008360E070E080EC9FE7BCC088239B
:1095100011F001501109A5E0B0E00E94C94F9B0174
:10952000AC01220F331F441F551F280D311D411D53
:10953000511D283999E93907490799E15907A8F2D6
:10954000C6609C2ED2CFAEEF8A1206C0C3FD3CC0CF
:109550009C2E689493F8C9CFDF7DD534A9F580811E
:109560008D3239F4C061DF011296818162E070E0D2
:1095700006C0DF018B32C1F3119661E070E08053C9
:109580005D01A61AB70A8A30F8F4E0E8CE16ECE0DE
:10959000DE065CF4B601660F771F660F771FC60EF6
:1095A000D71ECC0CDD1CC80ED11C5D01FFEFAF1A1D
:1095B000BF0A8C9180538A30A8F1C4FF03C0D194B4
:1095C000C194D1080C0D1D1DC1FF09C0E114F104A7
:1095D00031F081E0A81AB108D701AD92BC92CA015E
:1095E000B9010E94CC4BC370C33009F490584B01B1
:1095F0005C0120E030E0A9010E94C74B882309F4F8
:1096000040C0C7E1D2E017FF05C0119501951109CF
:10961000CFEFD1E06E01B8E1CB1AD10880E2E82E9D
:10962000F12C0FC0D501B1CFFE01259135914591A7
:1096300054910E191F09C501B4010E942D4C4B0114
:109640005C01D501C4010E151F0574F72497F5942C
:10965000E794CC16DD06A9F78A2F880F8B2F881F79
:109660008F3F49F020E030E0A901C501B4010E941C
:10967000C74B811106C082E290E09093130F809354
:10968000120FC501B401DF91CF911F910F91FF908F
:10969000EF90DF90CF90BF90AF909F908F90089504
:1096A00091110C949C4E803219F089508550C8F766
:1096B0000895FB01DC010D900020E9F7119705905A
:1096C0000D920020E1F70895FB01DC0105900D9259
:1096D0000020E1F70895FB01DC014150504088F083
:1096E0008D9181341CF08B350CF4805E6591613472
:1096F0001CF06B350CF4605E861B611171F3990BE5
:109700000895881BFCCFDC01FB014150504058F00C
:1097100049F001900D920020C1F7E61BF70B31973D
:10972000CF0108951C9201900020E9F7F6CF0F9326
:109730001F93CF93DF93CDB7DEB72E970FB6F89474
:10974000DEBF0FBECDBF0E891F898EE08C831A83CA
:1097500009838FEF9FE79E838D83AE01465E5F4F47
:10976000688D798DCE0101960E949A4C2F813885A3
:10977000020F131FF80110822E960FB6F894DEBF69
:109780000FBECDBFDF91CF911F910F9108950E9421
:10979000094C08F481E00895E89409C097FB3EF471
:1097A00090958095709561957F4F8F4F9F4F99232E
:1097B000A9F0F92F96E9BB279395F69587957795AC
:1097C0006795B795F111F8CFFAF4BB0F11F460FF6C
:1097D0001BC06F5F7F4F8F4F9F4F16C0882311F0C4
:1097E00096E911C0772321F09EE8872F762F05C0D8
:1097F000662371F096E8862F70E060E02AF09A9573
:10980000660F771F881FDAF7880F9695879597F967
:109810000895990F0008550FAA0BE0E8FEEF161601
:109820001706E807F907C0F012161306E407F50754
:1098300098F0621B730B840B950B39F40A2661F0C8
:10984000232B242B252B21F408950A2609F4A1406B
:10985000A6958FEF811D811D08950E94404C0C94A8
:109860005A4F0E944C4F38F00E94534F20F09523DE
:1098700011F00C94434F0C94494F11240C948E4FCB
:109880000E946B4F70F3959FC1F3950F50E0551FE9
:10989000629FF001729FBB27F00DB11D639FAA2745
:1098A000F00DB11DAA1F649F6627B00DA11D661F94
:1098B000829F2227B00DA11D621F739FB00DA11DB5
:1098C000621F839FA00D611D221F749F3327A00D6F
:1098D000611D231F849F600D211D822F762F6A2F0B
:1098E00011249F5750409AF0F1F088234AF0EE0F70
:1098F000FF1FBB1F661F771F881F91505040A9F79D
:109900009E3F510580F00C94434F0C948E4F5F3F67
:10991000E4F3983ED4F3869577956795B795F795D8
:10992000E7959F5FC1F7FE2B880F911D9695879550
:1099300097F908952F923F924F925F926F927F9284
:109940008F929F92AF92BF92CF92DF92EF92FF924F
:109950000F931F93CF93DF9300D000D000D01F92BE
:109960001F92CDB7DEB77C013B018A01FC01178253
:109970001682838181FFDDC1CE0101965C01F70172
:109980009381F30193FD859193FF81913F0188239A
:1099900009F453C1853239F493FD859193FF819188
:1099A0003F01853229F4B70190E00E94B54EE7CF20
:1099B000912C212C312CFFE1F31538F08B3211F171
:1099C00090F4803209F1833229F137FC3CC020ED5C
:1099D000280F2A3050F536FE20C08AE0989E200DD0
:1099E0001124922E06C08D3291F0803371F7689465
:1099F00030F8F30193FD859193FF81913F0181112F
:109A0000DACF21C0689431F8689432F8F2CF6894C4
:109A100033F8EFCF689434F8ECCFEAE02E9E200DB7
:109A20001124222E689435F8E4CF8E3229F436FCC6
:109A300004C1689436F8DDCF8C3619F4689437F891
:109A4000D8CF8836B1F2982F9F7D95549330E0F0AF
:109A50008336A1F18337C1F1833509F063C0280152
:109A6000F2E04F0E511CF801C080D180692D70E0EA
:109A700036FC02C06FEF7FEFC6010E949F4E4C0183
:109A8000689437F882010AC00C5F1F4FFFE3F98327
:109A900088248394912C6501E89437F833FE2DC017
:109AA000522C8114910471F5552009F468CFB70147
:109AB00080E290E00E94B54E5A94F6CFF801808182
:109AC00089830E5F1F4FE4CF2801F2E04F0E511C37
:109AD000F801C080D180692D70E036FC02C06FEFC4
:109AE0007FEFC6010E94AA4E4C018201D5CFB7017B
:109AF00080E290E00E94B54E2A942814190409F0DF
:109B0000B0F7CECFF60137FC859137FE81916F011A
:109B1000B70190E00E94B54E51105A94F1E08F1AAF
:109B20009108BFCF843619F0893609F077C0F80163
:109B300037FE6BC060817181828193810C5F1F4F02
:109B4000F32DFF763F2E97FF09C090958095709575
:109B500061957F4F8F4F9F4F689437F82AE030E030
:109B6000A5010E94E54EC82ECA188C2C432C36FE47
:109B70000CC0E89440F8C91440F434FE05C032FC2F
:109B800003C0F32DFE7E4F2E892C44FEAAC0FE0199
:109B9000EC0DF11D8081803309F09CC0242D297EBD
:109BA000422E842D8870582E43FCAAC040FEA4C0CB
:109BB0009C2C821418F42C0C922C981844FEA6C0ED
:109BC000B70180E390E00E94B54E42FE09C088E7ED
:109BD00090E041FE02C088E590E0B7010E94B54EDA
:109BE000C91408F49FC0CA94D12C9FEFC91AD90A8E
:109BF000CA0CDB1CF60182916F01B70190E00E9454
:109C0000B54EAC14BD04B1F74FCF60817181072E02
:109C1000000C880B990B0E5F1F4F92CFD32CE8944A
:109C2000D4F82AE030E08537E1F1232D297FD22EC8
:109C30008F36A9F1F0F4883551F1F70186819781CB
:109C40002B960FB6F894DEBF0FBECDBFDF91CF913C
:109C50001F910F91FF90EF90DF90CF90BF90AF904A
:109C60009F908F907F906F905F904F903F902F903C
:109C70000895803749F0883701F7D4FE02C0689410
:109C8000D2F820E130E00DC06894D4F8F6CF34FE6D
:109C900003C0822F8660D82E20E132E002C028E087
:109CA00030E0F801D7FE0FC060817181828193811D
:109CB0000C5F1F4FA5010E94E54EC82ECA183D2C0F
:109CC000E89437F852CF6081718190E080E00E5FB8
:109CD0001F4FF0CF42FC02C0839463CF83948394E0
:109CE00060CF842D867809F45CCFF6CFB70180E28F
:109CF00090E00E94B54E83948214C0F3512C5ECF45
:109D0000522C5818821408F459CFF8CF842D867835
:109D100009F466CF8BE241FE80E247FC8DE2B70199
:109D200090E05CCFB70180E390E00E94B54E9A943A
:109D300057CF8FEF9FEF84CF992788270895FC0195
:109D40000590615070400110D8F7809590958E0F66
:109D50009F1F0895FC016150704001900110D8F7D9
:109D6000809590958E0F9F1F08950F931F93CF930B
:109D7000DF93182F092FEB018B8181FD09C01FEFA5
:109D80000FEF812F902FDF91CF911F910F910895A9
:109D900082FF14C02E813F818C819D812817390755
:109DA0003CF4E881F981CF0101969983888310837F
:109DB0008E819F8101969F838E83E3CFE885F9850D
:109DC000812F1995892BA1F3DACFFA01AA27283020
:109DD00051F1203181F1E8946F936E7F6E5F7F4F78
:109DE0008F4F9F4FAF4FB1E03ED0B4E03CD0670FF4
:109DF000781F891F9A1FA11D680F791F8A1F911D47
:109E0000A11D6A0F711D811D911DA11D20D009F496
:109E100068943F912AE0269F11243019305D3193D8
:109E2000DEF6CF010895462F4770405D4193B3E0C1
:109E30000FD0C9F7F6CF462F4F70405D4A3318F068
:109E4000495D31FD4052419302D0A9F7EACFB4E019
:109E5000A6959795879577956795BA95C9F70097D1
:109E60006105710508959B01AC010A2E0694579572
:109E7000479537952795BA95C9F7620F731F841FC9
:109E8000951FA01D089597F99F6780E870E060E036
:109E900008959FEF80EC089500240A941616170683
:109EA00018060906089500240A94121613061406CB
:109EB00005060895092E0394000C11F4882352F02E
:109EC000BB0F40F4BF2B11F460FF04C06F5F7F4FE6
:109ED0008F4F9F4F089557FD9058440F551F59F0CD
:109EE0005F3F71F04795880F97FB991F61F09F3F87
:109EF00079F087950895121613061406551FF2CFB0
:109F00004695F1DF08C0161617061806991FF1CFFF
:109F100086957105610508940895E894BB27662726
:109F20007727CB0197F90895F999FECF92BD81BDAE
:109F3000F89A992780B50895262FF999FECF1FBA70
:109F400092BD81BD20BD0FB6F894FA9AF99A0FBE62
:109F500001960895052E97FB1EF400940E94C14FB0
:109F600057FD07D00E94DC4F07FC03D04EF40C9441
:109F7000C14F50954095309521953F4F4F4F5F4FC2
:109F8000089590958095709561957F4F8F4F9F4F65
:109F900008950E94FE4FA59F900DB49F900DA49F21
:109FA000800D911D11240895B7FF0C94C94F0E9494
:109FB000C94F821B930B0895A1E21A2EAA1BBB1B4B
:109FC000FD010DC0AA1FBB1FEE1FFF1FA217B30785
:109FD000E407F50720F0A21BB30BE40BF50B661F9B
:109FE000771F881F991F1A9469F76095709580955F
:109FF00090959B01AC01BD01CF010895A29FB001D6
:10A00000B39FC001A39F700D811D1124911DB29FAC
:10A01000700D811D1124911D0895BEE304D008F434
:10A0200090E80895BFE322273327A9010E94734FC8
:10A0300060F19F5748F1B91740F1BFE3B91B992769
:10A04000B8503AF4660F771F881F991FB395D2F363
:10A0500016C0B8504AF0232F342F452F562F672FA4
:10A06000782F8827B850BAF7B85F49F0869577956A
:10A0700067955795479537952795BA95B9F716F48B
:10A080000E94495088940895889460E070E0CB0164
:10A090000895909580957095609550954095309570
:10A0A00021953F4F4F4F5F4F6F4F7F4F8F4F9F4FC8
:10A0B00008950E94094C08F48FEF0895DB018F93F7
:10A0C0009F930E94C94FBF91AF91A29F800D911D98
:10A0D000A39F900DB29F900D11240895EE0FFF1FC6
:10A0E000881F8BBF0790F691E02D1994DF93CF93D3
:10A0F0001F930F939A9DF02D219FF00D8B9DF00DD6
:10A100008A9DE02DF10D039FF00D029FE00DF11DE2
:10A110004E9DE00DF11D5E9DF00D4F9DF00D7F9366
:10A120006F93BF92AF925F934F93D5010E94FE4F02
:10A130008B01AC01D7010E94FE4FEB01E80FF91F24
:10A14000D6010E94C5502F913F91D6010E94FE4F2B
:10A15000C60FD71FE81FF91FAF91BF910E94C550CE
:10A160002F913F910E94FE4FC60FD71FE81FF91F86
:10A17000D6010E94FE4FE60FF71F9801BE01CF01E6
:10A180000F911F91CF91DF9108950E94FE4F460FCE
:10A19000571FC81FD91F08F43196089597FB57FF22
:10A1A0000C94DE509F938F930E94DE506E1B7F0BAA
:10A1B000AF91BF918A0B9B0B0895E894DF93CF93E7
:10A1C000FC01DB010E94FE4F7F936F93E9019A012E
:10A1D000AC01BF93AF933F932F93DF010E94FE4FDB
:10A1E00026F46C1B7D0B820B930B9E01EB01FC0193
:10A1F0000E94C550AF91BF912F913F910E94C550D1
:10A20000BE01CF01F9012F913F91CF91DF910895C8
:10A21000689401C0E894F92FF12B12F00C943C5192
:10A22000A0E0B0E0E6E1F1E50C94AE51092E059412
:10A2300022F40E949851112392F4F0E80F26FFEFC8
:10A24000E094F09400951095B094C094D094A194AB
:10A25000BF0ACF0ADF0AEF0AFF0A0F0B1F0B0E948B
:10A26000475107FC0E949851CDB7DEB7ECE00C9443
:10A27000CA51689401C0E8948F929F92CF93DF9364
:10A280000E944751DF91CF919F908F90089588242D
:10A290009924F401E401B0E49F93AA279A158B0452
:10A2A0009C04ED05FE05CF05D007A10798F4AD2F5E
:10A2B000DC2FCF2FFE2FE92D982C892E982F872F5A
:10A2C000762F652F542F432F322F2227B85031F786
:10A2D000BF9127C01B2EBF91BB27220F331F441FE6
:10A2E000551F661F771F881F991F881C991CEE1F1A
:10A2F000FF1FCC1FDD1FAA1FBB1F8A149B04EC0588
:10A30000FD05CE05DF05A007B10748F08A189B08B8
:10A31000EC09FD09CE09DF09A00BB10B21601A94ED
:10A32000E1F62EF49401AF01BE01CD01000C0895B9
:10A3300060957095809590953095409550952195B4
:10A340003F4F4F4F5F4F6F4F7F4F8F4F9F4F08953E
:10A350002F923F924F925F926F927F928F929F9235
:10A36000AF92BF92CF92DF92EF92FF920F931F9323
:10A37000CF93DF93CDB7DEB7CA1BDB0B0FB6F894D4
:10A38000DEBF0FBECDBF19942A88398848885F8404
:10A390006E847D848C849B84AA84B984C884DF8085
:10A3A000EE80FD800C811B81AA81B981CE0FD11D69
:10A3B0000FB6F894DEBF0FBECDBFED010895002E9D
:10A3C000083090F0982F872F762F652F542F432F2A
:10A3D000322F22270850F4CF220F331F441F551F5E
:10A3E000661F771F881F991F0A95B2F7002D0895E1
:10A3F00097FD1094002E083098F00850232F342F2A
:10A40000452F562F672F782F892F912DF4CF159434
:10A41000979587957795679557954795379527959C
:10A420000A95AAF71124002D08952A0D3B1D4C1DF5
:10A430005D1D6E1D7F1D801F911F08950024A7FDC7
:10A4400000942A0F301D401D501D601D701D801D81
:10A45000901D08952A193B094C095D096E097F0971
:10A46000800B910B08952A153B054C055D056E0583
:10A470007F058007910708950024A7FD00942A17FF
:10A48000300540055005600570058005900508956C
:10A490009111089581568A5108F480528558089583
:10A4A000FB01DC0102C001900D9241505040D8F7F1
:10A4B0000895FB01DC010D900020E9F71197019050
:10A4C0000D920020E1F70895FC018191861721F09B
:10A4D0008823D9F7992708953197CF010895FB0173
:10A4E000DC018D91019080190110D9F3990B089529
:10A4F000FB01DC0101900D920020E1F70895FB01C2
:10A50000DC014150504048F001900D920020C9F705
:10A5100001C01D9241505040E0F708950F931F93E2
:10A52000CF93DF93CDB7DEB72E970FB6F894DEBF8B
:10A530000FBECDBF0E891F89888D998D26E02C8393
:10A540001A83098397FF02C080E090E801979E83F9
:10A550008D83AE01445E5F4F6A8D7B8DCE01019687
:10A560000E949A4C4D815E8157FD0AC02F8138852B
:10A57000421753070CF49A01020F131FF8011082BF
:10A580002E960FB6F894DEBF0FBECDBFDF91CF91F0
:10A590001F910F9108950F931F93CF93DF93CDB722
:10A5A000DEB72E970FB6F894DEBF0FBECDBF0E8973
:10A5B0001F8986E08C831A8309838FEF9FE79E8330
:10A5C0008D83AE01465E5F4F688D798DCE01019619
:10A5D0000E949A4C2F813885020F131FF8011082B8
:10A5E0002E960FB6F894DEBF0FBECDBFDF91CF9190
:0AA5F0001F910F910895F894FFCF1A
:10A5FA0001020B0100000078026702560243023C86
:10A60A00022D0227021B0242455441000032303219
:10A61A0035313030372E31000000000000000000D4
:10A62A000000C60C300C5D0C180D8E0C6C0C800CE6
:10A63A000D0A002320004669726D776172652076E3
:10A64A00657273696F6E3A20002028002C20426FD1
:10A65A006172642073657269616C3A2000594553CE
:10A66A00003100256C642E2530366C64204D487A02
:10A67A002900256C642E2530366C64207573656359
:10A68A002900256C642F256C64290025642573290B
:10A69A00002564290025632F25632900256C752967
:10A6AA00004F4B202D2D2057726170204469676935
:10A6BA007473202564202D3E202564004F4B202DE5
:10A6CA002D20446563696D616C20506C616365730C
:10A6DA00202564202D3E202564004F4B202D2D205F
:10A6EA0053796E63204D6F6465202563202D3E20CB
:10A6FA002563004F4B202D2D20506F6C6C20436832
:10A70A00617261637465722000202D3E20004F4BF8
:10A71A00202D2D20436F61727365205469636B206D
:10A72A002573202D3E2025730050726F7044656C8E
:10A73A0061790054696D652044696C6174696F6E52
:10A74A0000666978656454696D6532004655444708
:10A75A004530004F4B202D2D2053746172742045D3
:10A76A006467652025632563202D3E2025632563C4
:10A77A00004F4B202D2D204368616E6E656C204E74
:10A78A00616D65732025632563202D3E2025632591
:10A79A00630023203130204D485A20526566657285
:10A7AA00656E6365206C6F73742100232050726597
:10A7BA00737320616E79206B657920746F207265DE
:10A7CA00737461727420616674657220726566655D
:10A7DA0072656E636520697320726573746F726542
:10A7EA00642E00232053746F7070696E67206D6544
:10A7FA0061737572656D656E747320666F7220631E
:10A80A006F6E6669672E2E2E002320466C7573685C
:10A81A00696E672070656E64696E67206D65617325
:10A82A007572656D656E7473206265666F726520F8
:10A83A00636F6E6669672E2E2E002320526573742D
:10A84A00617274696E67206D6561737572656D6595
:10A85A006E74732E2E2E004E6F2073657269616CB2
:10A86A00206E756D62657220666F756E642E2E2E6F
:10A87A00206D616B696E67206F6E65002530346CE0
:10A88A00582530346C58004E6F20636F6E666967C6
:10A89A0020666F756E642E202057726974696E6720
:10A8AA002064656661756C742E2E2E002320544137
:10A8BA00505220544943432054696D657374616D45
:10A8CA0070696E6720436F756E746572002320434A
:10A8DA006F7079726967687420323031362D323080
:10A8EA003235204E3855522C204B395452562C2092
:10A8FA004E48365A2C2057413859575100232323A2
:10A90A00232323232323232323232323232323230D
:10A91A0023230023205449434320436F6E6669670B
:10A92A0075726174696F6E3A2000536F667477614D
:10A93A0072652056657273696F6E3A2000454550FC
:10A94A00524F4D2056657273696F6E3A2025642CFA
:10A95A0020426F6172642056657273696F6E3A2085
:10A96A00256300426F6172642053657269616C20CD
:10A97A004E756D6265723A20004D65617375726538
:10A98A006D656E74204D6F64653A2000506169727E
:10A99A0065645F54696D657374616D700042696EB8
:10A9AA006172792054696D657374616D70005065C8
:10A9BA0072696F640054696D6520496E74657276B8
:10A9CA00616C20412D3E4200332D436F726E6572D9
:10A9DA00656420486174004465627567004E756C51
:10A9EA006C204F75747075740054696D6573746169
:10A9FA006D7020577261703A2000256420286E6FAE
:10AA0A00207772617029002564202877726170733B
:10AA1A0020617420256C75207365636F6E647329D9
:10AA2A000025642028777261707320617420316573
:10AA3A002564207365636F6E647329004F757470A3
:10AA4A00757420446563696D616C20506C6163653F
:10AA5A00733A2025640054726967676572204564F9
:10AA6A0067653A2025632028636830292C202563EE
:10AA7A002028636831290053796E634D6F64653A03
:10AA8A002025630053657269616C204261756420F8
:10AA9A00526174653A20256C75004368616E6E6573
:10AAAA006C204E616D65733A2025632F2563005033
:10AABA006F6C6C204368617261637465723A202519
:10AACA006300506F6C6C20436861726163746572D5
:10AADA003A206E6F6E6500436C6F636B205370652E
:10AAEA0065643A20256C642E2530366C64204D4806
:10AAFA007A00436F61727365207469636B3A20252B
:10AB0A006C642E2530366C6420757365630043616E
:10AB1A006C20506572696F64733A20256400507224
:10AB2A006F7044656C61793A20256C6420286368EB
:10AB3A0030292C20256C6420286368312900546947
:10AB4A006D656F75743A203078252E325800546935
:10AB5A006D652044696C6174696F6E3A20256C6476
:10AB6A002028636830292C20256C642028636831EA
:10AB7A00290046495845445F54494D45323A2025F3
:10AB8A006C642028636830292C20256C6420286393
:10AB9A00683129004655444745303A20256C6420DF
:10ABAA0028636830292C20256C64202863683129A1
:10ABBA000023205479706520616E79206368617280
:10ABCA00616374657220666F7220636F6E6669676F
:10ABDA00206D656E750023204E6F20434F415253FE
:10ABEA00455F434C4F434B2E2E2E20697320313044
:10ABFA00204D487A20636F6E6E65637465643F000A
:10AC0A002320496E207365636F6E64617279206DCB
:10AC1A006F646520616E642077616974696E67206C
:10AC2A00666F722073796E632E2E2E00232074694C
:10AC3A006D657374616D7020287365636F6E6473DC
:10AC4A002077697468200020646563696D616C20EF
:10AC5A00706C616365732900232070616972656491
:10AC6A00206368616E6E656C2D6F72646572207404
:10AC7A00696D657374616D7020287365636F6E64A6
:10AC8A007320776974682000232074696D652069D0
:10AC9A006E74657276616C20412D3E422028736580
:10ACAA00636F6E647320776974682000232070656F
:10ACBA0072696F6420287365636F6E6473207769A5
:10ACCA0074682000232074696D657374616D702047
:10ACDA006368302C206368313B20696E7465727634
:10ACEA00616C206368412D3E4220287365636F6E54
:10ACFA00647320776974682000232074696D653154
:10AD0A002074696D653220636C6F636B31206361F7
:10AD1A006C312063616C322050494373746F702028
:10AD2A00746F662074696D657374616D7000232099
:10AD3A0042696E6172792054696D657374616D70D0
:10AD4A00206D6F6465202D20313220627974652070
:10AD5A006672616D65733A00232068656164657285
:10AD6A002028307835352C30784141292C206368E9
:10AD7A00616E6E656C2028312062797465292C20F9
:10AD8A0050494373746F7020283420627974657354
:10AD9A00292C20746F6620283420627974657329FF
:10ADAA002C204352432028312062797465290023DC
:10ADBA00206E756C6C206F7574707574206D6F647D
:10ADCA0065202D206E6F2064617461002320526516
:10ADDA007374617274207265717565737465642C1D
:10ADEA00207265696E697469616C697A696E672037
:10ADFA0073797374656D2E2E2E004261756420522C
:10AE0A0061746500436C6F636B2053706565640001
:10AE1A00436F61727365205469636B005772617086
:10AE2A002044696769747300446563696D616C20C5
:10AE3A00506C616365730053746172742045646772
:10AE4A00650053796E63204D6F6465004368616ED7
:10AE5A006E656C204E616D657300506F6C6C20439B
:0AAE6A006861726163746572000094
:00000001FF
