:100000000C94D0090C94563D0C942B3D0C94003D5F
:100010000C94D53C0C94AA3C0C947F3C0C94543C1E
:100020000C94293C0C94B43B0C94453B0C94CF3A73
:100030000C94010A0C94010A0C94010A0C94010A14
:100040000C94010A0C94010A0C94010A0C94010A04
:100050000C94010A0C94010A0C94010A0C94253AA0
:100060000C94010A0C94993A0C946F3A0C94010A7E
:100070000C94010A0C94010A0C94010A0C94010AD4
:100080000C94010A0C94010A0C94010A0C94010AC4
:100090000C94010A0C94010A0C94010A0C94010AB4
:1000A0000C94010A0C94010A0C94010A0C94010AA4
:1000B0000C94010A0C94010A0C94010A0C94010A94
:1000C0000C94010A0C94010A0C94010A0C94010A84
:1000D0000C94010A0C94010A0C94010A0C94010A74
:1000E0000C94010A0C94E40B0C942C1E0C944920E3
:1000F0000C947B480C941C450C949C0C0C94F23290
:100100000C94CA0A0C94DD320C94D40C0C946C1B25
:100110000C94031C0C94813D0C94BA0A0C94230C8F
:100120000C9481480C941F450C94FD320C94194595
:100130000C9416450C94A50A0C9487480C947848A6
:100140000C94D2320C94BD480C943E0C0C94B442E6
:100150000C9469480C94C40A0C947E480C94080CC6
:100160000C94C00A0C9446260C94EA0A0C94DC0AFF
:100170000C9494500C940D1C0C94E1320C94B30A22
:100180000C94E50A0C94871E0C94E3320C946B0CCF
:100190000C9422450C94DF320C94E00A0C94D20AA1
:1001A0000C94B70A0C94E7320C94CE0A0C94260DEA
:1001B0000C9425450C9428450C94D80A0C9484483A
:1001C0000C94E5320C948E0C0C94EF1F0C94AF0A37
:1001D0000C94AB0A0C947A0C0C94E60A0C949B22B7
:1001E0004E414E494E495459494E46CDCCCC3D0A1C
:1001F000D7233C17B7D13877CC2B329595E6241FFF
:10020000B14F0A000020410000C84200401C4620B7
:10021000BCBE4CCA1B0E5AAEC59D744E756C6C208C
:100220004F757470757400446562756700332D43B3
:100230006F726E6572656420486174005065726902
:100240006F640054696D6520496E74657276616CE7
:1002500020412D3E420042696E6172792054696DE1
:10026000657374616D7000506169726564205469D2
:100270006D657374616D700054696D657374616D43
:10028000700046554447453020412F42207073206E
:1002900028652E672E2C2034302F3430206F7220AA
:1002A0003165362F326536293A2000466978656413
:1002B0002054696D653220412F42207073202865DB
:1002C0002E672E2C2034302F3430206F7220316571
:1002D000362F326536293A200054696D652044690D
:1002E0006C6174696F6E20412F4220707320286505
:1002F0002E672E2C2034302F3430206F7220316541
:10030000362F326536293A200050726F706167616E
:1003100074696F6E2044656C617920412F422070B2
:10032000732028652E672E2C2034302F3430206F18
:1003300072203165362F326536293A2000436F61CD
:10034000727365205469636B2070732028652E6773
:100350002E2C2031653820666F72203130302075A8
:1003600073293A2000436C6F636B20487A2028651C
:100370002E672E2C2031653720666F722031302099
:100380004D487A293A2000456E74657220456467AD
:10039000657320412F42202852206F722046293A4F
:1003A0002000456E74657220506F6C6C204368614C
:1003B00072616374657220282D20746F20636C65F0
:1003C0006172293A2000456E746572204E616D6538
:1003D0007320412F422028616E792074776F20634B
:1003E00068617273293A2000456E7465722050204E
:1003F0006F7220533A20004F7574707574204465F5
:1004000063696D616C20506C616365732028302EC8
:100410002E3132293A200057726170204469676991
:1004200074732028302E2E3130293A200000010428
:100430000505030304050604050607010001000382
:100440000201000001020304050607070605040374
:100450000201000702010007060504030201000370
:100460000201000001020304050607000102030463
:10047000050607020304050606075741524E494E7A
:10048000473A2046616C6C696E6720656467652039
:100490007472696767657220697320756E72656C26
:1004A0006961626C653B2075736520617420796FAA
:1004B0007572206F776E207269736B21004F4B202D
:1004C0002D2D20436C6F636B202573202D3E20253E
:1004D0007300496E76616C6964003B206E6F772013
:1004E000004F4B202D2D2042617564207261746590
:1004F0002077617320004368616E676573206B65C8
:1005000070742E004368616E67657320646973635D
:1005100061726465642E0032202D2044697363612A
:100520007264206368616E6765730031202D204B13
:10053000656570206368616E676573004F4B202DA1
:100540002D204D6F64652073657420746F20004307
:100550006F6E66696775726174696F6E206368613A
:100560006E67657320726571756972652072657357
:10057000746172742E2052657374617274696E674F
:100580002E2E2E00284368616E67657320617265A8
:100590002074656D706F72617279202D2077696C9F
:1005A0006C20726576657274206F6E20726573744C
:1005B0006172742900526573756D696E67206F7082
:1005C00065726174696F6E2077697468206E6577F3
:1005D0002073657474696E67732E004170706C7956
:1005E000696E6720636F6E66696775726174696FA3
:1005F0006E206368616E6765732E2E2E004F4B2050
:100600002D2D20257320256C642F256C64202D3E14
:1006100020256C642F256C6420707300202D2077BA
:100620007261707320617420316525642073656385
:100630006F6E647300202D20777261707320617477
:1006400020256C75207365636F6E64730001000074
:10065000000A00000064000000E80300001027000A
:1006600000A086010040420F008096980000E1F54E
:100670000500CA9A3B202D206E6F207772617000B2
:1006800033202D20526573657420616C6C20746F6B
:100690002064656661756C747320616E6420726598
:1006A00073746172740032202D204170706C792057
:1006B0006368616E67657320616E6420726573752F
:1006C0006D65206F7065726174696F6E0031202DE9
:1006D0002044697363617264206368616E67657347
:1006E00020616E6420657869740057202D20577250
:1006F000697465206368616E67657320746F204557
:100700004550524F4D202870657273697374206193
:1007100063726F73732072657374617274732900EE
:1007200056202D2053686F77206669726D7761724D
:10073000652076657273696F6E0053202D205368B3
:100740006F77207374617274757020696E666F00C4
:100750004D202D2053686F772074686973206D6574
:100760006E7520616761696E0048202D20536572A7
:1007700069616C2042617564205261746520286350
:10078000757272656E746C793A200047202D204195
:100790006476616E6365642073657474696E6773F3
:1007A000006E6F6E65290046202D20506F6C6C2006
:1007B0004368617261637465722028637572726543
:1007C0006E746C793A200045202D204368616E6E6E
:1007D000656C204E616D6573202863757272656E5D
:1007E000746C793A200044202D205072696D61723A
:1007F000792F5365636F6E64617279202863757217
:1008000072656E746C793A200043202D204F757408
:1008100070757420446563696D616C20506C616310
:100820006573202863757272656E746C793A200066
:1008300042202D2054696D657374616D702057726C
:1008400061702064696769747320286375727265CA
:100850006E746C793A200041202D204D6F64652024
:100860002863757272656E746C793A20003D3D2084
:100870005449434320436F6E6669677572617469BA
:100880006F6E203D3D00556E6B6E6F776E00437549
:100890007272656E74206D6F64653A200041382075
:1008A0002D204E756C6C204F757470757400413737
:1008B000202D204465627567004136202D20332DA0
:1008C000436F726E65726564204861740041352023
:1008D0002D20506572696F64004134202D205469C9
:1008E0006D6520496E74657276616C2041202D3EE5
:1008F0002042004133202D2042696E6172792054DC
:10090000696D657374616D70004132202D205061F6
:10091000697265642054696D657374616D7000411E
:1009200031202D2054696D657374616D70002D2D1B
:10093000204D6F6465202D2D004836202D20323348
:100940003034303020627073004835202D20313132
:100950003532303020627073202864656661756CB2
:100960007429004834202D2035373630302062700D
:1009700073004833202D20333834303020627073B8
:10098000004832202D20313932303020627073001F
:100990004831202D203936303020627073002D2DE3
:1009A0002053657269616C204261756420526174E4
:1009B000652053657474696E6773202D2D0047366A
:1009C000202D2046554447453020707320412F424A
:1009D000202863757272656E746C793A2000473511
:1009E000202D20666978656454696D6532207073C6
:1009F00020412F42202863757272656E746C793ABB
:100A000020004734202D2054696D652044696C61B5
:100A100074696F6E20412F42202863757272656E73
:100A2000746C793A20004733202D2050726F70612A
:100A3000676174696F6E2044656C61792070732002
:100A4000412F42202863757272656E746C793A206A
:100A5000004732202D20436F617273652054696313
:100A60006B207573202863757272656E746C793AA9
:100A700020004731202D20436C6F636B205370653D
:100A80006564204D487A202863757272656E746CB7
:100A9000793A20002D2D20416476616E63656420D3
:100AA00053657474696E6773202D2D003105000045
:100AB0000000000000000000000000000000000036
:100AC0000000000000000000008E0E00002D0A0251
:100AD00000000000000000000032050000000000DF
:100AE0000000000000000000000000000000000006
:100AF0000000000000008E0E00002D0A0200010020
:100B000000000000000033050000000000000000AD
:100B100000000000000000000000000000000000D5
:100B20000000008E0E00002D0A02000200000000EE
:100B3000000000340500000000000000000000007C
:100B400000000000000000000000000000000000A5
:100B50008E0E00002D0A02000300000000000000BD
:100B6000350500000000000000000000000000004B
:100B7000000000000000000000000000008E0E00D9
:100B8000002D0A02000400000000000000360500ED
:100B90000000000000000000000000000000000055
:100BA000000000000000000000008E0E00002D0A72
:100BB00002000500000000000000370500000000F2
:100BC0000000000000000000000000000000000025
:100BD000000000000000008E0E00002D0A0200063A
:100BE00000000000000000380500000000000000C8
:100BF00000000000000000000000000000000000F5
:100C0000000000008E0E00002D0A02000700000008
:100C1000000000003105000000000000000000009E
:100C200000000000000000000000000000000000C4
:100C300000A90E0000EB0902008025000000000062
:100C4000003205000000000000000000000000006D
:100C50000000000000000000000000000000A90EDD
:100C60000000EB090200004B00000000000033050B
:100C70000000000000000000000000000000000074
:100C80000000000000000000000000A90E0000EBC2
:100C9000090200009600000000000034050000007A
:100CA0000000000000000000000000000000000044
:100CB0000000000000000000A90E0000EB09020087
:100CC00000E1000000000000350500000000000009
:100CD0000000000000000000000000000000000014
:100CE0000000000000A90E0000EB09020000C20194
:100CF00000000000003605000000000000000000B9
:100D000000000000000000000000000000000000E3
:100D10000000A90E0000EB0902000084030000009F
:100D20000000310200650340420F00000000000097
:100D300024F400000000000000000000000000900B
:100D40000E0000F509020000000000000000003263
:100D500002003D0300E1F5050000000000E87648D0
:100D6000170000000000000000000000980E0000C6
:100D7000010A020000000000000000003303000927
:100D80000300000000000000000010A5D4E80000EF
:100D9000000000000000000000B10E00003B030155
:100DA000000000000000000000340300D902000031
:100DB0000000000000000010A5D4E80000000000C2
:100DC000000000000000C10E00004503010000000B
:100DD000000000000000350300AB0200000000002E
:100DE0000000000010A5D4E8000000000000000092
:100DF000000000D10E0000530301000000000000BD
:100E00000000003603008202000000000000000025
:100E10000010A5D4E8000000000000000000000061
:100E2000E10E00005E030100000000000000000071
:100E3000420000170400000000000000000A00004B
:100E400000000000000000000000000000A40E00F0
:100E5000000D0A0000000000000000000043000038
:100E6000F70300000000000000000C00000000007C
:100E700000000000000000000000A60E0000190A9B
:100E800000000000000000000000440100E8030032
:100E90000000000000000000000000000000005002
:100EA00053000000000000A80E0000280A00000007
:100EB00000000000000000450400C6030000000020
:100EC0000000000000000000000000000000000022
:100ED00000000000AF0E0000320A00000000000019
:100EE00000000000460100A2030000000000000016
:100EF00000000000000000000000000000000000F2
:100F0000008F0E0000400A000000000000000000FA
:100F100000540400870300000000000000000000EF
:100F20000000000000005246000000000000AD0E6E
:100F300000004F0A000000000000000000002843ED
:100F400068616E6765732077696C6C2074616B658E
:100F500020656666656374206166746572207265DB
:100F600073746172742900436F6E74696E75696E73
:100F70006720776974682063757272656E74207378
:100F8000657474696E67732E0032202D204E6F2CAD
:100F900020636F6E74696E7565207769746820636D
:100FA000757272656E742073657474696E67730010
:100FB00031202D205965732C207265737461727411
:100FC000206E6F770052657374617274206E6F7754
:100FD00020746F206170706C79206368616E676542
:100FE000733F004368616E6765732077726974743C
:100FF000656E20746F20454550524F4D202877690B
:101000006C6C2070657273697374206163726F73A6
:101010007320726573746172747329004545505270
:101020004F4D20636C65617265642E205265737448
:10103000617274696E672E2E2E00436C6561726951
:101040006E6720656E7469726520454550524F4D3C
:101050002E2E2E00454550524F4D20636C65617217
:101060002063616E63656C6C65642E0054797065F5
:1010700020275945532720746F20636F6E6669726D
:101080006D3A20005741524E494E473A2054686904
:10109000732077696C6C20636F6D706C6574656C20
:1010A000792065726173652074686520656E746966
:1010B000726520454550524F4D20696E636C7564D2
:1010C000696E672073657269616C206E756D62650B
:1010D00072210044656661756C747320777269745F
:1010E00074656E2E2052657374617274696E672E1A
:1010F0002E2E004170706C79696E67206368616E96
:1011000067657320616E6420726573756D696E67C3
:10111000206F7065726174696F6E2E2E2E004469A7
:1011200073636172646564206368616E6765732EC2
:101130000041010001FD329B2242020000D2320038
:101140000043020000E532000044020000E13200EA
:101150000045020000DF32000046020000DD3200E0
:101160000047010001E732492048010001F2320D39
:101170001C4D0000004626000053020000031C0026
:1011800000560200006C1B000057020000EF1F0019
:1011900000580200002C1E000054020000E3320040
:1011A0000031030000871E000032030000871E008C
:1011B0000033030000871E000034030000871E0078
:1011C00000556E6B6E6F776E20636F6D6D616E6430
:1011D0000000002100240027002A002D00300033E9
:1011E0000001010000040107010A0100002200259E
:1011F0000028002B002E0031003400020100000501
:101200000108010B01000020002300260029002C0A
:10121000002F003200000100000301060109010552
:10122000050505070508080808020202020A0A085F
:101230000804040404010101010101010103030385
:101240000303030303040707070C0C0C0C0C0C0C22
:101250000C0202020206060606060606060B0B0B29
:101260000B0B0B0B0B010210202008081020401064
:10127000204080020102010804020101020408105A
:101280002040808040201008040201800402018078
:1012900040201008040201080402010102040810A1
:1012A000204080010204081020408000000A0B0248
:1012B000090C0D0E080703040100000000000000E7
:1012C000000000000000000000000000000000001E
:1012D00000000000000000121110000000000000DB
:1012E00000000000000000000000000000000000FE
:1012F00000010000000A00000064000000E8030094
:101300000010270000A086010040420F0080969840
:101310000000E1F50500CA9A3B4368616E6765739A
:10132000206469736361726465642E0032202D202D
:1013300044697363617264206368616E67657300FA
:1013400031202D204B656570206368616E67657381
:10135000004368616E676573206B6570742E00537F
:1013600061766520746F20454550524F4D20776956
:1013700074682027572720616E642072657374613A
:10138000727420666F72206368616E676520746F87
:101390002074616B65206566666563742E00813D0F
:1013A00011241FBECFEFD1E2DEBFCDBF00E00CBFE6
:1013B0001AE0A0E0B2E0E6EFF4EA00E00BBF02C002
:1013C00007900D92AA35B107D9F72EE0AAE5BAE049
:1013D00001C01D92A33FB207E1F719E0C0EDD9E0CB
:1013E00000E006C021970109802FFE010E94EC4F0A
:1013F000CF3CD10780E00807A9F70E942D3E0C944E
:1014000079520C94000020911F0C222361F02FB719
:10141000F89430911F0C313049F43DB330931E0CD9
:101420003DB33DBB2FBF8CBD9DBD089520931E0CC9
:10143000FACFCF92DF92EF92FF926B017C01E091A5
:10144000300CF091310C82E08083C11481EED8061B
:10145000E104F104A1F060E079E08DE390E0A70100
:1014600096010E945A4F2150310941095109569560
:10147000479537952795211580E13807A8F0E09129
:10148000300CF091310C108260E874E88EE190E04D
:10149000A70196010E945A4F215031094109510973
:1014A0005695479537952795E0912C0CF0912D0C8A
:1014B0003083E0912E0CF0912F0C20831092380C89
:1014C000E091340CF091350C86E08083E091320C91
:1014D000F091330C808180618083E091320CF09137
:1014E000330C808188608083E091320CF091330C62
:1014F000808180688083E091320CF091330C808190
:101500008F7D8083FF90EF90DF90CF900895815082
:10151000823108F05AC0E82FF0E08827ED56F54FE9
:101520008F4F0C94EC4FB30AB70AA50AAB0AAF0A67
:10153000E50ABA0AC00AC40ACA0ACE0AD20AD80AF6
:10154000DC0AE50AE00AE60AEA0A809180008F7761
:10155000809380000895809180008F7DF9CF8091E5
:101560008000877FF5CF84B58F7784BD089584B5DB
:101570008F7DFBCF8091B0008F778093B00008956E
:101580008091B0008F7DF9CF809190008F7780930C
:1015900090000895809190008F7DF9CF8091900008
:1015A000877FF5CF8091A0008F778093A00008956A
:1015B0008091A0008F7DF9CF8091A000877FF5CF2B
:1015C000809120018F7780932001089580912001E0
:1015D0008F7DF9CF80912001877FF5CFCF93DF9367
:1015E000282F30E0F901E555FD4E8491F901EB59C2
:1015F000FD4ED491F901E15EFD4EC491CC23A1F0E2
:1016000081110E94870AEC2FF0E0EE0FFF1FEB5FC5
:10161000FD4EA591B491EC91ED2381E090E009F4A9
:1016200080E0DF91CF91089580E090E0FACF1F93A2
:10163000CF93DF93282F30E0F901E555FD4E8491DB
:10164000F901EB59FD4ED491F901E15EFD4EC491D3
:10165000CC23A9F0162F81110E94870AEC2FF0E00D
:10166000EE0FFF1FE551FE4EA591B4918FB7F89490
:10167000EC91111108C0D095DE23DC938FBFDF9170
:10168000CF911F910895DE2BF8CFCF93DF9390E099
:10169000FC01EB59FD4E2491815E9D4EFC0184912D
:1016A0008823D1F090E0880F991FFC01EF52FE4E85
:1016B000A591B491FC01E551FE4EC591D491611103
:1016C0000EC09FB7F8948C91E22FE0958E238C93F7
:1016D0002881E223E8839FBFDF91CF9108958FB7E0
:1016E000F894EC91E22BEC938FBFF6CF90917B00B6
:1016F000977F90937B008653806480937C008091D9
:101700007A00806480937A0080917A0086FDFCCF15
:10171000809178009091790008953FB7F894809176
:10172000790B90917A0BA0917B0BB0917C0B26B535
:10173000A89B05C02F3F19F00196A11DB11D3FBF09
:10174000BA2FA92F982F8827BC01CD01620F711DD8
:10175000811D911D42E0660F771F881F991F4A95D2
:10176000D1F708958F929F92AF92BF92CF92DF925E
:10177000EF92FF924B015C010E948D0B6B017C018B
:101780000E948D0B6C197D098E099F09683E73407C
:1017900081059105A8F321E0821A9108A108B108FA
:1017A00088EEC80E83E0D81EE11CF11C8114910460
:1017B000A104B10429F7FF90EF90DF90CF90BF9084
:1017C000AF909F908F9008952091580B3091590BB6
:1017D00040915A0B50915B0B60915C0B70915D0BCB
:1017E00080915E0B90915F0BA1E00E949C51209331
:1017F000580B3093590B40935A0B50935B0B6093EB
:101800005C0B70935D0B80935E0B90935F0B089560
:101810007091580B6091590B50915A0B40915B0B92
:1018200030915C0B20915D0B90915E0B80915F0B72
:10183000EDEBFCE073876487558746873787208BFD
:10184000918B828B08957091580B6091590B509138
:101850005A0B40915B0B30915C0B20915D0B90918A
:101860005E0B80915F0BEBE5FDE07083618352833B
:10187000438334832583968387830895AF92BF92F1
:10188000CF92DF92EF92FF920F931F93CF93DF934C
:101890006C017B018B01040F151FEB015E01AE187B
:1018A000BF08C017D10759F06991D601ED91FC919D
:1018B0000190F081E02DC6011995892B79F7C501BA
:1018C000DF91CF911F910F91FF90EF90DF90CF901C
:1018D000BF90AF900895FC01538D448D252F30E0CB
:1018E000842F90E0821B930B541710F0CF9608952D
:1018F00001970895FC01918D828D981761F0A28D5A
:10190000AE0FBF2FB11D5D968C91928D9F5F9F731F
:10191000928F90E008958FEF9FEF0895FC01918DD5
:10192000828D981731F0828DE80FF11D858D90E042
:1019300008958FEF9FEF0895FC01918D228D892FDF
:1019400090E0805C9F4F821B91098F7399270895C7
:1019500080E29CE00E949C0C21E0892B09F420E0AD
:10196000822F0895FC01A48DA80FB92FB11DA35A91
:10197000BF4F2C91848D90E001968F739927848FAF
:10198000A689B7892C93A089B1898C9183708064D2
:101990008C93938D848D981306C00288F389E02D73
:1019A00080818F7D80830895EF92FF920F931F9324
:1019B000CF93DF93EC0181E0888F9B8D8C8D981302
:1019C0001AC0E889F989808185FF15C09FB7F8940E
:1019D000EE89FF896083E889F9898081837080645A
:1019E00080839FBF81E090E0DF91CF911F910F91A5
:1019F000FF90EF900895F62E0B8D10E00F5F1F4FB4
:101A00000F731127E02E8C8D8E110CC00FB607FCC2
:101A1000FACFE889F989808185FFF5CFCE010E9450
:101A2000B20CF1CFEB8DEC0FFD2FF11DE35AFF4F00
:101A3000F0829FB7F8940B8FEA89FB8980818062DE
:101A4000CFCF682F80E29CE00C94D40CCF93DF932F
:101A5000EC01888D8823B9F0AA89BB89E889F989C6
:101A60008C9185FD03C0808186FD0DC00FB607FCFB
:101A7000F7CF8C9185FFF2CF808185FFEDCFCE012E
:101A80000E94B20CE9CFDF91CF91089580E29CE0F3
:101A90000E94260DE0E2FCE0A289B3898C918F7E42
:101AA0008C93A289B3898C91877F8C93A289B38907
:101AB0008C918F778C93A289B3898C918F7D8C9335
:101AC000828D818F089580E090E0892B29F00E941B
:101AD000A80C81110E94000080E090E0892B49F061
:101AE00080E090E0892B29F00E94000081110E9483
:101AF000000080E090E0892B49F080E090E0892BA5
:101B000029F00E94000081110E94000080E090E016
:101B1000892B49F080E090E0892B29F00E94000099
:101B200081110C94000008952F923F924F925F9282
:101B30006F927F928F929F92AF92BF92CF92DF92DD
:101B4000EF92FF920F931F93CF93DF93CDB7DEB742
:101B50002F970FB6F894DEBF0FBECDBFFC017F8775
:101B60006E875C874B8710821182128213821482E7
:101B70001582168217821086118612861386DB0163
:101B8000AB2B09F4D1C0DA01AB2B09F4CDC0DB01DA
:101B90008D909D90AD90BC90DA014D905D906D90D0
:101BA0007C90DB0114962C91149715963C91159717
:101BB00016964C91169717965C91179718966C91FC
:101BC000189719967C9119971A968C911A971B96CB
:101BD0009C91AB85BC8514962C90149715963C90DF
:101BE00015971696CC9016971796DC90179718961F
:101BF000EC9018971996FC9019971A960C911A97D1
:101C00001B961C9184149504A604B70409F4A6C07D
:101C1000B1E0B983481459046A047B040CF4A5C0EC
:101C20001982AB85BC854D905D906D907C90AE85A2
:101C3000BF854D915D916D917C91441A550A660A5C
:101C4000770AAB85BC8514963C9014971596BC9189
:101C5000BA83AB85BC851696BC91BB83AB85BC852E
:101C60001796BC91BC83AB85BC851896BC91BD838F
:101C7000AB85BC8519968C9019971A969C901A97EB
:101C80001B962C90AE85BF851496BC91BD87AE8502
:101C9000BF851596BC91BB87AE85BF851696BC9156
:101CA000BE83AE85BF851796BC91BF83AE85BF85C9
:101CB0001896BC91B887AE85BF851996BC91B98737
:101CC000AE85BF851A96BC91BA87AE85BF851B9637
:101CD000BC91BE87232D3A814B815C816D81782D2B
:101CE000892D922DAD84BB84CE80DF80E884F98479
:101CF0000A851B2F0E94B15108F440C00E94A851D0
:101D000059016A017B018C01A981AA2309F455C0FC
:101D10004082518262827382A482B582C682D78257
:101D2000E086F18602871387CF012F960FB6F894CD
:101D3000DEBF0FBECDBFDF91CF911F910F91FF90FE
:101D4000EF90DF90CF90BF90AF909F908F907F905B
:101D50006F905F904F903F902F900895A1E0A983DE
:101D600051010E94B15108F45BCF9B858C85AE85F3
:101D7000BF85BC87AB879E878F8753CF3A814B81C6
:101D80005C816D81305F4A455B4267417F4F8F4F79
:101D90009F4FAD84BB84CE80DF80E884F9840A85C0
:101DA0001E850E94A85159016A017B018C0121E026
:101DB000421A510861087108A7CF9501A601B70121
:101DC000C801A0E00E94BA5169F4709460945094E4
:101DD0004094411C511C611C711C408251826282E2
:101DE0007382A2CFD301C20180959095A095B09542
:101DF00080839183A283B38320E030E145EA54EDF0
:101E000068EE70E080E090E00E94A8512483358362
:101E100046835783608771878287938785CF8091B8
:101E20001F0C882361F09FB7F89420911F0C8091BC
:101E30001E0C213019F48DBB9FBF08958FBF0895EC
:101E40000F931F93CF93DF938C01C62FD42F80E580
:101E500091E00E94030A60E0F80187810E94170B5D
:101E6000C064CD27DC27CD270CB405FC17C0DEBD30
:101E700000000DB407FEFDCF8EB5CEBD00000DB441
:101E800007FEFDCF8EB561E0F80187810E94170B38
:101E9000DF91CF911F910F910C940F0FCEBD0000D9
:101EA0000DB407FEFDCF8EB5DEBD00000DB407FEFC
:101EB000FDCFE8CFFC01EF56FF4F408160E00C946E
:101EC000200F8EBD00000DB407FEFDCF8EB5089526
:101ED000CF92DF92EF92FF920F931F93CF93DF93F6
:101EE0008C01C62FD42EF52EE22E80E591E00E94C3
:101EF000030AF8018281803309F049C08091020110
:101F0000877F809302018C2F80680E94610FCD2D06
:101F1000DF2DF12C80E00E94610FC82E80E00E942E
:101F2000610FD82E80E00E94610F4C2D50E070E0D0
:101F300060E0BA0155274427480F511D611D711DEE
:101F40008D2D90E0982F8827480F591F611D711D16
:101F50004993599369937993F394EF10DBCFF80188
:101F600082818033C1F480910201886080930201F4
:101F70000E940F0F8FE090E00197F1F7DF91CF9172
:101F80001F910F91FF90EF90DF90CF900895809177
:101F900002018F7EB6CF809102018061E7CF1F934F
:101FA000CF93DF93EC0180E591E00E94030A60E0AB
:101FB0008F810E94170B82E00E94610F80E00E94D7
:101FC000610F182F61E08F810E94170B0E940F0F85
:101FD000412F62E0CE01DF91CF911F910C94200F31
:101FE0002F923F924F925F926F927F928F929F9229
:101FF000AF92BF92CF92DF92EF92FF920F931F9317
:10200000CF93DF93CDB7DEB7E5970FB6F894DEBF79
:102010000FBECDBF1C0123E0AE014F5F5F4F60E1FB
:102020000E94680F89819A81AB81BC81F101838B09
:10203000948BA58BB68B8D819E81AF81B885878F60
:1020400090A3A1A3B2A389859A85AB85BC85878B14
:10205000908FA18FB28F22E0AE014F5F5F4F6BE197
:10206000C1010E94680F89809A80AB80BC8089A2E0
:102070009AA2ABA2BCA2D10193968D929D92AD92F1
:10208000BC9296978D809E80AF80B8848DA29EA2D0
:10209000AFA2B8A697968D929D92AD92BC929A9758
:1020A00053968D909D90AD90BC9056978D8E9E8E40
:1020B000AF8EB8A25796CC9057975896DC90589709
:1020C0005996EC9059975A96FC905A975F968D9036
:1020D0009D90AD90BC9092978D869E86AF86B88A73
:1020E000F101E059FF4FB08001811281B381648119
:1020F00075812B2D302F412F5B2F86819781A0E09A
:10210000260137010E94BA5121F04B2C502E612E2E
:102110007B2EE091620BE9A7F091630BFAA7C090C8
:10212000640BD090650BE090660BF090670B00910C
:10213000680B1091690B2D853E854F855889BF012D
:10214000C6010E94DC4FF101E858FF4F808091806A
:10215000A280B3809B01AC01281939094A095B09A7
:10216000298F3A8F4B8F5C8F709730813D874181EB
:102170004E8752815F878381888B9481998BA5815B
:10218000AA8BB681BB8B87808C8A8091600B9091E3
:10219000610B01974C01990FAA08BB088D8A9E8A92
:1021A000AF8AB88E89288A288B2841F4812C912CFB
:1021B000540183948D8A9E8AAF8AB88E8D8D9E8DB0
:1021C000AF8DB8A184199509A609B7092C013D0165
:1021D000770C4408542C3201A9A4BAA49C01AD0187
:1021E000642D742D842D942D0E94F44F2D8F39A7CA
:1021F0004AA75BA76CA77DA78EA79FA759016A0175
:102200007B018C01A0E00E94BA5109F4A4C06DA129
:102210007EA18FA198A589A09AA0ABA0BCA06819A7
:1022200079098A099B0920E432E44FE050E0ED840B
:10223000FE840F8518892E193F09400B510B0E940F
:102240004C5079018A016B014C016D897E898F891F
:10225000988D22E030E040E050E00E94284F2901B4
:102260003A01550F220B322FA9012D873E874F8748
:10227000588B9701A801B601C40152016301ED8496
:10228000FE2C0E2D1E2D0E9493514D885E886F8866
:10229000788C770C4408542C3201AD88BE88CF88E6
:1022A000D88CE42CF42C042D142D0E9488502D87FA
:1022B000532E3A014B018D8B492EA0E00E94BA515A
:1022C00009F04CF431E03D87512C612C712C812CAC
:1022D000912C1D8A412C2D85352DA301B4018D89AA
:1022E000942D01E00E94765129A33DA348AB59AB40
:1022F0006AAB7BAB8CAB9DAB60E4A62E72E4B72ED1
:10230000EFE0CE2ED12CE12CF12C00E010E02D8D51
:1023100039A54AA55BA56CA57DA58EA59FA50E94A4
:10232000F44F59016A017B018C0129A13DA148A903
:1023300059A96AA97BA98CA99DA90E949351AD8432
:10234000B52C630174010D89142D0E948850590128
:102350006A017B018C01498C5A8C6B8C7C8C770CCC
:102360004408542C3201298D3A8D4B8D5C8D642D9F
:10237000742D842D942D0E9493517901F42FD52E24
:102380008B01B82FA92F203E34474A4F5540610595
:1023900071058105910561F05CF020EEE22E34E7D5
:1023A000F32EFAEF45E0D42E00E010E0B0E0A0E01C
:1023B000ED2D6D0197014F2F5E2FB8018D2D9A2FB6
:1023C000203E334944405105610571058105910561
:1023D00054F480EEE82E93E9F92EF4E0E0E000E01A
:1023E00010E0D12CC12CD1019B96EC929B979C962E
:1023F000FC929C979D96FC939D979E96EC939E973E
:102400009F960C939F97D0961C93D097D196DC9271
:10241000D197D296CC92D297AD5BBF4FCF01EC92C1
:102420001196FC92119712969C9312971396EC9327
:10243000C1010E94CF0FF10123A534A545A556A5E2
:1024400067A570A981A992A9E5960FB6F894DEBF99
:102450000FBECDBFDF91CF911F910F91FF90EF90F5
:10246000DF90CF90BF90AF909F908F907F906F90B4
:102470005F904F903F902F900895CF92DF92EF9210
:10248000FF920F931F93CF93DF93CDB7DEB72C97B7
:102490000FB6F894DEBF0FBECDBF8C010E94F00FC7
:1024A000D8019B962C939B979C963C939C979D96CA
:1024B0004C939D979E965C939E979F966C939F9747
:1024C000D0967C93D097D1968C93D197D2969C93AB
:1024D00069017A01C8010E945A0F85E589838AEA59
:1024E0008A83F801E057FF4F80818B83F894F801CD
:1024F000738564855585468587858089818982892C
:102500009B01CA0178943C832D839E838F83C88668
:10251000D986EA86FB86FE013396AE01445F5F4FA3
:1025200080E06CE8E417F50781F09191892798E045
:10253000282F30E03595279580FF05C0822F86270C
:102540009150B1F7EFCF822FFBCF8C8780E29CE0D8
:102550000E946B0C0C97D4F34CE050E0BE016F5F0F
:102560007F4F80E29CE00E943E0CD8011B967C913C
:102570001B971C966C911C971D965C911D971E963F
:102580004C911E971F963C911F9750962C915097F7
:1025900051969C91519752968C915297F801E05820
:1025A000FF4F7083618352834383348325839683F3
:1025B0008783E554F109DB962C9131814281538167
:1025C0006481758186819781A1E00E949C51D80128
:1025D000DB962C9331834283538364837583868394
:1025E000978381E02C960FB6F894DEBF0FBECDBF67
:1025F000DF91CF911F910F91FF90EF90DF90CF90DF
:1026000008952F923F924F925F926F927F928F9296
:102610009F92AF92BF92CF92DF92EF92FF920F9371
:102620001F93CF93DF93CDB7DEB764970FB6F894BF
:10263000DEBF0FBECDBF9A8B898B280139014A01BD
:102640001B01DC019B968C919B97D3968C93D3971F
:102650009C968C919C97D4968C93D4979D968C91B4
:102660009D97D5968C93D5979E968C919E97D6964E
:102670008C93D6979F968C919F97D7968C93D7974C
:10268000D0968C91D097D8968C93D897D1968C91E0
:10269000D197D9968C93D997D2968C91D297DA9676
:1026A0008C93DA97AC5ABF4FE989FA89E85BFF4F00
:1026B000FC83EB838CE001900D928A95E1F7898988
:1026C0009A890E94F00FA989BA899B962C939B97AF
:1026D0009C963C939C979D964C939D979E965C935D
:1026E0009E979F966C939F97D0967C93D097D19608
:1026F0008C93D197D2969C93D297CD010E945A0F7A
:10270000F894E989FA892385348545855685678556
:10271000708981899289E058FF4FA080B180C28082
:10272000D380E480F5800681178120833183428342
:102730005383648375838683978378940E94A8511A
:1027400052016301740181010E94F44FA989BA8981
:102750009B96AC909B979C96BC909C979D96CC909A
:102760009D979E96DC909E979F96EC909F97D09613
:10277000FC90D097D1960C91D197D2961C91D2977C
:102780000E94A851D396AC90D397D496BC90D4977E
:10279000D596CC90D597D696DC90D697D796EC90D8
:1027A000D797D896FC90D897D9960C91D997DA9666
:1027B0001C910E949351522E632E742E852E962EBC
:1027C0007983482EB92FA0E00E94BA510CF452C070
:1027D000E989FA89E45BFF4FA080B180C280D38091
:1027E000E480F580068117810E9493512083318314
:1027F000428353836483758386839783E080F1806B
:1028000002811381C480D580B681B7809701A80169
:10281000B6018B2F9B2D2F3FAFE03A07A5EA4A0761
:10282000A4ED5A07A8EE6A0771058105910509F024
:1028300008F475C03051454A544D684E71098109FC
:102840009109208331834283538364837583868314
:102850009783AB81BC814D915D916D917C91139774
:102860004F5F5F4F6F4F7F4F4D935D936D937C93A1
:102870001397C4CF7981842D9B2F0E9416512987ED
:102880003A874B875C876D877E878F87988B2988EF
:102890003A88ECE42E0E311CF101F081FB8BF10142
:1028A000F181FC8BF101A281F381FA83F101F481C2
:1028B000FD83F101F581FE83F101F681FF83F101D2
:1028C000F781F887AB88BC88CA2EDA80ED80FE805D
:1028D0000F811F2F0E94B15111F008F05BC0252D10
:1028E000362D472D582D692D7981842D9B2F0E94DF
:1028F0009351D1012C9311963C93119712964C93BE
:10290000129713965C93139714966C9314971596DD
:102910007C93159716968C93169717969C93E98936
:10292000FA89E95BFF4F81E08083E989FA89FB96A8
:10293000A989BA89DB962C913181428153816481C6
:10294000758186819781A1E00E949C51A989BA89ED
:10295000DB962C9331834283538364837583868310
:10296000978364960FB6F894DEBF0FBECDBFDF919C
:10297000CF911F910F91FF90EF90DF90CF90BF907C
:10298000AF909F908F907F906F905F904F903F900F
:102990002F90089529853A854B855C856D857E85C8
:1029A0008F859889AB88BC88DA80ED80FE800F81A6
:1029B00018850E94A85129013A014B0189839A8305
:1029C000A12C20E1B22E35EAC32E44EDD42E58EED0
:1029D000E52EF12C00E010E09201A3010E94B95015
:1029E000A1E00E949C5159016A01EB81FC81808128
:1029F0009181A281B3818A199B09AC09BD098083A9
:102A00009183A283B383A12C60E1B62E75EAC72E11
:102A1000E4EDDE2EF8EEEF2EF12C00E010E0920156
:102A2000A301B40189819A810E94B75059016A01BA
:102A30007B018C0120E030E145EA54ED68EE70E066
:102A400080E090E00E94A85154CFCF93DF93EC0137
:102A50000E94CF0FFE01EF56FF4F40814E7F60E096
:102A6000CE010E94200F6AE070E080E090E00E94BA
:102A7000B20BCE010E94CF0FCE010E945A0F1B8ACB
:102A80001C8A1D8A1E8A1F8A188E198E1A8E1B8E0A
:102A90001C8E1D8E1E8E1F8E18A219A21AA21BA29A
:102AA0001CA21DA21EA21FA218A619A61AA61BA62A
:102AB0001CA61DA61EA61FA618AA19AA1AAA1BAAFA
:102AC0001CAA1DAA1EAA1FAA18AE19AE1AAEFE0194
:102AD000ED5BFF4F108211821282138234961082B6
:102AE00031961082118212821382349610821182E2
:102AF00012821382148215821682178238961082EF
:102B000011821282138234961082118212821382F1
:102B10001482158216821782B89610821182128250
:102B200013821482158216821782389610821182BF
:102B300012821382C457DF4F188219821A821B82B5
:102B4000DF91CF910895CF92DF92EF92FF920F9392
:102B50001F93CF93DF938A01EA0126962AE0C22EC3
:102B6000D12CE12CF12CA70196010E945A4F605DF7
:102B70006A93B901CA01C017D107A9F7DF91CF91B4
:102B80001F910F91FF90EF90DF90CF9008952F92BB
:102B90003F924F925F926F927F928F929F92AF92ED
:102BA000BF92CF92DF92EF92FF920F931F93CF933A
:102BB000DF93CDB7DEB72C970FB6F894DEBF0FBE0C
:102BC000CDBF29833A834B835C836D837E838F8360
:102BD00098871801FA86E98680EAA82E97EFB92E21
:102BE00066ECC62E70E1D72EE12CF12C00E010E04F
:102BF00060E070E080E090E00E94F44F00E10E940D
:102C0000785129013A014B018C879B8729813A81B0
:102C10004B815C816D817E818F81988500E20E946D
:102C2000785100E00E94F44F00E10E945D5159018B
:102C30006A017B018C019201A301B4018C859B8503
:102C40000E94935100E20E947851422E532E642E2E
:102C5000752EA301920160E472E48FE090E00E947F
:102C6000DC4F29813A814B815C81261B370B480B55
:102C7000590BDA01C901803432E493073FE0A3071E
:102C8000B10548F04FEF441A540A640A740A80549C
:102C90009244AF40B109F101408251826282738255
:102CA000E985FA8580839183A283B3832C960FB63E
:102CB000F894DEBF0FBECDBFDF91CF911F910F9172
:102CC000FF90EF90DF90CF90BF90AF909F908F904C
:102CD0007F906F905F904F903F902F9008952F922C
:102CE0003F924F925F926F927F928F929F92AF929C
:102CF000BF92CF92DF92EF92FF920F931F93CF93E9
:102D0000DF93CDB7DEB766970FB6F894DEBF0FBE80
:102D1000CDBF1C017E8B6D8B842E0FEF1FEF672BB9
:102D200009F4C2C080917D0B882341F0909002028B
:102D3000F0900102211113C0F12C14C08091A60E55
:102D40009091A70E6CE0962E8D3091051CF497FDA6
:102D500080E0982EF12C222351F0F090A40E29E06F
:102D60002F1550F38CE0891510F45CE0952EAD8999
:102D7000BE894D905D906D907C90810177FE0DC075
:102D80000F5F1F4F8DE2F101808370946094509427
:102D90004094411C511C611C711C498A5A8A6B8ADF
:102DA0007C8A8FEF8F0D893008F0D9C0CF2CD12CC1
:102DB000F601EE0FFF1FEE0FFF1FEF50FD4E2591A6
:102DC000359145915491C301B2010E945A4F762E1C
:102DD000A72EB82E692EF2E0FF1280C02AE030E064
:102DE00040E050E00E945A4F205DD8012C93605D76
:102DF00011966C936801B2E0CB0ED11CED89FE896F
:102E0000992069F12601BFEF4B1A5B0A8EE2D601C9
:102E10008C932481358146815781608571858285B7
:102E20009385BCE09B121AC1FE0131967F018E0191
:102E3000035F1F4F0E94C7156D857E858F8598891A
:102E4000A2010E94A315A601495F5F4F69817A81A3
:102E50008B819C810E94A315FDE0CF0ED11C882D93
:102E60008F7D09F430C180E2D6018C9383E6119600
:102E70008C93119788E612968C93129713968C92E6
:102E800013978DE014968C9314978AE015968C9383
:102E9000B6E0CB0ED11C860102191309A801B101BD
:102EA00080E29CE00E943E0CC80166960FB6F89442
:102EB000DEBF0FBECDBFDF91CF911F910F91FF906D
:102EC000EF90DF90CF90BF90AF909F908F907F90CA
:102ED0006F905F904F903F902F900895E3E0FE1227
:102EE00026C024E630E040E050E00E945A4F205DCA
:102EF000D8012C933AE0C32ED12CE12CF12CA70160
:102F000096010E945A4F205DF8012183672D7A2D8A
:102F10008B2D962DA70196010E945A4F605DD80116
:102F200012966C936801B3E0CB0ED11C67CFC00E34
:102F3000D11E76012AE0422E512C612C712CE1E049
:102F4000EE1AF108A30192010E945A4F605DD70169
:102F50006C93B901CA010E151F0589F74FCFBAE06E
:102F60004B165104610471044CF46801EFEFCE1A62
:102F7000DE0A80E3840DD8018C9340CF8AE0A82E2E
:102F8000B12CC12CD12CC301B201A60195010E9424
:102F90005A4F90E3F92EF60EB4E64B165104610435
:102FA00071045CF4205DF80120836801F2E0CF0E2B
:102FB000D11CD8011196FC9221CFB8EE4B16B3E08C
:102FC0005B0661047104D0F4C301B20124E630E071
:102FD00040E050E00E945A4F205DF8012083A60196
:102FE00095010E945A4F205DD80111962C936801DB
:102FF000B3E0CB0ED11CF801F28200CFCE010196D6
:103000005C01D12CC12C7C019FEFC91AD90A6989B6
:103010007A898B899C892AE030E040E050E00E9468
:103020005A4F605DD5016D935D01298B3A8B4B8BB7
:103030005C8B89899A89AB89BC89892B8A2B8B2BDC
:1030400019F7F801C601019730F0D701A80FB91F91
:103050002C912193F8CFC00ED11ED0CE692C712CAB
:10306000A6E0A91598F0FE0131967F018E01035F5D
:103070001F4F0E94C7156D857E858F859889A20197
:103080000E94A3156201C60CD71CE9CEDE01119681
:103090007D018E01035F1F4F0E94C7156D857E85E0
:1030A0008F859889A2010E94A315B7E0CB0ED11C91
:1030B00069817A818B819C81A6010E94A315E6E03B
:1030C0006E1A7108E0CF8DE0F60180838AE081837B
:1030D000F2E0CF0ED11CDFCEDB0141505109FC01E3
:1030E0002491222349F00196FD01E61BF70BE4171A
:1030F000F50710F42D93F3CF1C920895CF93DF932F
:10310000DC01FB01EA018991AE0120813181882334
:10311000E1F022303105C8F02D913C911197C901A1
:10312000019611969C938E93CE010197EC018881B4
:10313000E9018883CD91DC9111971882208131813A
:103140002150310931832083DDCF81E022303105E8
:1031500008F480E0DF91CF9108954F925F926F92D3
:103160007F92AF92BF92CF92DF92EF92FF920F9336
:103170001F93CF93DF9300D000D000D01F921F92F7
:10318000CDB7DEB78C017B0157FF21C0DB018D91EC
:103190009C91029708F457C0D801ED91FC911197CA
:1031A000CF01019611969C938E938DE28083ED91D1
:1031B000FC911082FB018081918101979183808332
:1031C00050954095309521953F4F4F4F5F4FCA0125
:1031D000B9011B866E01FBE0CF0ED11C2AE0422E06
:1031E000512C612C712C9E012F5F3F4F5901A3017F
:1031F00092010E945A4F605DD6016E936D01B90134
:10320000CA01611571058105910519F0AA16BB0661
:1032100071F7A601B701C8010E947E182B960FB660
:10322000F894DEBF0FBECDBFDF91CF911F910F91FC
:10323000FF90EF90DF90CF90BF90AF907F906F9016
:103240005F904F90089580E0E9CFCF93DF93EC013A
:10325000DB012D913C91119722303105D0F0FA011C
:1032600084914F5F5F4F8823A1F0E881F9819F012E
:103270002F5F3F4F398328838083E881F981108253
:103280002D913C9111972150310911963C932E9329
:10329000E0CF81E02230310508F480E0DF91CF916A
:1032A0000895AF92BF92CF92DF92EF92FF920F9369
:1032B0001F938091730B81116FC02091900E3091FC
:1032C000910E4091920E5091930E6091940E7091D8
:1032D000950EA090090EB0900A0EC0900B0ED090E3
:1032E0000C0EE0900D0EF0900E0E00910F0E10914E
:1032F000100E8091960E9091970E0E94B15109F098
:103300004BC02091980E3091990E40919A0E509199
:103310009B0E60919C0E70919D0EA090110EB0902E
:10332000120EC090130ED090140EE090150EF09077
:10333000160E0091170E1091180E80919E0E90910E
:103340009F0E0E94B15141F52091A00E3091A10E27
:103350008091190E90911A0E28173907E9F490916F
:10336000AD0E8091260E981317C09091AE0E8091ED
:10337000270E981311C081E02091A80E9091210E84
:10338000291301C080E01F910F91FF90EF90DF9013
:10339000CF90BF90AF90089581E0F5CF87E8EAE63F
:1033A000FEE0A3EEBDE001900D928A95E1F7109248
:1033B000050B0895682F80E29CE00E94D40C80E207
:1033C0009CE00C94260DCF92DF92EF92FF920F9328
:1033D0001F93CF93DF938C016B01D0E0C0E080E2BC
:1033E0009CE00E949C0C892B39F461E070E080E045
:1033F00090E00E94B20BF3CF80E29CE00E947A0C36
:103400008D309105B1F4209731F08DE00E94DA19EA
:103410008AE00E94DA19F801EC0FFD1F1082CE013C
:10342000DF91CF911F910F91FF90EF90DF90CF90A0
:1034300008958A30910539F38830910519F08F3756
:10344000910569F4209759F2219788E00E94DA19D2
:1034500080E20E94DA1988E00E94DA19C0CF7E016A
:103460002FEFE21AF20AEC14FD0408F0B8CFC00FF7
:10347000D11F88830E94DA19E701B1CF9EEF980F20
:10348000923008F4A5C09EEE980F943008F4A0C0C6
:1034900090E0FC01EB59FD4E2491FC01E15EFD4EF4
:1034A0003491433009F038C0323031F540917D0A13
:1034B000422B40937D0A835D9B4FFC01A4913230E7
:1034C00009F043C0B0E0AA0FBB1FA459B54F6D93DC
:1034D0007C93E9E0F2E1A591B4918C9180937E0A0E
:1034E0008BE690E090935B0A80935A0A8091680083
:1034F0008160809368004AC03A3031F440918F0A6D
:10350000422B40938F0AD7CF3B30A9F64091A20AB5
:10351000422B4093A20ACFCF323031F440917C0A43
:10352000422B40937C0AC7CF3A3031F440918E0A47
:10353000422B40938E0ABFCF3B3009F0BCCF409165
:10354000A10A422B4093A10AB6CF3A3039F5B0E038
:10355000AA0FBB1FA158B54F6D937C93E9E1F2E12F
:10356000A591B4918C918093900A8CE690E0909311
:103570005B0A80935A0A8091680082608093680099
:1035800080918D0A822B80938D0A220FA0915A0A76
:10359000B0915B0AEC912E2B2C9308953B30B1F740
:1035A000B0E0AA0FBB1FAF56B54F6D937C93EBE114
:1035B000F2E1A591B4918C918093A30A8DE690E0FD
:1035C00090935B0A80935A0A80916800846091CF3F
:1035D0009FB7F894833069F18231A1F0823039F5D8
:1035E0007093650A6093640AEC9880916A008C7FFE
:1035F00080936A0080916A00482B40936A00E49AA5
:10360000EC9A15C07093630A6093620AEB988091FC
:1036100069008F738093690080916900F0E44F9F87
:10362000A0011124482B40936900E39AEB9A9FBFB5
:1036300008957093670A6093660AED9880916A0016
:10364000837F80936A0080916A0024E0429FA001FA
:103650001124482B40936A00E59AED9AE8CFFC01CB
:1036600001900020E9F73197AF01481B590BBC01CD
:1036700080E29CE00C943E0CCF93DF93D0E0C0E05E
:10368000009719F00E942F1BEC0182E492E00E9447
:103690002F1B8C0F9D1FDF91CF9108950C942F1B32
:1036A00085E492E00E944E1B8DE193E00E944E1B48
:1036B00080E29CE00C94260DCF93DF93EC0185E42F
:1036C00092E00E944E1BCE010E943C1B80E29CE0D7
:1036D000DF91CF910C94260D0F931F93CF93DF931F
:1036E000CDB7DEB7C458D1090FB6F894DEBF0FBE10
:1036F000CDBF19828E010F5F1F4FCF57DF4F198348
:103700000883C158D04080E890E0CD57DF4F9983BF
:103710008883C358D04048E452E0BE016D577F4FC4
:10372000CE018F579F4F0E947E184FE152E0BE019D
:103730006D577F4FCE018F579F4F0E947E184BE5EC
:1037400052E0BE016D577F4FCE018F579F4F0E94B1
:103750007E1847E152E0BE016D577F4FCE018F5773
:103760009F4F0E947E18CD57DF4F88819981C358A3
:10377000D040029720F1CF57DF4FE881F981C1583F
:10378000D040CF010196CF57DF4F99838883C1582E
:10379000D04089E28083CF57DF4FE881F981C1585B
:1037A000D0401082CD57DF4F88819981C358D040D7
:1037B0000197CD57DF4F99838883C358D0404EE59A
:1037C00052E0BE016D577F4FCE018F579F4F0E9431
:1037D0007E1846E45BE0BE016D577F4FCE018F57E8
:1037E0009F4F0E947E18C8010E945C1B81E0CC574D
:1037F000DF4F0FB6F894DEBF0FBECDBFDF91CF9184
:103800001F910F91089584E492E00E945C1B84E470
:1038100092E00E945C1B81E00895CF93DF93CDB7C7
:10382000DEB7C058D1090FB6F894DEBF0FBECDBFCA
:1038300084E492E00E945C1B40E850E0BE016F5FB0
:103840007F4F8EE999E00E946C18CE0101960E948C
:103850005C1B40E850E0BE016F5F7F4F80E999E05C
:103860000E946C18CE0101960E945C1B40E850E05B
:10387000BE016F5F7F4F81E899E00E946C18CE0116
:1038800001960E945C1B40E850E0BE016F5F7F4FD5
:1038900082E799E00E946C18CE0101960E945C1BA1
:1038A00040E850E0BE016F5F7F4F83E699E00E94E1
:1038B0006C18CE0101960E945C1B40E850E0BE01EE
:1038C0006F5F7F4F89E499E00E946C18CE010196EA
:1038D0000E945C1B40E850E0BE016F5F7F4F89E3B0
:1038E00099E00E946C18CE0101960E945C1B84E452
:1038F00092E00E945C1BC058DF4F0FB6F894DEBF09
:103900000FBECDBFDF91CF9108950F931F93CF933B
:10391000DF938C0185E492E00E944E1BE801FE01DA
:1039200064912196662329F080E29CE00E94D40CE9
:10393000F6CF82E492E00E942F1B80E29CE0DF91B0
:10394000CF911F910F910C94260D8091730B8111D3
:1039500023C00E945119882351F08FE495E00E9402
:10396000851C68EE73E080E090E00C94B20B8091CF
:10397000050B882371F08BED95E00E94851C109259
:10398000050B85EB95E00E94851C84E895E00C947E
:10399000851C85EB95E0FBCF0895CF93DF939C01C9
:1039A000D9019C912F5F3F4F9032D1F39930C1F3F1
:1039B000FD0101900020E9F73197EF01AE17BF0735
:1039C00028F482918032C9F38930B9F31882CD018D
:1039D000DF91CF910895CF93C82F8EE99BE00E948D
:1039E0005C1B8FE593E10E94851C84E492E00E94B9
:1039F0005C1BC11107C081E593E10E94851C81E039
:103A0000CF91089580E493E10E94851C8CE293E1BC
:103A10000E94851C0E94501B80E29CE00E949C0C2E
:103A2000181619062CF480E29CE00E947A0CF4CF60
:103A300060E270E08EE79BE00E94E3198EE79BE076
:103A40000E94CD1CFC0180818233A9F689E193E1BB
:103A50000E94851C80E0D4CF8F929F92AF92BF923C
:103A6000CF92DF92EF92FF920F931F93CF93DF934A
:103A7000CDB7DEB7A1970FB6F894DEBF0FBECDBFAE
:103A80006C01990FEE08FF08F7FE3FC08DE20E941F
:103A9000210D8C0122273327A9012C193D094E093C
:103AA0005F0919A2CE0181967C019AE0892E912CA2
:103AB000A12CB12CCA01B901A50194010E945A4F51
:103AC000605DF70162937F012115310541055105C4
:103AD00089F790E080E0309719F0CF010E942F1B0A
:103AE000800F911FA1960FB6F894DEBF0FBECDBF19
:103AF000DF91CF911F910F91FF90EF90DF90CF90CA
:103B0000BF90AF909F908F900895A701960119A242
:103B10008E010F5D1F4F8AE0C82ED12CE12CF12CB5
:103B2000CA01B901A70196010E945A4F605DF801D0
:103B300062938F01211531054105510589F790E008
:103B400080E0309779F2CF010E942F1BCBCFEF920C
:103B5000FF920F931F93CF93DF938B010C5F1F4F47
:103B6000EB017C01E61AF70AC7018C0F9D1F0E942A
:103B7000124F8993C017D107B9F784E090E0DF9125
:103B8000CF911F910F91FF90EF900895CF92DF9208
:103B9000EF92FF920F931F93CF93DF931F921F9289
:103BA000CDB7DEB78B01BE016F5F7F4F0E946749C3
:103BB0006B017C01E981FA81808181112CC020E0B8
:103BC00030E0A901C701B6010E94454B87FD23C023
:103BD00029EA3FE543E658E5C701B6010E94D74F01
:103BE0001816CCF0C701B6010E948B4FF801208354
:103BF000318342835383648375838683978381E013
:103C00000F900F90DF91CF911F910F91FF90EF9048
:103C1000DF90CF90089580E0F3CFEF92FF920F9363
:103C20001F93CF93DF937C018B01D0E0C0E0F801BC
:103C300061918F01C7018C0F9D1F0E941A4F219621
:103C4000C430D105A1F784E090E0DF91CF911F91BE
:103C50000F91FF90EF900895CF93DF9384E890E168
:103C60000E94851C84E492E00E945C1B8CE690E13B
:103C70000E94851C0E94501B60E870E08EE99BE06A
:103C80000E94E3198EE99BE00E94CD1C6FE672E072
:103C90000E94ED51EC01892BA9F48AE390E10E9486
:103CA000851C6FEFCE010E941A4F2196C11580E14D
:103CB000D807B9F78CE190E10E94851C80E0DF9184
:103CC000CF91089584E590E10E94851C81E0F7CFB3
:103CD000EF92FF920F931F93CF93DF937C018B01A1
:103CE000D0E0C0E0F80161918F01C7018C0F9D1FEA
:103CF0000E941A4F2196C738D105A1F787E890E0B6
:103D0000DF91CF911F910F91FF90EF900895CF9386
:103D1000DF93CDB7DEB7C758D1090FB6F894DEBF31
:103D20000FBECDBF8233B1F08333B9F0813309F0D8
:103D300054C18EE191E10E94851C1092050B80E038
:103D4000C957DF4F0FB6F894DEBF0FBECDBFDF916E
:103D5000CF91089583EF90E1EECF8CE0898341E12C
:103D600050E06FE172E0CE0102960E94FD5184E4C2
:103D70008B8B41E150E066E47BE0CE0144960E94EB
:103D8000FD511DA21EA280E88FA386E988A788E9BD
:103D900089A71AA61BA61CA61DA61EA61FA681EEF5
:103DA00088AB85EF89AB85E08AAB1BAA1CAA1DAA4C
:103DB0001EAA84E190E098AF8FAB85E090E09AAFC7
:103DC00089AF1CAE1BAE8BE090E09EAF8DAF80E55F
:103DD0008FAF80E092ECA1E0B0E024968CAF9DAF75
:103DE000AEAFBFAF249781E427968FAF279782E4C9
:103DF00028968FAF289729961FAE29972A961FAE2F
:103E00002A972B961FAE2B972C961FAE2C972D968C
:103E10001FAE2D972E961FAE2E972F961FAE2F9763
:103E200060961FAE609761961FAE619762961FAE57
:103E3000629763961FAE639764961FAE649765960C
:103E40001FAE659766961FAE669767961FAE67971B
:103E500068961FAE689782E525968FAF25972696C0
:103E60008FAF269794EC69969FAF699789E06A9621
:103E70008FAF6A976B961FAE6B976C961FAE6C9761
:103E80006D961FAE6D976E961FAE6E976F961FAEB6
:103E90006F97A0961FAEA097A1969FAFA197A296ED
:103EA0008FAFA297A3961FAEA397A4961FAEA49719
:103EB000A5961FAEA597A6961FAEA697A7961FAE6E
:103EC000A797A8961FAEA897A9961FAEA997AA96DE
:103ED0001FAEAA97AB961FAEAB97AC961FAEAC9732
:103EE000AD961FAEAD97AE961FAEAE97AF961FAE16
:103EF000AF97E0961FAEE097E1961FAEE197E2968E
:103F00001FAEE297E3961FAEE397E4961FAEE497E9
:103F1000E5961FAEE597E6961FAEE697E7961FAECD
:103F2000E797E8961FAEE897E9961FAEE997EA96FD
:103F30001FAEEA97EB961FAEEB97EC961FAEEC9791
:103F4000ED961FAEED97EE961FAEEE97EF961FAE75
:103F5000EF97C158DF4F1882CF57D040C058DF4F7E
:103F60001882C058D040CF57DF4F1882C158D04078
:103F7000CE57DF4F1882C258D040CD57DF4F18823E
:103F8000C358D040CC57DF4F1882C458D040CB57CD
:103F9000DF4F1882C558D040CA57DF4F1882C65825
:103FA000D040C957DF4F1882C758D04087E8FE017C
:103FB0003196AAE6BEE001900D928A95E1F76AE695
:103FC0007EE090E080E00E94681E83ED90E10E9418
:103FD000851C81E08093730BB2CE81E0B1CE1F933C
:103FE000CF93DF9300D000D01F921F92CDB7DEB7E2
:103FF000142F6AE67EE090E080E00E94681E109236
:10400000050B83EE9FE00E94851C1123F1F184E4EF
:1040100092E00E945C1B85EC9FE00E94851C80EB77
:104020009FE00E94851C89E89FE00E94851C84E433
:1040300092E00E945C1B0E94501B68E070E0CE0181
:1040400001960E94E319CE0101960E94CD1C63E700
:1040500072E00E94ED51892B79F481E08093730B1B
:1040600010E0812F28960FB6F894DEBF0FBECDBFAB
:10407000DF91CF911F91089587E69FE00E94851CF4
:104080008EE39FE00E94851CECCF81E08093730B50
:10409000E8CF2F923F924F925F926F927F928F92D2
:1040A0009F92AF92BF92CF92DF92EF92FF920F93C7
:1040B0001F93CF93DF93CDB7DEB7C758D1090FB6A3
:1040C000F894DEBF0FBECDBF84E492E00E945C1B7B
:1040D00040E850E09E012F5F3F4F4901B90184E95C
:1040E0009AE00E946C18C4010E945C1B40E850E0FA
:1040F000B40182E79AE00E946C188AE6682E8EE08E
:10410000782EF30126A037A040A451A4F2A5CD57E4
:10411000DF4FF883C358D040F301F3A5CC57DF4FEE
:10412000F883C458D040F301F4A5CB57DF4FF88390
:10413000C558D040F301F5A5CA57DF4FF883C658DC
:10414000D040F40101900020E9F731979F01281930
:104150003909CF57DF4F39832883C158D04090E4C5
:10416000A92E22E4B22E3FE0C32ED12CE12CF12C5B
:1041700000E010E09101A201CD57DF4F6881C358E4
:10418000D040CC57DF4F7881C458D040CB57DF4F59
:104190008881C558D040CA57DF4F9881C658D04053
:1041A0000E9486505F934F933F932F939101A201FA
:1041B000CD57DF4F6881C358D040CC57DF4F78814F
:1041C000C458D040CB57DF4F8881C558D040CA571C
:1041D000DF4F9881C658D0400E9488505F934F931C
:1041E0003F932F9385E792E09F938F9340E8442E6F
:1041F000512CC201CF57DF4FE881F981C158D0401F
:104200008E1B9F0B9F938F93CF01880D991D9F93BA
:104210008F930E940C52C4010E945C1B40E850E046
:10422000B40181E59AE00E946C18F30126A437A43A
:10423000F0A9CF57DF4FF883C158D040F301F1A95F
:10424000CD57DF4FF883C358D040F301F2A9CC57C4
:10425000DF4FF883C458D040F301F3A9CB57DF4FA9
:10426000F883C558D040F301F4A9CA57DF4FF8834B
:10427000C658D040F301F5A9C957DF4FF883C75896
:10428000D040F40101900020E9F731973F01681810
:1042900079089101CF57DF4F4881C158D040CD57A1
:1042A000DF4F5881C358D040CC57DF4F6881C45886
:1042B000D040CB57DF4F7881C558D040CA57DF4F29
:1042C0008881C658D040C957DF4F9881C758D04021
:1042D0000E9486505F934F933F932F939101CF5746
:1042E000DF4F4881C158D040CD57DF4F5881C35868
:1042F000D040CC57DF4F6881C458D040CB57DF4FF8
:104300007881C558D040CA57DF4F8881C658D04001
:10431000C957DF4F9881C758D0400E9488505F939B
:104320004F933F932F9384E892E09F938F93C20122
:10433000861997099F938F93C401860D971D9F93AC
:104340008F930E940C52C4010E945C1B40E850E015
:10435000B40186E29AE00E946C18F40101900020FA
:10436000E9F73197CF0188199909E9EBFEE023813C
:104370002F9322812F9321812F9320812F93E1EB83
:10438000FEE023812F9322812F9321812F9320817F
:104390002F9304E912E01F930F939201281B390B0E
:1043A0003F932F93880D991D9F938F930E940C52DA
:1043B0000FB6F894DEBF0FBECDBFC4010E945C1BD8
:1043C00040E850E0B40182E09AE00E946C18F401E9
:1043D00001900020E9F73197CF0188199909E9EC9C
:1043E000FEE023812F9322812F9321812F9320811F
:1043F0002F93E1ECFEE023812F9322812F932181E3
:104400002F9320812F931F930F939201281B390B19
:104410003F932F93880D991D9F938F930E940C5269
:10442000C4010E945C1B40E850E0B4018EED99E0AD
:104430000E946C18F40101900020E9F73197CF0138
:1044400088199909E9EDFEE023812F9322812F93AA
:1044500021812F9320812F93E1EDFEE023812F9383
:1044600022812F9321812F9320812F931F930F93CC
:104470009201281B390B3F932F93880D991D9F9311
:104480008F930E940C52C4010E945C1B40E850E0D4
:10449000B4018EEB99E00E946C18F40101900020A9
:1044A000E9F73197CF0188199909E9EEFEE02381F8
:1044B0002F9322812F9321812F9320812F93E1EE3F
:1044C000FEE023812F9322812F9321812F9320813E
:1044D0002F931F930F93481A590A5F924F92880D9A
:1044E000991D9F938F930E940C520FB6F894DEBFD4
:1044F0000FBECDBFC4010E945C1B84E492E00E9409
:104500005C1BC957DF4F0FB6F894DEBF0FBECDBF9F
:10451000DF91CF911F910F91FF90EF90DF90CF909F
:10452000BF90AF909F908F907F906F905F904F90D3
:104530003F902F900895CF93DF93CDB7DEB7C0584B
:10454000D1090FB6F894DEBF0FBECDBF84E492E070
:104550000E945C1B40E850E0BE016F5F7F4F8EE21F
:1045600099E00E946C18CE0101960E945C1B40E805
:1045700050E0BE016F5F7F4F8FE199E00E946C18A1
:10458000CE0101960E945C1B40E850E0BE016F5FC7
:104590007F4F89E099E00E946C18CE0101960E943D
:1045A0005C1B40E850E0BE016F5F7F4F83EF98E0F7
:1045B0000E946C18CE0101960E945C1B40E850E0FE
:1045C000BE016F5F7F4F89ED98E00E946C18CE01AD
:1045D00001960E945C1B40E850E0BE016F5F7F4F78
:1045E0008DEC98E00E946C18CE0101960E945C1B35
:1045F00040E850E0BE016F5F7F4F89EB98E00E947A
:104600006C18CE0101960E945C1B40E850E0BE0190
:104610006F5F7F4F8EEA98E00E946C18CE01019682
:104620000E945C1B40E850E0BE016F5F7F4F8DE948
:1046300098E00E946C18CE0101960E945C1B84E4F5
:1046400092E00E945C1B40E850E0BE016F5F7F4F2C
:104650008EE898E00E946C18E0918E0E66E878E093
:10466000E83038F4F0E0EE0FFF1FE95FFD4F6081A6
:104670007181CE0101960E94D74ACE0101960E9417
:104680005C1B84E492E00E945C1BC058DF4F0FB6B5
:10469000F894DEBF0FBECDBFDF91CF9108952F926A
:1046A0003F924F925F926F927F928F929F92AF92C2
:1046B000BF92CF92DF92EF92FF920F931F93CF930F
:1046C000DF93CDB7DEB764970FB6F894DEBF0FBEA9
:1046D000CDBF29833A834B835C8369877A878B8735
:1046E0009C872AA52D833BA53E838CA58F83EDA5B2
:1046F000E887FEA5FD872FA52E8738A93F8789A9C2
:10470000888B2AA83BA84CA85DA8EEA9E98BFFA935
:10471000FA8B28AD2B8B39AD3C8B6AAC7BAC8CAC67
:104720009DAC8EAD9FAD5F924F923F922F92E885E8
:10473000EF93FF81FF932E812F933D813F93DF9273
:10474000CF92BF92AF92EC81EF93FB81FF932A81CE
:104750002F9339813F939F938F938DEF95E09F9394
:104760008F938EE99BE09F938F930E94154B8EE968
:104770009BE00E945C1B84E492E00E945C1B80E44E
:1047800093E10E94851C8CE293E10E94851C0E94AB
:10479000501B60E870E08EE99BE00E94E3198EE90F
:1047A0009BE00E94CD1C0FB6F894DEBF0FBECDBFBC
:1047B000FC012081223309F043C001900020E9F779
:1047C0009F012250310928173907D1F52981F301BA
:1047D00020833A8131838B8182832C8123833985A5
:1047E00034838A8585832B8526833C853783F40132
:1047F000A082B182C282D382E482F58206831783CB
:104800001092050B89E193E10E94851C80E064967B
:104810000FB6F894DEBF0FBECDBFDF91CF911F91D1
:104820000F91FF90EF90DF90CF90BF90AF909F904F
:104830008F907F906F905F904F903F902F90089552
:104840002D81F30120833E8131838F8182832885EE
:1048500023833D8534838E8585832F852683388900
:104860003783F40120823182428253822989248352
:104870003A8935838B8986832C89278381E593E167
:104880000E94851C81E0C3CFCF92DF92EF92FF920E
:104890000F931F93CF93DF93CDB7DEB7C058D109E5
:1048A0000FB6F894DEBF0FBECDBF84E492E00E9445
:1048B0005C1B40E850E08E010F5F1F4FB8018DE692
:1048C00098E00E946C18C8010E945C1B40E850E010
:1048D000B80187E598E00E946C18E0918E0E66E8BA
:1048E00078E0E83038F4F0E0EE0FFF1FE95FFD4FAD
:1048F00060817181C8010E94D74A60EA77E0C801EF
:104900000E94D751C8010E945C1B40E850E0B801EA
:1049100080E398E00E946C18E091A40EF091A50E3F
:104920001E161F060CF478C165E776E085EE9AE066
:104930000E94E24AF80101900020E9F73197E01B5C
:10494000F10B85EE9AE09F938F938091A50E8F9344
:104950008091A40E8F938DE992E09F938F9380E8CE
:10496000E82EF12CC7018E1B9F0B9F938F93E00FB6
:10497000F11FFF93EF930E940C52C8010E945C1B31
:1049800040E850E0B80189E098E00E946C18F80116
:1049900001900020E9F73197E01BF10B8091A70E01
:1049A0008F938091A60E8F9383EA92E09F938F93CB
:1049B000C7018E1B9F0B9F938F93E00FF11FFF93F7
:1049C000EF930E940C52C8010E945C1B40E850E02B
:1049D000B80186EE97E00E946C18F8010190002063
:1049E000E9F73197E01BF10B8091A80E282F082ED4
:1049F000000C330B3F938F939AEAC92E92E0D92E85
:104A0000DF92CF92C7018E1B9F0B9F938F93E00F76
:104A1000F11FFF93EF930E940C52C8010E945C1B90
:104A200040E850E0B80187EC97E00E946C18F8016C
:104A300001900020E9F73197E01BF10B8091B00E57
:104A4000282F082E000C330B3F938F938091AF0ECD
:104A5000282F082E000C330B3F938F9387EA92E0A8
:104A60009F938F93C7018E1B9F0B9F938F93E00F94
:104A7000F11FFF93EF930E940C520FB6F894DEBF24
:104A80000FBECDBFC8010E945C1B40E850E0B801DA
:104A900087EA97E00E946C1880918F0E882309F4B2
:104AA000EFC0F80101900020E9F73197E01BF10B0E
:104AB000282F082E000C330B3F938F93DF92CF9259
:104AC000EE1AFF0AFF92EF92E00FF11FFF93EF93B0
:104AD0000E940C520FB6F894DEBF0FBECDBFC801C6
:104AE0000E945C1B40E850E0B8018BE897E00E9410
:104AF0006C18C8010E945C1B40E850E0B80189E6D0
:104B000097E00E946C18F80101900020E9F73197B6
:104B1000E01BF10B8091AC0E8F938091AB0E8F93C5
:104B20008091AA0E8F938091A90E8F938EEA92E0C6
:104B30009F938F9380E890E08E1B9F0B9F938F93A2
:104B4000E00FF11FFF93EF930E940C52C8010E94E7
:104B50005C1B84E492E00E945C1B40E850E0B801DA
:104B600080E597E00E946C18C8010E945C1B40E839
:104B700050E0B8018AE397E00E946C18C8010E94D7
:104B80005C1B40E850E0B80180E297E00E946C189E
:104B9000C8010E945C1B40E850E0B8018AEE96E034
:104BA0000E946C18C8010E945C1B84E492E00E9481
:104BB0005C1B40E850E0B8018DEC96E00E946C1858
:104BC000C8010E945C1B40E850E0B80186EA96E00C
:104BD0000E946C18C8010E945C1B40E850E0B801BC
:104BE00080E896E00E946C18C8010E945C1B0FB61A
:104BF000F894DEBF0FBECDBFC058DF4F0FB6F8949C
:104C0000DEBF0FBECDBFDF91CF911F910F91FF90FF
:104C1000EF90DF90CF900895EA30F105F4F4EE0FB5
:104C2000FF1FEE0FFF1FE35BF94F85919591A59153
:104C3000B491BF93AF939F938F9385E396E09F9337
:104C40008F9385EE9AE09F938F930E94154B0FB63A
:104C5000F894DEBF0FBECDBF6DCEFF93EF938CE116
:104C600096E09F938F9385EE9AE09F938F930E9497
:104C7000154B0F900F900F900F900F900F905ACEF2
:104C800061EA77E0C8010E94D74A29CF0E944424F4
:104C900081E008952F923F924F925F926F927F92A0
:104CA0008F929F92AF92BF92CF92DF92EF92FF923C
:104CB0000F931F93CF93DF93CDB7DEB7C55BD109B9
:104CC0000FB6F894DEBF0FBECDBF7B01C455DF4FDA
:104CD0004883CC5AD040190130E020E00217130776
:104CE00009F45BC2F1019491A101435D5F4F891703
:104CF00021F02F5F3F4F1A01F1CF2114310409F445
:104D00004CC231962491C555DF4F2883CB5AD040F1
:104D1000349685909590A590B490F1013D9645907C
:104D2000559065907490F101B396E491F101B596B8
:104D300085919591A591B491F101339605911491C6
:104D4000F101B19625913491C555DF4F3881CB5A89
:104D5000D040353009F014C1F1017D962591349190
:104D60004EE02E38340709F075C010918E0E8093F6
:104D70008E0E181302C081E011C281E08093050BF2
:104D800010929E0B8EE99BE023969FAF8EAF2397E8
:104D900080E890E09A8389834CE355E0BE016F5F21
:104DA0007F4FCE018F5B9F4F0E942519E0918E0EA1
:104DB00046E858E0E83038F4F0E0EE0FFF1FE95F16
:104DC000FD4F40815181BE016F5F7F4FCE018F5BF0
:104DD0009F4F0E9425198EE99BE00E945C1BC455E1
:104DE000DF4F5881CC5AD040552311F40C944A31EE
:104DF00084E492E00E945C1B8BE295E00E94851C9B
:104E000087E195E00E94851C0E94501B60E870E0DD
:104E10008EE99BE00E94E3198EE99BE00E94CD1C85
:104E2000FC012081223311F00C944A3101900020C2
:104E3000E9F79F01225031092817390711F00C9426
:104E40004A3110938E0E1092050B84E095E00E947B
:104E5000851C91CF295A3E4009F08DCFC090A90EF4
:104E6000D090AA0EE090AB0EF090AC0E8093A90EFD
:104E70009093AA0EA093AB0EB093AC0E8C159D052B
:104E8000AE05BF0509F477CF81E08093050B109242
:104E90009E0B8EE99BE023969FAF8EAF239780E811
:104EA00090E09A83898341EE54E0BE016F5F7F4FAB
:104EB000CE018F5B9F4F0E942519A7019601BE016D
:104EC0006F5F7F4FCE018F5B9F4F0E94AD184AED01
:104ED00054E0BE016F5F7F4FCE018F5B9F4F0E94FA
:104EE00025192091A90E3091AA0E4091AB0E509138
:104EF000AC0EBE016F5F7F4FCE018F5B9F4F0E9454
:104F0000AD188EE99BE00E945C1BC455DF4F2881E1
:104F1000CC5AD040222311F40C944A3184E492E01C
:104F20000E945C1B8BE295E00E94851C87E195E066
:104F30000E94851C0E94501B60E870E08EE99BE097
:104F40000E94E3198EE99BE00E94CD1CFC012081A8
:104F5000223311F00C944A3101900020E9F79F01AF
:104F6000225031092817390711F00C944A31C092A8
:104F7000A90ED092AA0EE092AB0EF092AC0E63CFC7
:104F8000E114F10421F0F7018081811125C085E44D
:104F900092E00E944E1BF80164910F5F1F4F80E268
:104FA0009CE0662319F00E94D40CF5CF0E94260DD8
:104FB00060E870E08EE99BE00E94E3198EE99BE0D7
:104FC0000E94CD1C7C01FC018081882309F4D3CE92
:104FD000E114F10409F4CFCEA501940160E070E082
:104FE000CB01C556DF4F8882CB59D040C456DF4F26
:104FF0003883CC59D040C356DF4FA882CD59D0401A
:10500000C256DF4F5883CE59D040C156DF4F688318
:10501000CF59D040C056DF4F7883C05AD040CF55CB
:10502000DF4F8883C15AD040CE55DF4F9883C25A94
:10503000D040A301920160E070E0CB01CD55DF4F7D
:105040004882C35AD040CC55DF4F3883C45AD04031
:10505000CB55DF4F6882C55AD040CA55DF4F5883C1
:10506000C65AD040C955DF4F6883C75AD040C8558B
:10507000DF4F7883C85AD040C755DF4F8883C95A5D
:10508000D040C655DF4F9883CA5AD040CF57DF4F24
:105090001882C158D040CE57DF4F1882C258D04036
:1050A000CD57DF4F1882C358D040CC57DF4F1882FE
:1050B000C458D040CB57DF4F1882C558D040CA578C
:1050C000DF4F1882C658D040C957DF4F1882C758E3
:1050D000D040C857DF4F1882C858D040C757DF4F5D
:1050E0001882C958D040C657DF4F1882CA58D040DE
:1050F000C557DF4F1882CB58D040C457DF4F1882B6
:10510000CC58D040C357DF4F1882CD58D040C2573B
:10511000DF4F1882CE58D040C157DF4F1882CF588A
:10512000D040C057DF4F1882C059D040CF56DF4F14
:105130001882C159D040CE56DF4F1882C259D04094
:10514000CD56DF4F1882C359D040CC56DF4F18825E
:10515000C459D040CB56DF4F1882C559D040CA56EB
:10516000DF4F1882C659D040C956DF4F1882C75941
:10517000D040C856DF4F1882C859D040C555DF4FC0
:105180003881CB5AD040323009F4F8C108F53323C6
:1051900009F459C0313009F473C180E0CB54DF4FBA
:1051A0000FB6F894DEBF0FBECDBFDF91CF911F9138
:1051B0000F91FF90EF90DF90CF90BF90AF909F90B6
:1051C0008F907F906F905F904F903F902F900895B9
:1051D000C555DF4F4881CB5AD040433009F445C212
:1051E0004430D9F6F70101900020E9F731975F01CB
:1051F000AE18BF0822E0A216B10449F4F70190806E
:10520000FFE29F1621F0F70181818032C9F46FE23D
:1052100070E0C7010E94E2518C01892B09F01DC387
:1052200060E270E0C7010E94E2518C01892B09F015
:1052300014C3AA94AB2809F061C3F7018081982EAA
:10524000FF24F3942DC3F7018081882309F40FC153
:105250008B3219F0412C8D3241F4442443948D3229
:1052600009F0412CFFEFEF1AFF0AF7018081882334
:1052700009F4FDC0C355DF4FF982E882CD5AD04012
:10528000712C812CB0E0A0E0C155DF4F1882CF5ABD
:10529000D040C055DF4F1882C05BD040512C612CEC
:1052A000C355DF4FE881F981CD5AD0409190C35565
:1052B000DF4FF983E883CD5AD040992009F445C0E7
:1052C00080ED890D8A3008F0D2C0FAE0AF2EB12C03
:1052D000C12CD12CE12CF12C00E010E0272D382D31
:1052E0004B2F5A2FC155DF4F6881CF5AD040C05540
:1052F000DF4F7881C05BD040852D962D0E94F44F02
:1053000059016A017B018C01892D990C990BC09779
:10531000E92FEE0FEE0B9C014E2F5E2F6E2F7E2F8E
:105320008E2F9E2F0E949351722E832EB42FA52F65
:10533000C155DF4F6883CF5AD040C055DF4F7883C7
:10534000C05BD040582E692EABCF442011F1272DE1
:10535000382D4B2F5A2FC155DF4F6881CF5AD0407F
:10536000C055DF4F7881C05BD040852D962D0E94BF
:105370001651722E832EB42FA52FC155DF4F68838F
:10538000CF5AD040C055DF4F7883C05BD040582EF5
:10539000692ECF57DF4F7882C158D040CE57DF4FAC
:1053A0008882C258D040CD57DF4FB883C358D04011
:1053B000CC57DF4FA883C458D040C155DF4FF88188
:1053C000CF5AD040CB57DF4FF883C558D040C05597
:1053D000DF4FE881C05BD040CA57DF4FE883C65833
:1053E000D040C957DF4F5882C758D040C857DF4F09
:1053F0006882C858D040C556DF4F2881CB59D0406D
:10540000C456DF4F3881CC59D040C356DF4F488156
:10541000CD59D040C256DF4F5881CE59D04060E0C0
:1054200070E080E090E0A72CB82CCB2EDA2EEF2E87
:10543000FE2E052D162D0E94B15109F0C4F4CD5554
:10544000DF4F2881C35AD040CC55DF4F3881C45A32
:10545000D040CB55DF4F4881C55AD040CA55DF4FA9
:105460005881C65AD0400E94B1510CF0F8C082ED6C
:1054700094E00E94851C84E492E00E945C1B7BCC3B
:10548000F70101900020E9F7CF0102978E159F05E3
:1054900071F7F7018081082E000C990B0E94C6510C
:1054A000182F48E050E0B1016B5E7F4FCE010196AE
:1054B0000E94CE4A898121E0882361F0612F012E6C
:1054C000000C770BCE0101960E94E25121E0892B5E
:1054D00009F420E0912C80E0F12C90E0222339F2B5
:1054E000F1017D96A591B491C555DF4FF881CB5A56
:1054F000D040F23009F441C308F00AC2FF2309F496
:1055000070C2F13009F037CC7EE0A83AB70709F055
:10551000E4C20091A80E1093A80EC555DF4F8881F4
:10552000CB5AD0408093050B812F012E000C990B94
:105530009F931F93802F002E000C990B9F930F9326
:105540008CEE92E09F938F931F9280E88F938EE969
:105550009BE09F938F930E940C52C455DF4F88812C
:10556000CC5AD0400E94EB1C0FB6F894DEBF0FBEA1
:10557000CDBF811100CC0093A80E6FC2F7018081CE
:10558000882309F474CFBE016F577F4FC7010E9473
:10559000C61D882309F46BCFCF57DF4F6880C158F1
:1055A000D040CE57DF4F7880C258D040CD57DF4F24
:1055B0008880C358D040CC57DF4F9880C458D04023
:1055C000CB57DF4FB881C558D040CA57DF4FA881AD
:1055D000C658D040C957DF4FF881C758D040C85788
:1055E000DF4FE881C858D0409301A4016B2F7A2F78
:1055F0008F2F9E2FC556DF4FA880CB59D040C45661
:10560000DF4FB880CC59D040C356DF4FC880CD594A
:10561000D040C256DF4FD880CE59D040E12CF12C7B
:1056200000E010E00E94B1510CF421CFCD55DF4FC6
:10563000A880C35AD040CC55DF4FB880C45AD04060
:10564000CB55DF4FC880C55AD040CA55DF4FD880F0
:10565000C65AD0400E94B15111F00CF008CF912CE5
:1056600080E0F12C90E010E03BCFF70180818823AF
:1056700009F4FDCE6FE270E0C7010E94E2518C0197
:10568000892B49F460E270E0C7010E94E2518C016D
:10569000892B09F4ECCE5801AE18BF08F0E4AF1620
:1056A000B10408F0E4CEA501B701CE018F5B9F4F96
:1056B0000E94FD51E1E4F0E0EC0FFD1FEA0DFB1D3F
:1056C0001082B8016F5F7F4FCE0101960E94F651A4
:1056D00022968FAD2297882309F4C9CEBE01675761
:1056E0007F4FCE018F5B9F4F0E94C61D882309F418
:1056F000BECE8981882309F4BACEBE016F567F4F92
:10570000CE0101960E94C61D882309F4B0CEC7576A
:10571000DF4F6880C958D040C657DF4F7880CA58DD
:10572000D040C557DF4F8880CB58D040C457DF4F9B
:105730009880CC58D040C357DF4FB881CD58D04067
:10574000C257DF4FA881CE58D040C157DF4FF881F4
:10575000CF58D040C057DF4FE881C059D0409301A7
:10576000A4016B2F7A2F8F2F9E2FC556DF4FA88055
:10577000CB59D040C456DF4FB880CC59D040C35627
:10578000DF4FC880CD59D040C256DF4FD880CE59A8
:10579000D040E12CF12C00E010E00E94B1510CF45B
:1057A00066CECD55DF4FA880C35AD040CC55DF4FD1
:1057B000B880C45AD040CB55DF4FC880C55AD040BE
:1057C000CA55DF4FD880C65AD0400E94B15111F05F
:1057D0000CF04DCECF56DF4F6880C159D040CE5629
:1057E000DF4F7880C259D040CD56DF4F8880C359F3
:1057F000D040CC56DF4F9880C459D040CB56DF4FB5
:10580000B881C559D040CA56DF4FA881C659D0408B
:10581000C956DF4FF881C759D040C856DF4FE881DD
:10582000C859D0409301A4016B2F7A2F8F2F9E2F40
:10583000C556DF4FA880CB59D040C456DF4FB88043
:10584000CC59D040C356DF4FC880CD59D040C25646
:10585000DF4FD880CE59D040E5CEE016F10619F5DD
:10586000912CF12CF8018181882309F44EC0B801F4
:105870006F5F7F4F40E150E0CE0101960E94014BE7
:10588000CE0101960E94CD1CFC0101900020E9F799
:105890009F012250310928173907B9F5FC01808191
:1058A00091E021E030C05801AE18BF08F0E1AF161A
:1058B000B10418F0EFE0AE2EB12CA501B701CE0176
:1058C00001960E94CE51E1E0F0E0EC0FFD1FEA0DE1
:1058D000FB1D1082CE0101960E94CD1CFC0101909F
:1058E0000020E9F79F01225031092817390709F0F4
:1058F000B7CFFC019080FF24F394B4CF912C80E0CB
:10590000F12C90E020E010E0E9CD80E090E0C9CFFC
:10591000C555DF4F2881CB5AD040233009F4BEC48F
:10592000243009F028CA3EE0AD3AB30709F0EBC5D0
:105930000091AD0E1091AE0EF1109092AD0E91113E
:105940008093AE0E81E08093050B8091AD0E86347E
:1059500021F08091AE0E863441F48AE794E00E94F3
:10596000851C84E492E00E945C1B8091AE0E282F7F
:10597000082E000C330B3F938F938091AD0E282F90
:10598000082E000C330B3F938F93812F012E000CB8
:10599000990B9F931F93802F002E000C990B9F93C0
:1059A0000F9385E693E09F938F931F9280E88F93E8
:1059B0008EE99BE09F938F930E940C52C455DF4F5A
:1059C0008881CC5AD0400E94EB1C0FB6F894DEBF01
:1059D0000FBECDBF8111CFC90093AD0E1093AE0E97
:1059E0003CC03EE0A43AB307D9F50091A40E109153
:1059F000A50ECF57DF4F8881C158D040CE57DF4F1B
:105A00009881C258D0408093A40E9093A50E21E0B7
:105A10002093050B9F938F931F930F9383EB92E03B
:105A20009F938F931F9280E88F938EE99BE09F93C3
:105A30008F930E940C52C455DF4F8881CC5AD040BE
:105A40000E94EB1C0FB6F894DEBF0FBECDBF8111D4
:105A500092C90093A40E1093A50E1092050B8BC94A
:105A6000A65ABE4009F087C90091A60E1091A70E54
:105A7000CF57DF4F8881C158D040CE57DF4F988134
:105A8000C258D0408093A60E9093A70E21E0209399
:105A9000050B9F938F931F930F938EEC92E09F9330
:105AA0008F931F9280E88F938EE99BE09F938F9353
:105AB0000E940C52C455DF4F8881CC5AD0400E94BE
:105AC000EB1C0FB6F894DEBF0FBECDBF811153C9DA
:105AD0000093A60E1093A70EC0CFAF58BE4009F09A
:105AE0004AC900918F0E1D3209F410E010938F0EF9
:105AF00081E08093050B65E073E08EE99BE00E94F6
:105B0000F651002361F1EEE9FBE0DF010D9000208A
:105B1000E9F711970C9301900020E9F710826BE1EF
:105B200073E08EE99BE00E94D7511123F9F0EEE972
:105B3000FBE0DF010D900020E9F711971C93019025
:105B40000020E9F71082C455DF4F8881CC5AD0403D
:105B50000E94EB1C81110FC900938F0E7ECF63EC66
:105B600076E08EE99BE00E94D751D9CF63EC76E0D6
:105B70008EE99BE00E94D751E6CF2EE0A039B20714
:105B800009F086C12090900E3090910E4090920EB8
:105B90005090930E6090940E7090950E8090960E9B
:105BA0009090970ECF57DF4F8881C158D040809397
:105BB000900ECE57DF4F8881C258D0408093910E0F
:105BC000CD57DF4F8881C358D0408093920ECC5779
:105BD000DF4F8881C458D0408093930ECB57DF4F5E
:105BE0008881C558D0408093940ECA57DF4F888172
:105BF000C658D0408093950EC957DF4F8881C7584B
:105C0000D0408093960EC857DF4F8881C858D04047
:105C10008093970E81E08093050B50E4A52E62E4FB
:105C2000B62E7FE0C72ED12CE12CF12C00E010E045
:105C30009101A201B301C4010E9486505F934F936A
:105C40003F932F939101A201B301C4010E94885098
:105C50005F934F933F932F9345ED56E05F934F93A0
:105C60001F9270E27F93CE018F5B9F4FC756DF4F2D
:105C700099838883C959D0409F938F930E940C5277
:105C8000CF57DF4F9881C158D040C556DF4F98831A
:105C9000CB59D040CE57DF4FE881C258D040CD55C8
:105CA000DF4FE883C35AD040CD57DF4FF881C35848
:105CB000D040C555DF4FF883CB5AD040CC57DF4F8B
:105CC0002881C458D040C455DF4F2883CC5AD040D7
:105CD000CB57DF4F3881C558D040C355DF4F38838D
:105CE000CD5AD040CA57DF4F4881C658D040C15521
:105CF000DF4F4883CF5AD040C957DF4F5881C7582C
:105D0000D040C055DF4F5883C05BD040C857DF4FED
:105D10006881C858D040CF54DF4F6883C15BD04002
:105D2000292F3E2F4F2FC455DF4F5881CC5AD040DA
:105D3000C355DF4F6881CD5AD040C155DF4F7881C0
:105D4000CF5AD040C055DF4F8881C05BD040CF5480
:105D5000DF4F9881C15BD0400E9486505F934F9384
:105D60003F932F93C556DF4F2881CB59D040CD5557
:105D7000DF4F3881C35AD040C555DF4F4881CB5AD9
:105D8000D040C455DF4F5881CC5AD040C355DF4F67
:105D90006881CD5AD040C155DF4F7881CF5AD0406D
:105DA000C055DF4F8881C05BD040CF54DF4F988112
:105DB000C15BD0400E9488505F934F933F932F93D5
:105DC00085ED96E09F938F931F92F0E2FF938E01F3
:105DD0000F5F1F4F1F930F930E940C521F930F933F
:105DE000C656DF4F2881CA59D0402F93C756DF4F80
:105DF0003881C959D0403F938DEB94E09F938F93A6
:105E00008EE99BE09F938F930E94154B0FB6F894F9
:105E1000DEBF0FBECDBF8EE99BE00E945C1B84E419
:105E200092E00E945C1B8BE295E00E94851C87E15A
:105E300095E00E94851C0E94501B60E870E08EE98E
:105E40009BE00E94E3198EE99BE00E94CD1CFC01BF
:105E50002081223309F01EC201900020E9F79F0142
:105E6000225031092817390709F014C22092900EE8
:105E70003092910E4092920E5092930E6092940E38
:105E80007092950E8092960E9092970E0C94232706
:105E9000A859BE4011F00C94BB262091980EC5560F
:105EA000DF4F2883CB59D0403091990ECD55DF4F2D
:105EB0003883C35AD04040919A0EC555DF4F48836E
:105EC000CB5AD04050919B0EC455DF4F5883CC5ACB
:105ED000D04020909C0E30909D0E40909E0E509091
:105EE0009F0ECF57DF4F8881C158D0408093980EC6
:105EF000CE57DF4F8881C258D0408093990ECD573E
:105F0000DF4F8881C358D04080939A0ECC57DF4F23
:105F10008881C458D04080939B0ECB57DF4F888137
:105F2000C558D04080939C0ECA57DF4F8881C65811
:105F3000D04080939D0EC957DF4F8881C758D0400D
:105F400080939E0EC857DF4F8881C858D0408093F9
:105F50009F0E81E08093050B80E4A82E92E4B92E79
:105F60006FE0C62ED12CE12CF12C00E010E0B10145
:105F7000C2010E948850922E832E742E652EE0EC72
:105F8000AE2EFDEBBF2EA0EFCA2EDD24DA94EE2458
:105F9000EA94FF24FA940FEF1FEF0E94F44FC556C6
:105FA000DF4FA880CB59D040CD55DF4FB880C35AC2
:105FB000D040C555DF4FC880CB5AD040C455DF4FC5
:105FC000D880CC5AD040710182010E9493515F93D6
:105FD0004F933F932F936F927F928F929F9260EF98
:105FE00076E07F936F931F9290E29F93FE01EF5BA9
:105FF000FF4FC756DF4FF983E883C959D040FF935D
:10600000EF930E940C52CF57DF4FF881C158D04018
:10601000C355DF4FF883CD5AD040CE57DF4F28818C
:10602000C258D040C155DF4F2883CF5AD040CD57FA
:10603000DF4F3881C358D040C055DF4F3883C05B35
:10604000D040CC57DF4F4881C458D040CF54DF4FA9
:106050004883C15BD040CB57DF4F5881C558D040F3
:10606000CE54DF4F5883C25BD040CA57DF4F6881A0
:10607000C658D040CD54DF4F6883C35BD040C9576A
:10608000DF4F7881C758D040CC54DF4F7883C45B52
:10609000D040C857DF4F8881C858D040CB54DF4F1D
:1060A0008883C55BD040B0E4AB2E12E4B12E0FE084
:1060B000C02ED12CE12CF12C00E010E02F2FC15587
:1060C000DF4F3881CF5AD040C055DF4F4881C05B89
:1060D000D040CF54DF4F5881C15BD040CE54DF4F0A
:1060E0006881C25BD040CD54DF4F7881C35BD04024
:1060F000CC54DF4F8881C45BD040CB54DF4F9881B4
:10610000C55BD0400E948850922E832E742E652E3F
:1061100020ECA22E3DEBB32E40EFC42EDD24DA940A
:10612000EE24EA94FF24FA940FEF1FEF292D382D67
:10613000472D0E94F44FC355DF4FA880CD5AD04061
:10614000C155DF4FB880CF5AD040C055DF4FC8800F
:10615000C05BD040CF54DF4FD880C15BD040CE541D
:10616000DF4FE880C25BD040CD54DF4FF880C35B87
:10617000D040CC54DF4F0881C45BD040CB54DF4FBC
:106180001881C55BD0400E9493515F934F933F931A
:106190002F936F927F928F929F92E0EFF6E0FF93A2
:1061A000EF931F9230E23F938E010F5F1F4F1F93BB
:1061B0000F930E940C521F930F93C656DF4F4881D6
:1061C000CA59D0404F93C756DF4F5881C959D04064
:1061D0005F9380E293E09F938F931F9280E88F9369
:1061E0008EE99BE09F938F930E940C520FB6F89418
:1061F000DEBF0FBECDBF8EE99BE00E945C1B84E436
:1062000092E00E945C1B8BE295E00E94851C87E176
:1062100095E00E94851C0E94501B60E870E08EE9AA
:106220009BE00E94E3198EE99BE00E94CD1CFC01DB
:106230002081223379F501900020E9F79F01225057
:1062400031092817390731F5C556DF4FF881CB5989
:10625000D040F093980ECD55DF4F2881C35AD040DF
:106260002093990EC555DF4F3881CB5AD0403093DB
:106270009A0EC455DF4F4881CC5AD04040939B0EB4
:1062800020929C0E30929D0E40929E0E50929F0E38
:106290000C94232786EF94E00C9427275EE0A13B23
:1062A000B50709F09BC02091B10E3091B20E40911C
:1062B000B30E5091B40E6091B50E7091B60E8091F0
:1062C000B70E9091B80EE9EBFEE0A090B90EB09039
:1062D000BA0EC090BB0ED090BC0EE090BD0EF090F8
:1062E000BE0E0091BF0E1091C00E9924939490920F
:1062F000050B0F2EFBE38F2EF3E09F2EF02D9F92C8
:106300008F92FF93EF93BF93AF93C856DF4FE8810F
:10631000C859D040EF93C956DF4FE881C759D040E4
:10632000EF93CA56DF4FE881C659D040EF93CB5662
:10633000DF4FE881C559D040EF93CC56DF4FE8815D
:10634000C459D040EF93CD56DF4FE881C359D040B8
:10635000EF93CE56DF4FE881C259D040EF93CF562E
:10636000DF4FE881C159D040EF93C057DF4FE8813C
:10637000C059D040EF93C157DF4FE881CF58D0408C
:10638000EF93C257DF4FE881CE58D040EF93C35709
:10639000DF4FE881CD58D040EF93C457DF4FE881FD
:1063A000CC58D040EF93C557DF4FE881CB58D04051
:1063B000EF93C657DF4FE881CA58D040EF93C757D5
:1063C000DF4FE881C958D040EF930E944F230FB6AA
:1063D000F894DEBF0FBECDBF0C94BB267EE0A13C7F
:1063E000B70769F52091C10E3091C20E4091C30EDE
:1063F0005091C40E6091C50E7091C60E8091C70E6B
:106400009091C80EE9ECFEE0A090C90EB090CA0EC3
:10641000C090CB0ED090CC0EE090CD0EF090CE0E72
:106420000091CF0E1091D00E992493949092050B69
:106430000F2EF5E48F2EF3E09F2EF02D60CF9EE01F
:10644000A13DB90769F52091D10E3091D20E40914E
:10645000D30E5091D40E6091D50E7091D60E8091CE
:10646000D70E9091D80EE9EDFEE0A090D90EB09035
:10647000DA0EC090DB0ED090DC0EE090DD0EF090D6
:10648000DE0E0091DF0E1091E00E9924939490920D
:10649000050B0F2EF3E58F2EF3E09F2EF02D2FCF5F
:1064A000FEE0A13EBF0711F00C94BB262091E10E47
:1064B0003091E20E4091E30E5091E40E6091E50EB2
:1064C0007091E60E8091E70E9091E80EE9EEFEE005
:1064D000A090E90EB090EA0EC090EB0ED090EC0EBA
:1064E000E090ED0EF090EE0E0091EF0E1091F00E98
:1064F000992493949092050B0F2EFEE58F2EF3E0D6
:106500009F2EF02DFCCEAF5ABE4011F00C94BB264E
:106510000091AF0E1091B00EF1109092AF0E91114C
:106520008093B00E81E08093050B8091B00E282FF0
:10653000082E000C330B3F938F938091AF0E282FC2
:10654000082E000C330B3F938F93812F012E000CEC
:10655000990B9F931F93802F002E000C990B9F93F4
:106560000F9383E893E09F938F931F9280E88F931C
:106570008EE99BE09F938F930E940C52C455DF4F8E
:106580008881CC5AD0400E94EB1C0FB6F894DEBF35
:106590000FBECDBF81110C94BB260093AF0E10939C
:1065A000B00E5BCA0F931F9306E010E020E33EE0BD
:1065B0000E944A261F910F9108950C94D2320C9498
:1065C000D2320C94D2320C94D2320C94D2320F9339
:1065D0001F9306E010E022E23DE00E944A261F9150
:1065E0000F9108950F931F9306E010E024E13CE023
:1065F0000E944A261F910F9108950F931F9308E060
:1066000010E02CEA3AE00E944A261F910F9108956B
:10661000CF92DF92EF92FF920F931F93CF93DF936E
:10662000CDB7DEB7C054D1090FB6F894DEBF0FBEA8
:10663000CDBFE62E0E94CD1C8C01FC018081811112
:1066400002C081E02FC0082E000C990B0E94C65199
:10665000F82EF80101900020E9F73197E01BF10BCB
:10666000329780F51092060BF1E4FF1248C0F80152
:1066700001900020E9F73197E01BF10B329708F405
:1066800078C0F8018181282F082E000C330B20538D
:1066900031092A30310508F06CC04E2D66E07BE0F0
:1066A0000E94FD32C05CDF4F0FB6F894DEBF0FBE14
:1066B000CDBFDF91CF911F910F91FF90EF90DF90B1
:1066C000CF900895F80131969F012F5F3F4F808151
:1066D000803271F0A6E0BBE090E080E02191322FA3
:1066E0003F7D41F08F33910529F001962D93F6CF30
:1066F000F901EACF8A5F944FFC011082B5CFF7E42D
:10670000FF121AC0F80101900020E9F73197E01B51
:10671000F10B329770F1F8018181282F082E000CBF
:10672000330B205331092A30310518F54E2D66E020
:106730007BE00E94E732B6CFF8E4FF121AC0F801FE
:1067400001900020E9F73197E01BF10B329788F0B8
:10675000F8018181282F082E000C330B20533109BA
:106760002A30310530F44E2D66E07BE00E94F23293
:1067700099CF01E311E181EC91E1F8012491F21646
:1067800069F1085F1F4F80179107B9F740E450E0A7
:10679000BE016F5F7F4F81EC91E10E946C18CE01CA
:1067A00001960E945C1B4DCFF801349625913491DF
:1067B000B6016F5F7F4F4E2DF901199573CF82306F
:1067C000910549F4F8013496259134914E2D66E0F7
:1067D0007BE08F2DF1CF0397A9F3D8CF3196E491C9
:1067E0008E2F90E0F8013396E491009759F38130B1
:1067F000910529F7F801369685919491009709F44F
:1068000020CFFC0119950E94501B60E870E08EE9D2
:106810009BE00E94E3198EE99BE00E94CD1C6C0175
:10682000FC018081882309F40CCF282F082E000C4E
:10683000330BA901405351094A30510508F4B4CF34
:1068400001900020E9F73197EC19FD09329708F41F
:10685000F8CEC9010E94C6512F2DFF0C330B8217B1
:10686000930709F0EECEF6018181282F082E000C47
:10687000330B205331092A30310508F0E2CEF801FC
:10688000349625913491B6016E5F7F4F94CFBF92BD
:10689000CF92DF92EF92FF920F931F93CF93DF93EC
:1068A000CDB7DEB7C058D1090FB6F894DEBF0FBE22
:1068B000CDBF8BE3B82E0E9444240E94501B60E899
:1068C00070E08EE99BE00E94E3198EE99BE00E9454
:1068D000CD1C8C01FC018081882379F36BE370E08F
:1068E000C8010E94E251892B09F454C04FE750E0DF
:1068F000B801CE0101960E94FD51C058DF4F1882A9
:10690000C058D040CE0101967C01F70180818823D8
:1069100091F26BE370E0C7010E94E2516C010097B5
:10692000D9F0FC0110828C01C7010E94CD1CFC0132
:106930002081211119C0CD2809F4BDCFF801B192F1
:106940007F01808131968032D9F3882309F4B3CF57
:10695000E114F104D1F6AFCFF70101900020E9F77F
:106960008F0101501109E0CF60E00E9408338111CE
:10697000E2CFC058DF4F0FB6F894DEBF0FBECDBFD9
:10698000DF91CF911F910F91FF90EF90DF90CF900B
:10699000BF90089561E0C8010E94083381118BCF38
:1069A000E8CF2F923F924F925F926F927F928F9299
:1069B0009F92AF92BF92CF92DF92EF92FF920F938E
:1069C0001F93CF93DF93CDB7DEB7C855D1090FB66C
:1069D000F894DEBF0FBECDBF83E9882E9DE0692EFF
:1069E0009924939480918F0E8111912C80E29CE0E8
:1069F0000E949C0C181619060CF091C080E29CE0D5
:106A00000E947A0C8093E40A833209F07EC080E20F
:106A10009CE00E949C0C892B29F080E29CE00E9463
:106A20007A0CF5CF84EA93E00E943C1B40914E0D16
:106A30004E7F60E08DEB9CE00E94200F4091E10DC5
:106A40004E7F60E080E59DE00E94200F8AEC93E09D
:106A50000E943C1B8DEB9CE00E94251580E59DE08B
:106A60000E9425156AE070E080E090E00E94B20B81
:106A700080E29CE00E949C0C892B29F080E29CE043
:106A80000E947A0CF5CF0E94CE190E94473480E212
:106A90009CE00E949C0C892B29F080E29CE00E94E3
:106AA0007A0CF5CF0E94A51C0E9451198823F9F099
:106AB00081E08093720B80930002C85ADF4F0FB6BB
:106AC000F894DEBF0FBECDBFDF91CF911F910F9124
:106AD000FF90EF90DF90CF90BF90AF909F908F90FE
:106AE0007F906F905F904F903F902F9008958BEF25
:106AF00093E00E943C1B8DEB9CE00E945A0F80E5C6
:106B00009DE00E945A0F1092050B80918F0E8823F2
:106B100031F09091E40A891302C0992493948091F2
:106B20000002882391F11092AD0A1092AE0A1092E1
:106B3000AF0A1092B00A7091580B6091590B5091A6
:106B40005A0B40915B0B30915C0B20915D0B909147
:106B50005E0B80915F0B7093A50A6093A60A509319
:106B6000A70A4093A80A3093A90A2093AA0A9093EF
:106B7000AB0A8093AC0A1092A40A1092000264E659
:106B800070E080E090E00E94B20B0E948D0B0091BB
:106B9000AD0A1091AE0A2091AF0A3091B00A6B0194
:106BA0007C01C01AD10AE20AF30A970186010B3F61
:106BB00011052105310508F451C06093AD0A7093A9
:106BC000AE0A8093AF0A9093B00AF8942090580BC5
:106BD0003090590B40905A0B50905B0B70905C0BAF
:106BE000B0915D0BA0915E0BF0915F0B7894A0903B
:106BF000A50AB090A60AC090A70AD090A80AE09073
:106C0000A90AF090AA0A0091AB0A1091AC0A91016E
:106C1000A201672D7B2F8A2F9F2FE091A40A0E944B
:106C2000B15109F492C0E11109C080910801886056
:106C300080930801DD24D394D092A40A2092A50A5F
:106C40003092A60A4092A70A5092A80A7092A90A06
:106C5000B093AA0AA093AB0AF093AC0A8091C20C3D
:106C60000E94EE0A8C018091550D0E94EE0A012BC4
:106C700009F024C120918E0E892B09F0BFC08091AC
:106C800008018064809308018091080180618093ED
:106C900008018091080180688093080180910801B3
:106CA000806280930801223009F073C08DEB9CE074
:106CB0000E943D12882351F0809108018F7B8093C0
:106CC0000801809108018F7E8093080180E59DE096
:106CD0000E943D12811187C08091040D811105C071
:106CE0008091970D882309F47BCE2091F80C309188
:106CF000F90C4091FA0C5091FB0C6091FC0C7091D6
:106D0000FD0C8091FE0C9091FF0CA1E00E94BA5105
:106D100011F00CF029C120918B0D30918C0D409118
:106D20008D0D50918E0D60918F0D7091900D809111
:106D3000910D9091920D0E94BA5111F00CF014C176
:106D40001092040D1092970D4BCEEE2309F486CFCE
:106D500080910801877F8093080188E194E00E9478
:106D60003C1B81E394E00E943C1B1092A40A80E249
:106D70009CE00E949C0C892B39F46AE070E080E072
:106D800090E00E94B20BF3CF80E29CE00E947A0C6C
:106D900094CE50906A0B70906B0BA0906C0BB090DF
:106DA0006D0BC0906E0BD0906F0BE090700BF0905D
:106DB000710B052D172D9501A601B7018DEB9CE0F8
:106DC0000E9401139501A601B70180E59DE00E9494
:106DD0000113809108018F7B809308018091080145
:106DE0008F7E80930801809108018F77809308013E
:106DF000809108018F7D809308016ECF80910801FA
:106E0000806480930801809108018061809308016B
:106E1000223081F48DEB9CE00E943D12882309F41E
:106E20005BCF809108018F7B8093080180910801DE
:106E30008F7EE1CF00916A0B10916B0B20916C0B50
:106E400030916D0B40916E0B50916F0B6091700BF8
:106E50007091710B8DEB9CE00E94011380910801F1
:106E60008F7B80930801809108018F7E80930801B9
:106E70008091550D0E94EE0A892B09F02DCF80914B
:106E800008018068809308018091080180628093E6
:106E9000080100916A0B10916B0B20916C0B3091E3
:106EA0006D0B40916E0B50916F0B6091700B709158
:106EB000710B80E59DE00E94011395CF892B09F0AD
:106EC0000BCF8091080180688093080180910801B0
:106ED00080628093080180918E0E823009F4F6CE94
:106EE00000916A0B10916B0B20916C0B30916D0B24
:106EF00040916E0B50916F0B6091700B7091710B04
:106F000080E59DE00E940113809108018F778093B6
:106F10000801809108018F7D809308018091C20C47
:106F20000E94EE0A892B09F0D7CE80910801806477
:106F3000809308018091080180618093080100918D
:106F40006A0B10916B0B20916C0B30916D0B409183
:106F50006E0B50916F0B6091700B7091710B8DEBFC
:106F60009CE00E9401135DCF80918E0E811129C09B
:106F7000992009F49CC08091040D882321F0809110
:106F8000970D8111C4C18091040D882359F021E02F
:106F900040914D0D65E07DE0CE0101960E946F1697
:106FA0001092040D8091970D882359F021E04091B3
:106FB000E00D68E97DE0CE0101960E946F16109207
:106FC000970D80918E0E843009F071C0992009F4DC
:106FD0006EC08091040D882399F12091F80C3091B6
:106FE000F90C4091FA0C5091FB0C6091FC0C7091E3
:106FF000FD0C8091FE0C9091FF0CA2E00E94BA5112
:10700000F9F0F4F04CEC5AE065E07DE0CE018F5BE6
:107010009F4F0E94940D20E040914D0DBE016F5B8B
:107020007F4FCE0101960E946F161092040D8CE0E6
:10703000E5E0FDE0ACECBAE001900D928A95E1F755
:107040008091970D882399F120918B0D30918C0DB3
:1070500040918D0D50918E0D60918F0D7091900D1E
:107060008091910D9091920DA2E00E94BA51F9F099
:10707000F4F048ED5AE068E97DE0CE018F5B9F4F68
:107080000E94940D20E04091E00DBE016F5B7F4FA8
:10709000CE0101960E946F161092970D8CE0E8E9E0
:1070A000FDE0A8EDBAE001900D928A95E1F780919C
:1070B0008E0E813009F052C090E080E0889EF00191
:1070C000899EF00D1124DF01AC5FB24F2C91222379
:1070D000F1F02091CB0A223090F4629EA00111249D
:1070E0004F54554FEB5FF24F3CE0DA0101900D92A7
:1070F0003A95E1F7FA0184872F5F2093CB0A889EA7
:10710000F001899EF00D1124EC5FF24F108201977F
:1071100009F067C18091CB0A823001F59920F1F026
:10712000E091BD0AE11160C18091CA0A813009F085
:1071300066C161EB7AE00EEB1AE021E040914D0D63
:10714000CE0101960E946F1621E04091E00DB8013A
:10715000CE0101960E946F161092CB0A8091040D09
:10716000882309F43DCC8091970D882309F438CC0D
:107170002091F80C3091F90C4091FA0C5091FB0CD5
:107180006091FC0C7091FD0C8091FE0C9091FF0CB5
:10719000A2E00E94BA5109F00CF422CC20918B0D90
:1071A00030918C0D40918D0D50918E0D60918F0D11
:1071B0007091900D8091910D9091920D0E94BA5115
:1071C00009F00CF40DCC992009F40ACC80918E0EB4
:1071D000833009F427C1853009F002CC21E04091C9
:1071E0004D0D65E07DE0CE0101960E946F1621E015
:1071F0004091E00D68E97DE0CE0101960E946F1696
:1072000045E05DE068E97DE0CE01835B9F4F0E9431
:10721000940D6296AFAC62976396BFAC6397649629
:10722000CFAC64976596DFAC65976696EFAC6697D2
:107230006796FFAC679768960FAD689769961FAD24
:1072400069972090980D3090990D40909A0D50902C
:107250009B0D25962CAE3DAE4EAE5FAE2597269685
:10726000AFAE26972796BFAE27972896CFAE289722
:107270002996DFAE29972A96EFAE2A972B96FFAE76
:107280002B972C960FAF2C972D961FAF2D976196AD
:107290008CAD9DADAEADBFAD6197B7FF35C095016B
:1072A000A601B701C801A0E00E94BA5169F120E02F
:1072B00030E145EA54ED68EE70E080E090E00E9435
:1072C000A85126962FAF269727963FAF2797289647
:1072D0004FAF289729965FAF29972A966FAF2A97C5
:1072E0002B967FAF2B972C968FAF2C972D969FAF19
:1072F0002D97F1E02F1A31084108510825962CAE40
:107300003DAE4EAE5FAE259721E043E496C040917E
:10731000050D5091060D6091070D7091080D80913B
:10732000980D9091990DA0919A0DB0919B0D4817D1
:1073300059076A077B074CF1481759076A077B070B
:1073400009F04AC02091090D30910A0D40910B0DB2
:1073500050910C0D60910D0D70910E0DA0909C0D33
:10736000B0909D0DC0909E0DD0909F0DE090A00D0F
:10737000F090A10D0091A20D1091A30D80910F0D21
:107380009091100D0E94B15138F590E080E001E03D
:1073900010E0889EB001899E700D1124FB01E35B13
:1073A000F24F6B5F724F21E04081CE0101960E9447
:1073B0006F16809EB001819E700D1124FB01E35B6E
:1073C000F24F6B5F724F21E04081CE0101960E9427
:1073D0006F161092040DF3CD81E090E010E000E014
:1073E000D8CF81E090E06ACEE13049F48091CA0ABA
:1073F0006EEB7AE001EB1AE0882309F49ECE8E9EB4
:10740000F0011124E35BF24F108121E0412F61EB89
:107410007AE0CE0101960E946F1621E0412F6EEBBB
:107420007AE096CE45E05DE068E97DE0CE018F5BD5
:107430009F4F0E94940D20E040E0BE016F5B7F4FA4
:10744000CE0101960E946F167BCC1F920F920FB651
:107450000F9211242F933F938F939F93AF93BF93DA
:107460008091750B9091760BA091770BB091780B72
:107470003091740B23E0230F2D3758F50196A11D91
:10748000B11D2093740B8093750B9093760BA09392
:10749000770BB093780B8091790B90917A0BA09138
:1074A0007B0BB0917C0B0196A11DB11D8093790BD4
:1074B00090937A0BA0937B0BB0937C0BBF91AF9111
:1074C0009F918F913F912F910F900FBE0F901F9022
:1074D000189526E8230F0296A11DB11DD2CF1F9249
:1074E0000F920FB60F9211240BB60F922F933F936A
:1074F0004F935F936F937F938F939F93AF93BF93BC
:10750000EF93FF9380E29CE00E94B20CFF91EF9119
:10751000BF91AF919F918F917F916F915F914F91AB
:107520003F912F910F900BBE0F900FBE0F901F90A9
:1075300018951F920F920FB60F9211240BB60F924F
:107540002F938F939F93EF93FF93E091300CF091E3
:10755000310C8081E091360CF091370C82FD1DC01A
:1075600090818091390C8F5F8F7320913A0C821734
:1075700041F0E091390CF0E0E05EF34F958F80939D
:10758000390CFF91EF919F918F912F910F900BBE2E
:107590000F900FBE0F901F9018958081F2CF1F9211
:1075A0000F920FB60F9211240BB60F922F933F93A9
:1075B0004F935F936F937F938F939F93AF93BF93FB
:1075C000CF93EF93FF9390910601C091A30A80910E
:1075D000A20A3091A10A292F209523238923822BE7
:1075E00020916D00C927C223C8239093A30ACC23FE
:1075F000C1F1C0FF05C0E091910AF091920A19957E
:10760000C1FF05C0E091930AF091940A1995C2FF59
:1076100005C0E091950AF091960A1995C3FF05C03F
:10762000E091970AF091980A1995C4FF05C0E0917E
:10763000990AF0919A0A1995C5FF05C0E0919B0A35
:10764000F0919C0A1995C6FF05C0E0919D0AF09142
:107650009E0A1995C7FF05C0E0919F0AF091A00A04
:107660001995FF91EF91CF91BF91AF919F918F911C
:107670007F916F915F914F913F912F910F900BBE32
:107680000F900FBE0F901F9018951F920F920FB67C
:107690000F9211240BB60F922F933F934F935F934A
:1076A0006F937F938F939F93AF93BF93CF93EF93FA
:1076B000FF9390910301C091900A80918F0A3091BD
:1076C0008E0A292F209523238923822B20918D0A2E
:1076D000C927C223C8239093900ACC2389F1C0FF05
:1076E00005C0E0917F0AF091800A1995C1FF05C09D
:1076F000E091810AF091820A1995C2FF05C0E091DC
:10770000830AF091840A1995C3FF05C0E091850AA8
:10771000F091860A1995C4FF05C0E091870AF0919F
:10772000880A1995C5FF05C0E091890AF0918A0A77
:107730001995C6FF05C0E0918B0AF0918C0A199546
:10774000FF91EF91CF91BF91AF919F918F917F91D9
:107750006F915F914F913F912F910F900BBE0F90C2
:107760000FBE0F901F9018951F920F920FB60F9299
:1077700011240BB60F922F933F934F935F936F9308
:107780007F938F939F93AF93BF93CF93EF93FF9389
:1077900093B1C0917E0A80917D0A30917C0A292F95
:1077A000209523238923822B20916B00C927C22394
:1077B000C82390937E0ACC23C1F1C0FF05C0E0919D
:1077C0006C0AF0916D0A1995C1FF05C0E0916E0A2F
:1077D000F0916F0A1995C2FF05C0E091700AF0910F
:1077E000710A1995C3FF05C0E091720AF091730AFE
:1077F0001995C4FF05C0E091740AF091750A1995B6
:10780000C5FF05C0E091760AF091770A1995C6FF89
:1078100005C0E091780AF091790A1995C7FF05C073
:10782000E0917A0AF0917B0A1995FF91EF91CF913F
:10783000BF91AF919F918F917F916F915F914F9188
:107840003F912F910F900BBE0F900FBE0F901F9086
:1078500018951F920F920FB60F9211240BB60F922C
:107860002F933F934F935F936F937F938F939F9348
:10787000AF93BF93EF93FF93E0916A0AF0916B0A85
:107880001995FF91EF91BF91AF919F918F917F914A
:107890006F915F914F913F912F910F900BBE0F9081
:1078A0000FBE0F901F9018951F920F920FB60F9258
:1078B00011240BB60F922F933F934F935F936F93C7
:1078C0007F938F939F93AF93BF93EF93FF93E09139
:1078D000680AF091690A1995FF91EF91BF91AF91F4
:1078E0009F918F917F916F915F914F913F912F91D8
:1078F0000F900BBE0F900FBE0F901F9018951F9208
:107900000F920FB60F9211240BB60F922F933F9345
:107910004F935F936F937F938F939F93AF93BF9397
:10792000EF93FF93E091660AF091670A1995FF9132
:10793000EF91BF91AF919F918F917F916F915F91E7
:107940004F913F912F910F900BBE0F900FBE0F9054
:107950001F9018951F920F920FB60F9211240BB61D
:107960000F922F933F934F935F936F937F938F93D8
:107970009F93AF93BF93EF93FF93E091640AF091CD
:10798000650A1995FF91EF91BF91AF919F918F91EA
:107990007F916F915F914F913F912F910F900BBE0F
:1079A0000F900FBE0F901F9018951F920F920FB659
:1079B0000F9211240BB60F922F933F934F935F9327
:1079C0006F937F938F939F93AF93BF93EF93FF93A7
:1079D000E091620AF091630A1995FF91EF91BF91CE
:1079E000AF919F918F917F916F915F914F913F9157
:1079F0002F910F900BBE0F900FBE0F901F901895F8
:107A00001F920F920FB60F9211240BB60F922F9365
:107A10003F934F935F936F937F938F939F93AF9316
:107A2000BF93EF93FF93E091600AF091610A19957B
:107A3000FF91EF91BF91AF919F918F917F916F9146
:107A40005F914F913F912F910F900BBE0F900FBE02
:107A50000F901F9018951F920F920FB60F9211243E
:107A60000BB60F922F933F934F935F936F937F9338
:107A70008F939F93AF93BF93EF93FF93E0915E0A31
:107A8000F0915F0A1995FF91EF91BF91AF919F918E
:107A90008F917F916F915F914F913F912F910F90B7
:107AA0000BBE0F900FBE0F901F9018951F920F9254
:107AB0000FB60F9211240BB60F922F933F934F9353
:107AC0005F936F937F938F939F93AF93BF93EF9346
:107AD000FF93E0915C0AF0915D0A1995FF91EF9197
:107AE000BF91AF919F918F917F916F915F914F91D6
:107AF0003F912F910F900BBE0F900FBE0F901F90D4
:107B00001895CF92DF92EF92FF920F931F93CF932E
:107B1000DF93E0E2FCE01382128288EE93E0A0E0C3
:107B2000B0E084839583A683B78384E392E0918356
:107B3000808385EC90E09587848784EC90E097873C
:107B4000868780EC90E0918B808B81EC90E0938B2A
:107B5000828B82EC90E0958B848B86EC90E0978B07
:107B6000868B118E128E138E148E8CE080936A0E8B
:107B70008093E30DCDEBDCE084E090E09983888393
:107B800080E38A8382E090E09C838B838AE090E0AC
:107B90009E838D8386E090E098878F8384E490E0D5
:107BA0009A87898761E084E00E94450B60E08D81BF
:107BB0000E94450B61E08F810E94450B60E08B8144
:107BC0000E94450B61E089850E94450B85E090E0AD
:107BD0009093510D8093500D81E38093520D03E5F6
:107BE0001DE083E090E0F8019183808385E5C82E55
:107BF0008DE0D82E8BE090E0F6019183808397E5AD
:107C0000E92E9DE0F92E87E090E0F70191838083D3
:107C1000C9E5DDE085E490E09983888361E085E053
:107C20000E94450B60E0F60180810E94450B61E0F7
:107C3000F70180810E94450B60E0F80180810E947D
:107C4000450B61E08881DF91CF911F910F91FF90EB
:107C5000EF90DF90CF900C94450BCF93DF93CDB78F
:107C6000DEB7CC51D1400FB6F894DEBF0FBECDBF0A
:107C7000789484B5826084BD84B5816084BD85B507
:107C8000826085BD85B5816085BD80916E00816013
:107C900080936E00109281008091810082608093B9
:107CA00081008091810081608093810080918000BB
:107CB0008160809380008091B10084608093B100E6
:107CC0008091B00081608093B000809191008260CB
:107CD00080939100809191008160809391008091C8
:107CE00090008160809390008091A10082608093D9
:107CF000A1008091A10081608093A1008091A000EB
:107D000081608093A0008091210182608093210195
:107D10008091210181608093210180912001816007
:107D20008093200180917A00846080937A00809112
:107D30007A00826080937A0080917A0081608093DB
:107D40007A0080917A00806880937A001092C10056
:107D50001E0128E8220E311CC1010196C55EDE4FCE
:107D600099838883CB51D14060E082E10E94450B2A
:107D700061E08CE00E94450B61E08DE00E94450BC4
:107D800061E082E40E94450B61E083E40E94450BC0
:107D900061E081E40E94450B80910801806480933A
:107DA0000801809108018061809308018091080199
:107DB00080688093080180910801806280930801A7
:107DC000BE01615F7E4F80EF9FE00E94A71DB10161
:107DD00084EF9FE00E94A71DC15FDE4F88819981DB
:107DE000AA81BB81CF50D1408F3FEFEF9E07AE07F6
:107DF000BE0709F094C0F10180819181A281B38115
:107E00008F3F9F4FAF4FBF4F09F097C089E694E077
:107E10000E943C1B86E30E94760BBC01990F880BE5
:107E2000990B611571058105910511F00E945E495C
:107E30000E940F492FEF3FEF40E050E00E94284F93
:107E4000C15FDE4F688379838A839B83CF50D140A3
:107E500089E30E94760BBC01990F880B990B611581
:107E600071058105910511F00E945E490E940F493C
:107E70002FEF3FEF40E050E00E94284FD1016D937B
:107E80007D938D939C931397BE01615F7E4F80EF2E
:107E90009FE00E940D1EB10184EF9FE00E940D1E25
:107EA000F10183818F9382818F9381818F93808170
:107EB0008F93CE5EDE4F8881C251D1408F93CF5ECB
:107EC000DE4F8881C151D1408F93C05FDE4F8881E2
:107ED000C051D1408F93C15FDE4F8881CF50D140D8
:107EE0008F932EE834E03F932F9386E49BE09F939B
:107EF0008F930E9449528BE795E00E944E1B86E4C7
:107F00009BE00E943C1B6CE47DE180E090E00E94DD
:107F1000B20B0FB6F894DEBF0FBECDBF0EC0892BDB
:107F20008A2B8B2B51F4F10180819181A281B38145
:107F3000892B8A2B8B2B09F469CFD10113968C9155
:107F400013978F9312968C9112978F9311968C9111
:107F500011978F938C918F93CE5EDE4F8881C251A3
:107F6000D1408F93CF5EDE4F8881C151D1408F9336
:107F7000C05FDE4F8881C051D1408F93C15FDE4F1B
:107F80008881CF50D1408F93EEE8F4E0FF93EF93D8
:107F900086E49BE09F938F930E94495290E080E09B
:107FA0000E94124F0FB6F894DEBF0FBECDBF8C30CB
:107FB00009F4EEC10E94460D60E072EC81E090E0B1
:107FC0000E94190A6CED75E080E090E00E94B20B0F
:107FD00080E29CE00E94260D89E994E00E943C1B0F
:107FE0008CE0D1018C9341E150E06FE172E0C55E1D
:107FF000DE4F88819981CB51D1400E94FD5184E4AC
:10800000F101828B41E150E066E47BE0C1014396DF
:108010000E94FD51D10194961C92949795961C92C2
:10802000959780E896968C93969786E997968C9389
:10803000979788E998968C93989799961C92999718
:108040009A961C929A979B961C929B979C961C9230
:108050009C979D961C929D979E961C929E9781EE52
:108060009F968C939F9785EFD0968C93D09785E0C1
:10807000D1968C93D197D2961C92D297D3961C927C
:10808000D397D4961C92D497D5961C92D59784E119
:1080900090E0D7969C938E93D69785E090E0D99602
:1080A0009C938E93D897DB961C921E92DA978BE066
:1080B00090E0DD969C938E93DC9780E5DE968C9322
:1080C00080E092ECA1E0B0E0F101FF968083918323
:1080D000A283B38381E4C353DF4F8883CD5CD04058
:1080E00082E4C253DF4F8883CE5CD040C153DF4F60
:1080F0001882CF5CD040C053DF4F1882C05DD040A3
:10810000CF52DF4F1882C15DD040CE52DF4F188270
:10811000C25DD040CD52DF4F1882C35DD040CC52FB
:10812000DF4F1882C45DD040CB52DF4F1882C55D4F
:10813000D040CA52DF4F1882C65DD040C952DF4FCF
:108140001882C75DD040C852DF4F1882C85DD0404A
:10815000C752DF4F1882C95DD040C652DF4F188228
:10816000CA5DD040C552DF4F1882CB5DD040C452AB
:10817000DF4F1882CC5DD040C352DF4F1882CD5DF7
:10818000D040C252DF4F1882CE5DD04082E5C55349
:10819000DF4F8883CB5CD040C453DF4F8883CC5CF7
:1081A000D04094ECC152DF4F9883CF5DD04089E03E
:1081B000C052DF4F8883C05ED040CF51DF4F18825E
:1081C000C15ED040CE51DF4F1882C25ED040CD514B
:1081D000DF4F1882C35ED040CC51DF4F1882C45E9F
:1081E000D040CB51DF4F1882C55ED040CA51DF4F1F
:1081F0001882C65ED040C951DF4F9883C75ED04019
:10820000C851DF4F8883C85ED040C751DF4F188206
:10821000C95ED040C651DF4F1882CA5ED040C551FA
:10822000DF4F1882CB5ED040C451DF4F1882CC5E46
:10823000D040C351DF4F1882CD5ED040C251DF4FD6
:108240001882CE5ED040C151DF4F1882CF5ED04041
:10825000C051DF4F1882C05FD040CF50DF4F18822F
:10826000C15FD040CE50DF4F1882C25FD040CD50AA
:10827000DF4F1882C35FD040CC50DF4F1882C45FFD
:10828000D040CB50DF4F1882C55FD040CA50DF4F7F
:108290001882C65FD040C950DF4F1882C75FD040F8
:1082A000C850DF4F1882C85FD040C750DF4F1882D8
:1082B000C95FD040C650DF4F1882CA5FD040C5505A
:1082C000DF4F1882CB5FD040C450DF4F1882CC5FA5
:1082D000D040C350DF4F1882CD5FD040C250DF4F37
:1082E0001882CE5FD040C150DF4F1882CF5FD040A0
:1082F000C050DF4F1882C050D140CF5FDE4F188290
:10830000C150D140CE5FDE4F1882C250D140CD5F08
:10831000DE4F1882C350D140CC5FDE4F1882C4506C
:10832000D140CB5FDE4F1882C550D140CA5FDE4FCF
:108330001882C650D140C95FDE4F1882C750D14065
:10834000C85FDE4F1882C850D140C75FDE4F188229
:10835000C950D140C65FDE4F1882CA50D140C55FB8
:10836000DE4F1882CB50D140C45FDE4F1882CC5014
:10837000D140C35FDE4F1882CD50D140C25FDE4F87
:108380001882CE50D140B10190E080E00E94681E7A
:10839000EAE68E2EEEE09E2E10E000E0C8010E947C
:1083A000124FF40181934F010F5F1F4F07381105E2
:1083B000A9F70E94460D6091A90E7091AA0E8091B6
:1083C000AB0E9091AC0E0E94190A6CED75E080E046
:1083D00090E00E94B20B80E29CE00E94260D9FB7C5
:1083E000F8948091570B882319F081508093570B94
:1083F0008091570B811105C08CB58F7B8CBD10927D
:108400001F0C9FBF1FB7F8948091570B811127C095
:10841000E4E5F2E18491EAE9F2E19491E82FF0E0F9
:10842000EE0FFF1FEF52FE4EA591B491EC91E923A0
:1084300021F461E085E30E94170B61E085E30E946F
:10844000450B8CB580618CBD8CB580648CBD61E0C2
:1084500084E30E94450B61E083E30E94450B809119
:10846000570B8F5F8093570B1FBF85E492E00E94EC
:108470003C1B8EEB94E00E943C1B8FED94E00E942D
:108480003C1B85E492E00E943C1B8FE095E00E943B
:108490003C1B85E295E00E943C1B87E8EAE6FEE093
:1084A000DE01119601900D928A95E1F76CE375E07B
:1084B000C1010E94F6516FE172E0C1010E94D751E3
:1084C0006BE572E0C1010E94D75167E172E0C10122
:1084D0000E94D75160EA77E0C1010E94D751C101E3
:1084E0000E945C1B90E080E00E94124F9B89292F24
:1084F000092E000C330B3F939F931F928F938FE4B1
:1085000095E09F938F933F922F920E944952C10111
:108510000E945C1B65E775E0C1010E94F651BE0137
:108520006C5E7F4FC1010E94D751C1010E945C1B4C
:108530006BE875E0C1010E94F6510FB6F894DEBFFA
:108540000FBECDBFEDA1E830A0F4F0E08827E455E0
:10855000FD4B8F4F0C94EC4FB442164519451F4507
:108560001C4522452545284566EB75E0C1010E9462
:10857000D751C1010E945C1B6BEF75E0C1010E94E5
:10858000F651EBADFCADD1010D900020E9F71E16C0
:108590001F060CF460C2CD01FF93EF932CE036E090
:1085A0003F932F9301979F938F930E9449520F906F
:1085B0000F900F900F900F900F90C1010E945C1BC5
:1085C0008EAD8F938DAD8F938EE496E09F938F93B6
:1085D0003F922F920E944952C1010E945C1B8FADB5
:1085E000282F082E000C330B3F938F9388E696E0DC
:1085F0009F938F933F922F920E944952C1010E94F4
:108600005C1B24968FAD24978F9323968FAD239771
:108610008F9322968FAD22978F9321968FAD2197BE
:108620008F9385E796E09F938F933F922F920E94BE
:108630004952C1010E945C1B28968FAD2897282FB4
:10864000082E000C330B3F938F9327968FAD2797FF
:10865000282F082E000C330B3F938F938BE896E066
:108660009F938F933F922F920E944952C1010E9483
:108670005C1B8EA10FB6F894DEBF0FBECDBF882362
:1086800009F422C2282F082E000C330B3F938F933E
:1086900080EA96E09F938F933F922F920E944952D7
:1086A0000F900F900F900F900F900F90C1010E94AC
:1086B0005C1BBFA1CD5EDE4FB883C351D140E8A59E
:1086C000CB5EDE4FE883C551D14049A45AA46BA4C8
:1086D0007CA48DA49EA440E4A42E52E4B52E6FE0A9
:1086E000C62ED12CE12CF12C00E010E02B2F3E2FD8
:1086F000A201B301C4010E9486505F934F933F9340
:108700002F93CD5EDE4F2881C351D140CB5EDE4F2B
:108710003881C551D140A201B301C4010E948850E3
:108720005F934F933F932F9388EC96E09F938F93A3
:108730003F922F920E944952C1010E945C1BFFA5EB
:10874000CD5EDE4FF883C351D14028A9CB5EDE4F0A
:108750002883C551D14049A85AA86BA87CA88DA8E8
:108760009EA82F2FCB5EDE4F3881C551D140A2018C
:10877000B301C4010E9486505F934F933F932F93A0
:10878000CD5EDE4F2881C351D140CB5EDE4F3881B4
:10879000C551D140A201B301C4010E9488505F932A
:1087A0004F933F932F9383EE96E09F938F933F9247
:1087B0002F920E944952C1010E945C1B88AD8F9389
:1087C0008FA98F938FEF96E09F938F933F922F9275
:1087D0000E944952C1010E945C1B64968FAD649750
:1087E0008F9363968FAD63978F9362968FAD6297E9
:1087F0008F9361968FAD61978F932C968FAD2C9749
:108800008F932B968FAD2B978F932A968FAD2A97A8
:108810008F9329968FAD29978F938FE097E09F9341
:108820008F933F922F920E9449520FB6F894DEBF69
:108830000FBECDBFC1010E945C1B8AAD8F9389AD75
:108840008F938FE297E09F938F933F922F920E9496
:108850004952C1010E945C1BA4968FADA4978F93CF
:10886000A3968FADA3978F93A2968FADA2978F9368
:10887000A1968FADA1978F936C968FAD6C978F93C8
:108880006B968FAD6B978F936A968FAD6A978F9328
:1088900069968FAD69978F938FE397E09F938F933E
:1088A0003F922F920E944952C1010E945C1BE496A4
:1088B0008FADE4978F93E3968FADE3978F93E29616
:1088C0008FADE2978F93E1968FADE1978F93AC9642
:1088D0008FADAC978F93AB968FADAB978F93AA96D6
:1088E0008FADAA978F93A9968FADA9978F9383E6A3
:1088F00097E09F938F933F922F920E944952C1011C
:108900000E945C1BCD57DF4F8881C358D0408F93A6
:10891000CE57DF4F8881C258D0408F93CF57DF4F5B
:108920008881C158D0408F93C058DF4F8881C0588C
:10893000D0408F93EC968FADEC978F93EB968FADE5
:10894000EB978F93EA968FADEA978F93E9968FAD69
:10895000E9978F9385E897E09F938F933F922F92AB
:108960000E9449520FB6F894DEBF0FBECDBFC101C1
:108970000E945C1B8FE095E00E943C1B85E492E026
:108980000E943C1B8091720B811132C382EA97E0F6
:108990000E943C1B85E492E00E944E1B07E010E021
:1089A0006AEF70E080E090E00E94B20B8EE20E94DD
:1089B000210D80E29CE00E949C0C892B09F08AC06A
:1089C0006AEF70E080E090E00E94B20B8EE20E94BD
:1089D000210D80E29CE00E949C0C892B09F07AC05A
:1089E0006AEF70E080E090E00E94B20B8EE20E949D
:1089F000210D80E29CE00E949C0C892B09F06AC04A
:108A00006AEF70E080E090E00E94B20B8EE20E947C
:108A1000210D80E29CE00E949C0C892B09F05AC039
:108A20000150110909F0BCCF10E055C06EE975E0A6
:108A30009DCD6FEA75E09ACD60EC75E097CD67EC5F
:108A400075E094CD6AED75E091CD69EE75E08ECD5F
:108A50006FEE75E08BCD8D0101501109EA30F10503
:108A600034F521E030E080E090E0912C812CAAE008
:108A7000B0E0AC010E94474F9B01BFEF8B1A9B0AED
:108A8000E815F905A1F79F938F933F936F93FF9399
:108A9000EF9389E196E09F938F931F930F930E942A
:108AA00049520FB6F894DEBF0FBECDBF86CDFF93FF
:108AB000EF93FF93EF9383E396E09F938F931F933E
:108AC0000F930E944952EDCF63EB76E0C1010E9403
:108AD000F651ECCD11E082E492E00E942F1B80E27F
:108AE0009CE00E949C0C892B29F080E29CE00E9473
:108AF0007A0CF5CF112331F00E94CE190E94473431
:108B00000E94A51C8091980E80936A0B8091990E0B
:108B100080936B0B80919A0E80936C0B80919B0ECF
:108B200080936D0B80919C0E80936E0B80919D0EB7
:108B300080936F0B80919E0E8093700B80919F0E9F
:108B40008093710BA090900EB090910EC090920EF9
:108B5000D090930EE090940EF090950E0091960EAA
:108B60001091970E20E030E145EA54ED68EE70E098
:108B700080E090E00E9488502093620B3093630B5A
:108B80004093640B5093650B6093660B7093670B77
:108B90008093680B9093690BE091A00EF091A10E69
:108BA000CB5EDE4FF983E883C551D140F093610B72
:108BB000E093600B9DEB492E9CE0592E2FEA3EE09E
:108BC000C75EDE4F39832883C951D14021EB622E25
:108BD0002EE0722E35E0832E3DE0932E85E49DE05D
:108BE000CD5EDE4F99838883C351D140C95EDE4F8D
:108BF00019821882C751D140F20113AEFB9611823F
:108C000012821382148215821682178243E9C95E8A
:108C1000DE4F28813981C751D140429FD001439F07
:108C2000B00D1124A354B34FFD013B961B961C922B
:108C30001182128213821482158216821782D20147
:108C40009B961C929B979C961C929C979D961C921F
:108C50009D979E961C929E979F961C929F97D0964A
:108C60001C92D097D1961C92D197D2961C92F40167
:108C70001082118212821382148215821682178248
:108C80001086118612861386148615861686178618
:108C9000108A118A128A138A148A158A168A178AE8
:108CA00010AE11AE12AE13AE14AE15AE16AE17AEB8
:108CB000C75EDE4FE881F981C951D1408191C75E1D
:108CC000DE4FF983E883C951D140CD5EDE4FA881E4
:108CD000B981C351D14018968C93F3012081318121
:108CE000428153816481758186819781F8E06F0E9E
:108CF000711CD40158962C93589759963C935997C8
:108D00005A964C935A975B965C935B975C966C93E0
:108D10005C975D967C935D975E968C935E975F966D
:108D20009C93D3011896EC91D4019096EC93D301C7
:108D30001996EC91D4019196EC93D3011A96EC918B
:108D4000D4019296EC93D3011B96EC91D4019396A7
:108D5000EC93D3011C96EC91D4019496EC93D3013F
:108D60001D96EC91D4019596EC93D3011E96EC914F
:108D7000D4019696EC93D3011F96EC91D40197966B
:108D8000EC93D3015896EC91D4019896EC93D301CF
:108D90005996EC91D4019996EC93D3015A96EC91A3
:108DA000D4019A96EC93D3015B96EC91D4019B96F7
:108DB000EC93D3015C96EC91D4019C96EC93D30197
:108DC0005D96EC91D4019D96EC93D3015E96EC9167
:108DD000D4019E96EC93D3015F96EC91D4019F96BB
:108DE000EC939F97F301A0A4B1A4C2A4D3A4E4A4DC
:108DF000F5A406A517A50E949351D0962C93D09761
:108E0000D1963C93D197D2964C93D297D3965C93BC
:108E1000D397D4966C93D497D5967C93D597D696C2
:108E20008C93D697D7969C93CD5EDE4FA881B9815F
:108E3000C351D1401D921D921D921C921397FD01AA
:108E400014821582168217828091A60E9091A70E29
:108E50008D3091050CF0D8C097FD80E08093020220
:108E60008091A40E80930102F1E0F0937D0B60E00D
:108E7000D2018C910E94170B65E070E080E090E0D9
:108E80000E94B20B61E0F20180810E94170B65E045
:108E900070E080E090E00E94B20BCB5EDE4F288154
:108EA0003981C551D14040E42A30310549F040ECC8
:108EB0002832310529F040E82230310509F440E03C
:108EC000CD5EDE4FA881B981C351D1401A964C9333
:108ED00061E0C2010E94200F47E063E0C2010E94EE
:108EE000200F4091A20E66E0C2010E94200F40E0D8
:108EF00067E0C2010E94200FF2018281803309F0F5
:108F000085C08091AD0E863409F085C088E0836805
:108F1000CD5EDE4FA881B981C351D14019968C93A3
:108F2000C2010E94CF0FC2010E942515B3E94B0E6A
:108F3000511CE3E98E0E911CCD5EDE4F28813981F4
:108F4000C351D1402D563F4FCD5EDE4F398328832C
:108F5000C351D140C95EDE4F88819981C751D1404C
:108F6000019709F048C08091A80E803509F0A4C08F
:108F700060ED77E080E090E00E94B20B61E08EE36C
:108F80000E94450B60E08EE30E94170B68EE73E0D1
:108F900080E090E00E94B20B82E10E94EE0A21E0A4
:108FA000892B09F420E002E010E0822E912C8FE062
:108FB000682E712C82E10E94EE0A8815990569F5E8
:108FC000C3010197F1F703331105A0F70F5F1F4F9E
:108FD0000233110579F785E492E00E943C1B85E499
:108FE00092E00E943C1B87EC97E00E943C1BE2CF82
:108FF0001092720B87CDA1E0B0E0C95EDE4FB9835D
:10900000A883C751D140F8CD8CE028CF813319F423
:109010008091AE0E78CF80E07ACF61E08EE30E943F
:10902000170B8EE30E94EE0A892BD9F31092580B8E
:109030001092590B10925A0B10925B0B10925C0B12
:1090400010925D0B10925E0B10925F0B42E064EE8B
:109050007BE082E10E943E1A43E068E07CE082E02F
:109060000E943E1A43E063E27CE083E00E943E1AE5
:1090700060E08EE30E94170B60E08EE30E94450BD8
:109080008091730B81114FC085E492E00E943C1BDC
:10909000E0918E0EE83008F046C0F0E08827EC5AE8
:1090A000F74B8F4F0C94EC4F6948784887487B48C2
:1090B0007E4881488448BD4885E492E00E943C1B7C
:1090C00085E492E00E943C1B81EF97E00E943C1BEC
:1090D000A8CF8DE198E00E944E1B8091A60E909142
:1090E000A70E0E942C1D88E398E00E943C1B1BC029
:1090F00089E498E0F0CF89E798E0EDCF8DE998E03A
:10910000EACF85EB98E0E7CF8AEE98E0EECF8FE1EB
:1091100099E00E943C1B89E499E00E943C1B82E498
:1091200092E00E942F1B809108018F7B80930801A1
:10913000809108018F7E80930801809108018F77CC
:1091400080930801809108018F7D809308018091B0
:109150000801877F809308018091730B882381F039
:109160001092730B81E0809300028DEB99E00E94D6
:109170003C1B0E94630D0C94B43E80EA99E0B5CF8D
:109180000E94D134F6CF8F929F92AF92BF92CF922E
:10919000DF92EF92FF92CF93DF93EC0168817981A8
:1091A0008A819B81611571058105910521F464E235
:1091B00079ED8BE597E02DE133EF41E050E00E943F
:1091C000284F49015A019B01AC01A7EAB1E40E9472
:1091D000474F6B017C01ACEEB4EFA50194010E94F6
:1091E000554FC60ED71EE81EF91EF7FE06C081E0D9
:1091F000C81AD108E10880E8F80AC882D982EA8250
:10920000FB82C701B6019F77DF91CF91FF90EF906E
:10921000DF90CF90BF90AF909F908F9008958F92E6
:109220009F92AF92BF92CF92DF92EF92FF926091A6
:10923000030270910402809105029091060261156B
:1092400071058105910521F464E279ED8BE597E0E4
:109250002DE133EF41E050E00E94284F49015A01CF
:109260009B01AC01A7EAB1E40E94474F6B017C016E
:10927000ACEEB4EFA50194010E94554FC60ED71E67
:10928000E81EF91EF7FE06C081E0C81AD108E10801
:1092900080E8F80AC0920302D0920402E09205022C
:1092A000F0920602C701B6019F77FF90EF90DF9022
:1092B000CF90BF90AF909F908F90089560930302DE
:1092C00070930402809305029093060208958F9292
:1092D0009F92AF92BF92CF92DF92EF92FF920F9345
:1092E0001F93CF93DF935C017B016115710519F02A
:1092F000DB018D939C9385010F5F1F4FF501D0819A
:109300008D2F90E00E94C54A6C01892BB9F5DD32A2
:10931000B9F50F5F1F4FD5011196DC91C1E05801DF
:10932000F1E0AF1AB10843E050E068EE71E0C5012A
:109330000E94E94A892B69F5680182E0C80ED11CB8
:1093400045E050E063EE71E0C6010E94E94A892BD6
:1093500021F4680197E0C90ED11CE114F10419F061
:10936000D701CD92DC9260E070E080E89FEFC11100
:10937000FFC060E070E080E89FE7FAC05801BBCF13
:10938000DB3229F485010E5F1F4FF501D181C0E06A
:10939000C6CF43E050E060EE71E0C5010E94E94AAB
:1093A000892BE9F0F80110E000E020E030E0A901AD
:1093B0005F01B0ED8B2E8D0E89E08815C8F19C2ED3
:1093C000689491F88C2F8870C2FF16C0811102C07A
:1093D0000F5F1F4F3196D501DC91C92DE9CFE11404
:1093E000F10429F00E5F1F4FF7011183008360E045
:1093F00070E080EC9FE7BCC0882311F00150110998
:10940000A5E0B0E00E94474F9B01AC01220F331F43
:10941000441F551F280D311D411D511D283999E943
:109420003907490799E15907A8F2C6609C2ED2CFA7
:10943000AEEF8A1206C0C3FD3CC09C2E689493F820
:10944000C9CFDF7DD534A9F580818D3239F4C06173
:10945000DF011296818162E070E006C0DF018B328D
:10946000C1F3119661E070E080535D01A61AB70A5E
:109470008A30F8F4E0E8CE16ECE0DE065CF4B601E3
:10948000660F771F660F771FC60ED71ECC0CDD1C2C
:10949000C80ED11C5D01FFEFAF1ABF0A8C9180533B
:1094A0008A30A8F1C4FF03C0D194C194D1080C0D37
:1094B0001D1DC1FF09C0E114F10431F081E0A81ABB
:1094C000B108D701AD92BC92CA01B9010E944A4BC2
:1094D000C370C33009F490584B015C0120E030E0C8
:1094E000A9010E94454B882309F440C0C7E1D2E09E
:1094F00017FF05C0119501951109CFEFD1E06E015D
:10950000B8E1CB1AD10880E2E82EF12C0FC0D501CA
:10951000B1CFFE0125913591459154910E191F0946
:10952000C501B4010E94AB4B4B015C01D501C401E4
:109530000E151F0574F72497F594E794CC16DD06F5
:10954000A9F78A2F880F8B2F881F8F3F49F020E0C3
:1095500030E0A901C501B4010E94454B811106C04C
:1095600082E290E09093F20E8093F10EC501B40177
:10957000DF91CF911F910F91FF90EF90DF90CF90EF
:10958000BF90AF909F908F90089591110C941A4EB8
:10959000803219F089508550C8F70895FB01DC012D
:1095A00002C005900D9241505040D8F70895FB013C
:1095B000DC010D900020E9F7119705900D92002035
:1095C000E1F70895FB01DC0105900D920020E1F721
:1095D0000895FB01DC014150504088F08D918134A9
:1095E0001CF08B350CF4805E659161341CF06B359A
:1095F0000CF4605E861B611171F3990B0895881B52
:10960000FCCFDC01FB014150504058F049F0019083
:109610000D920020C1F7E61BF70B3197CF0108959B
:109620001C9201900020E9F7F6CF0F931F93CF9380
:10963000DF93CDB7DEB72E970FB6F894DEBF0FBE1F
:10964000CDBF0E891F898EE08C831A8309838FEF2B
:109650009FE79E838D83AE01465E5F4F688D798D57
:10966000CE0101960E94184C2F813885020F131FDE
:10967000F80110822E960FB6F894DEBF0FBECDBF54
:10968000DF91CF911F910F9108950E94874B08F4AD
:1096900081E00895E89409C097FB3EF49095809589
:1096A000709561957F4F8F4F9F4F9923A9F0F92FA8
:1096B00096E9BB279395F695879577956795B79526
:1096C000F111F8CFFAF4BB0F11F460FF1BC06F5F0C
:1096D0007F4F8F4F9F4F16C0882311F096E911C01E
:1096E000772321F09EE8872F762F05C0662371F03F
:1096F00096E8862F70E060E02AF09A95660F771F53
:10970000881FDAF7880F9695879597F90895990F2E
:109710000008550FAA0BE0E8FEEF16161706E8073B
:10972000F907C0F012161306E407F50798F0621B5C
:10973000730B840B950B39F40A2661F0232B242B31
:10974000252B21F408950A2609F4A140A6958FEF50
:10975000811D811D08950E94BE4B0C94D84E0E941D
:10976000CA4E38F00E94D14E20F0952311F00C948F
:10977000C14E0C94C74E11240C940C4F0E94E94E1C
:1097800070F3959FC1F3950F50E0551F629FF00154
:10979000729FBB27F00DB11D639FAA27F00DB11D6D
:1097A000AA1F649F6627B00DA11D661F829F2227F6
:1097B000B00DA11D621F739FB00DA11D621F839F7D
:1097C000A00D611D221F749F3327A00D611D231F53
:1097D000849F600D211D822F762F6A2F11249F57A1
:1097E00050409AF0F1F088234AF0EE0FFF1FBB1FA4
:1097F000661F771F881F91505040A9F79E3F510563
:1098000080F00C94C14E0C940C4F5F3FE4F3983EF3
:10981000D4F3869577956795B795F795E7959F5F0C
:10982000C1F7FE2B880F911D9695879597F908959E
:109830002F923F924F925F926F927F928F929F9260
:10984000AF92BF92CF92DF92EF92FF920F931F934E
:10985000CF93DF9300D000D000D01F921F92CDB7DE
:10986000DEB77C013B018A01FC01178216828381ED
:1098700081FFDDC1CE0101965C01F7019381F30107
:1098800093FD859193FF81913F01882309F453C192
:10989000853239F493FD859193FF81913F018532A3
:1098A00029F4B70190E00E94334EE7CF912C212C90
:1098B000312CFFE1F31538F08B3211F190F4803246
:1098C00009F1833229F137FC3CC020ED280F2A3002
:1098D00050F536FE20C08AE0989E200D1124922E6D
:1098E00006C08D3291F0803371F7689430F8F3013F
:1098F00093FD859193FF81913F018111DACF21C0C2
:10990000689431F8689432F8F2CF689433F8EFCF66
:10991000689434F8ECCFEAE02E9E200D1124222E1C
:10992000689435F8E4CF8E3229F436FC04C168948B
:1099300036F8DDCF8C3619F4689437F8D8CF8836EE
:10994000B1F2982F9F7D95549330E0F08336A1F1CA
:109950008337C1F1833509F063C02801F2E04F0E6F
:10996000511CF801C080D180692D70E036FC02C026
:109970006FEF7FEFC6010E941D4E4C01689437F8CF
:1099800082010AC00C5F1F4FFFE3F9838824839490
:10999000912C6501E89437F833FE2DC0522C8114C8
:1099A000910471F5552009F468CFB70180E290E089
:1099B0000E94334E5A94F6CFF801808189830E5F5E
:1099C0001F4FE4CF2801F2E04F0E511CF801C08078
:1099D000D180692D70E036FC02C06FEF7FEFC601C9
:1099E0000E94284E4C018201D5CFB70180E290E061
:1099F0000E94334E2A942814190409F0B0F7CECFF0
:109A0000F60137FC859137FE81916F01B70190E037
:109A10000E94334E51105A94F1E08F1A9108BFCF33
:109A2000843619F0893609F077C0F80137FE6BC02B
:109A300060817181828193810C5F1F4FF32DFF76CE
:109A40003F2E97FF09C090958095709561957F4F47
:109A50008F4F9F4F689437F82AE030E0A5010E94AD
:109A6000634EC82ECA188C2C432C36FE0CC0E894CA
:109A700040F8C91440F434FE05C032FC03C0F32D95
:109A8000FE7E4F2E892C44FEAAC0FE01EC0DF11D76
:109A90008081803309F09CC0242D297E422E842DA4
:109AA0008870582E43FCAAC040FEA4C09C2C82148F
:109AB00018F42C0C922C981844FEA6C0B70180E331
:109AC00090E00E94334E42FE09C088E790E041FEDC
:109AD00002C088E590E0B7010E94334EC91408F433
:109AE0009FC0CA94D12C9FEFC91AD90ACA0CDB1C9B
:109AF000F60182916F01B70190E00E94334EAC14E1
:109B0000BD04B1F74FCF60817181072E000C880B27
:109B1000990B0E5F1F4F92CFD32CE894D4F82AE014
:109B200030E08537E1F1232D297FD22E8F36A9F140
:109B3000F0F4883551F1F701868197812B960FB6A5
:109B4000F894DEBF0FBECDBFDF91CF911F910F9173
:109B5000FF90EF90DF90CF90BF90AF909F908F904D
:109B60007F906F905F904F903F902F900895803737
:109B700049F0883701F7D4FE02C06894D2F820E19A
:109B800030E00DC06894D4F8F6CF34FE03C0822FC5
:109B90008660D82E20E132E002C028E030E0F801F3
:109BA000D7FE0FC060817181828193810C5F1F4F4E
:109BB000A5010E94634EC82ECA183D2CE89437F8C0
:109BC00052CF6081718190E080E00E5F1F4FF0CF37
:109BD00042FC02C0839463CF8394839460CF842D2E
:109BE000867809F45CCFF6CFB70180E290E00E945E
:109BF000334E83948214C0F3512C5ECF522C5818EC
:109C0000821408F459CFF8CF842D867809F466CFF2
:109C10008BE241FE80E247FC8DE2B70190E05CCF31
:109C2000B70180E390E00E94334E9A9457CF8FEFB4
:109C30009FEF84CF992788270895FC0105906150F4
:109C400070400110D8F7809590958E0F9F1F089552
:109C5000FC016150704001900110D8F780959095FB
:109C60008E0F9F1F08950F931F93CF93DF93182F8D
:109C7000092FEB018B8181FD09C01FEF0FEF812FB1
:109C8000902FDF91CF911F910F91089582FF14C003
:109C90002E813F818C819D81281739073CF4E88112
:109CA000F981CF0101969983888310838E819F81EA
:109CB00001969F838E83E3CFE885F985812F1995DF
:109CC000892BA1F3DACFFA01AA27283051F12031EC
:109CD00081F1E8946F936E7F6E5F7F4F8F4F9F4F40
:109CE000AF4FB1E03ED0B4E03CD0670F781F891F82
:109CF0009A1FA11D680F791F8A1F911DA11D6A0F50
:109D0000711D811D911DA11D20D009F468943F9102
:109D10002AE0269F11243019305D3193DEF6CF0101
:109D20000895462F4770405D4193B3E00FD0C9F7C7
:109D3000F6CF462F4F70405D4A3318F0495D31FD34
:109D40004052419302D0A9F7EACFB4E0A695979587
:109D5000879577956795BA95C9F70097610571055D
:109D600008959B01AC010A2E0694579547953795A7
:109D70002795BA95C9F7620F731F841F951FA01D01
:109D8000089597F99F6780E870E060E008959FEF7D
:109D900080EC089500240A94161617061806090682
:109DA000089500240A941216130614060506089551
:109DB000092E0394000C11F4882352F0BB0F40F4D9
:109DC000BF2B11F460FF04C06F5F7F4F8F4F9F4F19
:109DD000089557FD9058440F551F59F05F3F71F09B
:109DE0004795880F97FB991F61F09F3F79F0879502
:109DF0000895121613061406551FF2CF4695F1DF8B
:109E000008C0161617061806991FF1CF869571051A
:109E1000610508940895E894BB2766277727CB014E
:109E200097F90895F999FECF92BD81BDF89A9927C7
:109E300080B50895262FF999FECF1FBA92BD81BD36
:109E400020BD0FB6F894FA9AF99A0FBE01960895BC
:109E5000052E97FB1EF400940E943F4F57FD07D03C
:109E60000E945A4F07FC03D04EF40C943F4F50957C
:109E70004095309521953F4F4F4F5F4F08959095F6
:109E80008095709561957F4F8F4F9F4F08950E94E9
:109E90007C4FA59F900DB49F900DA49F800D911DA8
:109EA00011240895B7FF0C94474F0E94474F821B1F
:109EB000930B0895A1E21A2EAA1BBB1BFD010DC036
:109EC000AA1FBB1FEE1FFF1FA217B307E407F5076A
:109ED00020F0A21BB30BE40BF50B661F771F881F46
:109EE000991F1A9469F760957095809590959B01DC
:109EF000AC01BD01CF010895A29FB001B39FC00185
:109F0000A39F700D811D1124911DB29F700D811DA5
:109F10001124911D0895BEE304D008F490E808953B
:109F2000BFE322273327A9010E94F14E60F19F571A
:109F300048F1B91740F1BFE3B91B9927B8503AF47B
:109F4000660F771F881F991FB395D2F316C0B850BC
:109F50004AF0232F342F452F562F672F782F88272D
:109F6000B850BAF7B85F49F08695779567955795D9
:109F7000479537952795BA95B9F716F40E94C74FBC
:109F800088940895889460E070E0CB0108959095DE
:109F900080957095609550954095309521953F4FEF
:109FA0004F4F5F4F6F4F7F4F8F4F9F4F08950E94CE
:109FB000874B08F48FEF0895DB018F939F930E94E6
:109FC000474FBF91AF91A29F800D911DA39F900D10
:109FD000B29F900D11240895EE0FFF1F881F8BBFB5
:109FE0000790F691E02D1994DF93CF931F930F9371
:109FF0009A9DF02D219FF00D8B9DF00D8A9DE02DF7
:10A00000F10D039FF00D029FE00DF11D4E9DE00D3F
:10A01000F11D5E9DF00D4F9DF00D7F936F93BF92EC
:10A02000AF925F934F93D5010E947C4F8B01AC019F
:10A03000D7010E947C4FEB01E80FF91FD6010E9467
:10A0400043502F913F91D6010E947C4FC60FD71FDE
:10A05000E81FF91FAF91BF910E9443502F913F918C
:10A060000E947C4FC60FD71FE81FF91FD6010E9420
:10A070007C4FE60FF71F9801BE01CF010F911F9192
:10A08000CF91DF9108950E947C4F460F571FC81F44
:10A09000D91F08F43196089597FB57FF0C945C5034
:10A0A0009F938F930E945C506E1B7F0BAF91BF916B
:10A0B0008A0B9B0B0895E894DF93CF93FC01DB019F
:10A0C0000E947C4F7F936F93E9019A01AC01BF938B
:10A0D000AF933F932F93DF010E947C4F26F46C1BBC
:10A0E0007D0B820B930B9E01EB01FC010E94435000
:10A0F000AF91BF912F913F910E944350BE01CF017C
:10A10000F9012F913F91CF91DF910895689401C09B
:10A11000E894F92FF12B12F00C94BA50A0E0B0E0C3
:10A12000E4E9F0E50C942C51092E059422F40E94E8
:10A130001651112392F4F0E80F26FFEFE094F0940B
:10A1400000951095B094C094D094A194BF0ACF0A02
:10A15000DF0AEF0AFF0A0F0B1F0B0E94C55007FC16
:10A160000E941651CDB7DEB7ECE00C9448516894CC
:10A1700001C0E8948F929F92CF93DF930E94C550C5
:10A18000DF91CF919F908F90089588249924F401B6
:10A19000E401B0E49F93AA279A158B049C04ED0573
:10A1A000FE05CF05D007A10798F4AD2FDC2FCF2FE8
:10A1B000FE2FE92D982C892E982F872F762F652F2B
:10A1C000542F432F322F2227B85031F7BF9127C089
:10A1D0001B2EBF91BB27220F331F441F551F661F25
:10A1E000771F881F991F881C991CEE1FFF1FCC1F0B
:10A1F000DD1FAA1FBB1F8A149B04EC05FD05CE05BD
:10A20000DF05A007B10748F08A189B08EC09FD0993
:10A21000CE09DF09A00BB10B21601A94E1F62EF4F0
:10A220009401AF01BE01CD01000C089560957095B9
:10A230008095909530954095509521953F4F4F4F83
:10A240005F4F6F4F7F4F8F4F9F4F08952F923F92D9
:10A250004F925F926F927F928F929F92AF92BF9236
:10A26000CF92DF92EF92FF920F931F93CF93DF93E2
:10A27000CDB7DEB7CA1BDB0B0FB6F894DEBF0FBE3F
:10A28000CDBF19942A88398848885F846E847D847C
:10A290008C849B84AA84B984C884DF80EE80FD808E
:10A2A0000C811B81AA81B981CE0FD11D0FB6F89404
:10A2B000DEBF0FBECDBFED010895002E083090F037
:10A2C000982F872F762F652F542F432F322F222739
:10A2D0000850F4CF220F331F441F551F661F771FEE
:10A2E000881F991F0A95B2F7002D089597FD1094C5
:10A2F000002E083098F00850232F342F452F562F6A
:10A30000672F782F892F912DF4CF159497958795E6
:10A310007795679557954795379527950A95AAF7A5
:10A320001124002D08952A0D3B1D4C1D5D1D6E1D31
:10A330007F1D801F911F08950024A7FD00942A0F00
:10A34000301D401D501D601D701D801D901D089505
:10A350002A193B094C095D096E097F09800B910B95
:10A3600008952A153B054C055D056E057F058007A0
:10A37000910708950024A7FD00942A173005400591
:10A3800050056005700580059005089591110895A8
:10A3900081568A5108F4805285580895FB01DC01EA
:10A3A00002C001900D9241505040D8F70895FB0132
:10A3B000DC010D900020E9F7119701900D9200202B
:10A3C000E1F70895FC018191861721F08823D9F7E0
:10A3D000992708953197CF010895FB01DC018D91F4
:10A3E000019080190110D9F3990B0895FB01DC014C
:10A3F00001900D920020E1F70895FB01DC0141502E
:10A40000504048F001900D920020C9F701C01D9204
:10A4100041505040E0F708950F931F93CF93DF937F
:10A42000CDB7DEB72E970FB6F894DEBF0FBECDBF07
:10A430000E891F89888D998D26E02C831A830983C4
:10A4400097FF02C080E090E801979E838D83AE0164
:10A45000445E5F4F6A8D7B8DCE0101960E94184C41
:10A460004D815E8157FD0AC02F8138854217530701
:10A470000CF49A01020F131FF80110822E960FB6EA
:10A48000F894DEBF0FBECDBFDF91CF911F910F912A
:10A4900008950F931F93CF93DF93CDB7DEB72E9719
:10A4A0000FB6F894DEBF0FBECDBF0E891F8986E0C0
:10A4B0008C831A8309838FEF9FE79E838D83AE0180
:10A4C000465E5F4F688D798DCE0101960E94184CD3
:10A4D0002F813885020F131FF80110822E960FB6B8
:10A4E000F894DEBF0FBECDBFDF91CF911F910F91CA
:06A4F0000895F894FFCF6F
:10A4F60001020B0100000078026702560243023C8B
:10A50600022D0227021B02524332000000000032D5
:10A51600303235313031342E310000000000000079
:10A5260000000000D40C3E0C6B0C260D9C0C7A0C23
:10A536008E0C0D0A002320004669726D77617265E4
:10A546002076657273696F6E3A20002028002C20F1
:10A55600426F6172642073657269616C3A200059BA
:10A566004553003100256C642E2530366C64204D31
:10A57600487A2900256C642E2530366C6420757364
:10A5860065632900256C642F256C642900256425E4
:10A596007329002564290025632F25632900256C6E
:10A5A6007529004F4B202D2D20577261702044696C
:10A5B60067697473202564202D3E202564004F4B67
:10A5C600202D2D20446563696D616C20506C61639C
:10A5D6006573202564202D3E202564004F4B202DD9
:10A5E6002D2053796E63204D6F6465202563202DE1
:10A5F6003E202563004F4B202D2D20506F6C6C2084
:10A606004368617261637465722000202D3E2000EC
:10A616004F4B202D2D20436F617273652054696363
:10A626006B202573202D3E2025730050726F7044D9
:10A63600656C61790054696D652044696C61746963
:10A646006F6E00666978656454696D6532004655BB
:10A6560044474530004F4B202D2D205374617274B2
:10A6660020456467652025632563202D3E202563EC
:10A676002563004F4B202D2D204368616E6E656C5F
:10A68600204E616D65732025632563202D3E2025B0
:10A6960063256300232053746F7070696E67206DA5
:10A6A6006561737572656D656E747320666F722071
:10A6B600636F6E6669672E2E2E002320466C7573B7
:10A6C60068696E672070656E64696E67206D656186
:10A6D600737572656D656E7473206265666F7265FB
:10A6E60020636F6E6669672E2E2E002320526573D7
:10A6F60074617274696E67206D6561737572656DDC
:10A70600656E74732E2E2E0023203130204D485A4C
:10A71600205265666572656E6365206C6F73742181
:10A72600002320507265737320616E79206B657902
:10A7360020746F207265737461727420616674652B
:10A7460072207265666572656E6365206973207234
:10A756006573746F7265642E004E6F20736572693F
:10A76600616C206E756D62657220666F756E642E03
:10A776002E2E206D616B696E67206F6E6500253029
:10A78600346C582530346C58004E6F20636F6E66FB
:10A79600696720666F756E642E202057726974692A
:10A7A6006E672064656661756C742E2E2E002320FC
:10A7B6005441505220544943432054696D65737483
:10A7C600616D70696E6720436F756E7465720023E4
:10A7D60020436F7079726967687420323031362D84
:10A7E60032303235204E3855522C204B3954525681
:10A7F6002C204E48365A2C205741385957510023A1
:10A806002323232323232323232323232323232312
:10A81600232323230023205449434320436F6E669A
:10A82600696775726174696F6E3A2000536F66745A
:10A83600776172652056657273696F6E3A200045BE
:10A846004550524F4D2056657273696F6E3A2025FA
:10A85600642C20426F6172642056657273696F6E54
:10A866003A20256300426F61726420536572696104
:10A876006C204E756D6265723A20004D6561737588
:10A8860072656D656E74204D6F64653A2000506187
:10A89600697265645F54696D657374616D700042B9
:10A8A600696E6172792054696D657374616D7000AB
:10A8B600506572696F640054696D6520496E7465F0
:10A8C6007276616C20412D3E4200332D436F726ECD
:10A8D6006572656420486174004465627567004E60
:10A8E600756C6C204F75747075740054696D657362
:10A8F60074616D7020577261703A200025642028BB
:10A906006E6F207772617029002564202877726146
:10A91600707320617420256C75207365636F6E6497
:10A926007329002564202877726170732061742072
:10A9360031652564207365636F6E647329004F75F6
:10A946007470757420446563696D616C20506C6128
:10A956006365733A2025640053796E634D6F6465B1
:10A966003A2025630053657269616C204261756403
:10A9760020526174653A20256C75004368616E6EDD
:10A98600656C204E616D65733A2025632F25630043
:10A99600506F6C6C204368617261637465723A2013
:10A9A600256300506F6C6C20436861726163746547
:10A9B600723A206E6F6E6500436C6F636B20537046
:10A9C6006565643A20256C642E2530366C64204D0E
:10A9D600487A00436F61727365207469636B3A202D
:10A9E600256C642E2530366C6420757365630043D0
:10A9F600616C20506572696F64733A20256400505B
:10AA0600726F7044656C61793A20256C6420286306
:10AA16006830292C20256C6420286368312900546D
:10AA2600696D656F75743A203078252E325800545A
:10AA3600696D652044696C6174696F6E3A20256C96
:10AA4600642028636830292C20256C6420286368DC
:10AA560031290046495845445F54494D45323A200C
:10AA6600256C642028636830292C20256C642028F6
:10AA760063683129004655444745303A20256C64C1
:10AA86002028636830292C20256C642028636831CF
:10AA9600290023205479706520616E7920636861EE
:10AAA60072616374657220666F7220636F6E666989
:10AAB60067206D656E750023204E6F20434F41520F
:10AAC60053455F434C4F434B2E2E2E206973203146
:10AAD60030204D487A20636F6E6E65637465643FFF
:10AAE600002320496E207365636F6E64617279205E
:10AAF6006D6F646520616E642077616974696E6745
:10AB060020666F722073796E632E2E2E00232074BA
:10AB1600696D657374616D7020287365636F6E640B
:10AB2600732077697468200020646563696D616CC1
:10AB360020706C61636573290023207061697265FA
:10AB460064206368616E6E656C2D6F726465722039
:10AB560074696D657374616D7020287365636F6EBB
:10AB6600647320776974682000232074696D6520FA
:10AB7600696E74657276616C20412D3E42202873A1
:10AB860065636F6E64732077697468200023207094
:10AB96006572696F6420287365636F6E64732077CE
:10ABA6006974682000232074696D657374616D7023
:10ABB600206368302C206368313B20696E746572AF
:10ABC60076616C206368412D3E4220287365636F71
:10ABD6006E647320776974682000232074696D653C
:10ABE600312074696D653220636C6F636B3120634D
:10ABF600616C312063616C322050494373746F700D
:10AC060020746F662074696D657374616D700023BE
:10AC16002042696E6172792054696D657374616D45
:10AC260070206D6F6465202D203132206279746545
:10AC3600206672616D65733A0023206865616465FC
:10AC4600722028307835352C30784141292C206304
:10AC560068616E6E656C2028312062797465292CD6
:10AC66002050494373746F702028342062797465CC
:10AC760073292C20746F66202834206279746573DA
:10AC8600292C2043524320283120627974652900FB
:10AC960023206E756C6C206F7574707574206D6FE3
:10ACA6006465202D206E6F2064617461002320523C
:10ACB6006573746172742072657175657374656409
:10ACC6002C207265696E697469616C697A696E6750
:10ACD6002073797374656D2E2E2E00426175642083
:10ACE6005261746500436C6F636B205370656564D5
:10ACF60000436F61727365205469636B005772611C
:10AD0600702044696769747300446563696D616C9A
:10AD160020506C616365730053796E63204D6F64D8
:10AD260065004368616E6E656C204E616D657300EB
:10AD3600506F6C6C20436861726163746572005376
:0AAD460074617274204564676500B3
:00000001FF
